{
    "rank": "uploads/position/1-pos-top40charts.png",
    "youTubeUrl": "http://www.youtube.com/results?search_query=Michael%20Jackson%20-%20Billie%20Jean",
    "artist": "Michael Jackson",
    "songTitle": "Billie Jean"
},{
    "rank": "uploads/position/2-pos-top40charts.png",
    "youTubeUrl": "http://www.youtube.com/results?search_query=Pink%20Floyd%20-%20Another%20Brick%20In%20The%20Wall",
    "artist": "Pink Floyd",
    "songTitle": "Another Brick In The Wall"
},{
    "rank": "uploads/position/3-pos-top40charts.png",
    "youTubeUrl": "http://www.youtube.com/results?search_query=Olivia%20Newton%20-%20John%20-%20Magic",
    "artist": "Olivia Newton John",
    "songTitle": "Magic"
},{
    "rank": "uploads/position/4-pos-top40charts.png",
    "youTubeUrl": "http://www.youtube.com/results?search_query=Michael%20Jackson%20-%20Rock%20With%20You",
    "artist": "Michael Jackson",
    "songTitle": "Rock With You"
},{
    "rank": "uploads/position/5-pos-top40charts.png",
    "youTubeUrl": "http://www.youtube.com/results?search_query=Captain%20And%20Tenille%20-%20Do%20That%20To%20Me%20One%20More%20Time",
    "artist": "Captain And Tenille",
    "songTitle": "Do That To Me One More Time"
},{
    "rank": "uploads/position/6-pos-top40charts.png",
    "youTubeUrl": "http://www.youtube.com/results?search_query=Paul%20McCartney%20-%20Coming%20Up",
    "artist": "Paul McCartney",
    "songTitle": "Coming Up"
},{
    "rank": "uploads/position/7-pos-top40charts.png",
    "youTubeUrl": "http://www.youtube.com/results?search_query=Lipps%20Inc%20-%20Funkytown",
    "artist": "Lipps Inc",
    "songTitle": "Funkytown"
},{
    "rank": "uploads/position/8-pos-top40charts.png",
    "youTubeUrl": "http://www.youtube.com/results?search_query=Billy%20Joel%20-%20It%27s%20Still%20Rock%20And%20Roll%20To%20Me",
    "artist": "Billy Joel",
    "songTitle": "It's Still Rock And Roll To Me"
},{
    "rank": "uploads/position/9-pos-top40charts.png",
    "youTubeUrl": "http://www.youtube.com/results?search_query=Bette%20Midler%20The%20Rose",
    "artist": "Bette Midler",
    "songTitle": "The Rose"
},{
    "rank": "uploads/position/10-pos-top40charts.png",
    "youTubeUrl": "http://www.youtube.com/results?search_query=Rupert%20Holmes%20-%20Escape%20(The%20Pina%20Colada%20Song)",
    "artist": "Rupert Holmes",
    "songTitle": "Escape (The Pina Colada Song)"
},{
    "rank": "uploads/position/11-pos-top40charts.png",
    "youTubeUrl": "http://www.youtube.com/results?search_query=Gary%20Numan%20-%20Cars",
    "artist": "Gary Numan",
    "songTitle": "Cars"
},{
    "rank": "uploads/position/12-pos-top40charts.png",
    "youTubeUrl": "http://www.youtube.com/results?search_query=Smokey%20Robinson%20-%20Crusin",
    "artist": "Smokey Robinson",
    "songTitle": "Crusin'"
},{
    "rank": "uploads/position/13-pos-top40charts.png",
    "youTubeUrl": "http://www.youtube.com/results?search_query=Spinners%20-%20Working%20My%20Way%20Back%20To%20You",
    "artist": "Spinners",
    "songTitle": "Working My Way Back To You"
},{
    "rank": "uploads/position/14-pos-top40charts.png",
    "youTubeUrl": "http://www.youtube.com/results?search_query=Air%20Supply%20-%20Lost%20In%20Love",
    "artist": "Air Supply",
    "songTitle": "Lost In Love"
},{
    "rank": "uploads/position/15-pos-top40charts.png",
    "youTubeUrl": "http://www.youtube.com/results?search_query=Elton%20John%20-%20Little%20Jeannie",
    "artist": "Elton John",
    "songTitle": "Little Jeannie"
},{
    "rank": "uploads/position/16-pos-top40charts.png",
    "youTubeUrl": "http://www.youtube.com/results?search_query=Christopher%20Cross%20-%20Ride%20Like%20The%20Wind",
    "artist": "Christopher Cross",
    "songTitle": "Ride Like The Wind"
},{
    "rank": "uploads/position/17-pos-top40charts.png",
    "youTubeUrl": "http://www.youtube.com/results?search_query=Diana%20Ross%20-%20Upside%20Down",
    "artist": "Diana Ross",
    "songTitle": "Upside Down"
},{
    "rank": "uploads/position/18-pos-top40charts.png",
    "youTubeUrl": "http://www.youtube.com/results?search_query=KC%20The%20Sunshine%20Band%20-%20Please%20Don%27t%20Go",
    "artist": "KC & The Sunshine Band",
    "songTitle": "Please Don't Go"
},{
    "rank": "uploads/position/19-pos-top40charts.png",
    "youTubeUrl": "http://www.youtube.com/results?search_query=Styx%20-%20Babe",
    "artist": "Styx",
    "songTitle": "Babe"
},{
    "rank": "uploads/position/20-pos-top40charts.png",
    "youTubeUrl": "http://www.youtube.com/results?search_query=Billy%20Preston%20&%20Syreeta%20-%20With%20You%20I%27m%20Born%20Again",
    "artist": "Billy Preston & Syreeta",
    "songTitle": "With You I'm Born Again"
},{
    "rank": "uploads/position/21-pos-top40charts.png",
    "youTubeUrl": "http://www.youtube.com/results?search_query=Manhattans%20-%20Shining%20Star",
    "artist": "Manhattans",
    "songTitle": "Shining Star"
},{
    "rank": "uploads/position/22-pos-top40charts.png",
    "youTubeUrl": "http://www.youtube.com/results?search_query=Commodores%20-%20Still",
    "artist": "Commodores",
    "songTitle": "Still"
},{
    "rank": "uploads/position/23-pos-top40charts.png",
    "youTubeUrl": "http://www.youtube.com/results?search_query=Teri%20Desario%20KC%20-%20Yes,%20I%27m%20Ready",
    "artist": "Teri Desario & KC",
    "songTitle": "Yes, I'm Ready"
},{
    "rank": "uploads/position/24-pos-top40charts.png",
    "youTubeUrl": "http://www.youtube.com/results?search_query=Dr%20Hook%20-%20Sexy%20Eyes",
    "artist": "Dr Hook",
    "songTitle": "Sexy Eyes"
},{
    "rank": "uploads/position/25-pos-top40charts.png",
    "youTubeUrl": "http://www.youtube.com/results?search_query=Robbie%20Dupree%20-%20Steal%20Away",
    "artist": "Robbie Dupree",
    "songTitle": "Steal Away"
},{
    "rank": "uploads/position/26-pos-top40charts.png",
    "youTubeUrl": "http://www.youtube.com/results?search_query=Ambrosia%20-%20Biggest%20Part%20Of%20Me",
    "artist": "Ambrosia",
    "songTitle": "Biggest Part Of Me"
},{
    "rank": "uploads/position/27-pos-top40charts.png",
    "youTubeUrl": "http://www.youtube.com/results?search_query=Kenny%20Loggins%20-%20This%20Is%20It",
    "artist": "Kenny Loggins",
    "songTitle": "This Is It"
},{
    "rank": "uploads/position/28-pos-top40charts.png",
    "youTubeUrl": "http://www.youtube.com/results?search_query=Spinners%20-%20Cupid",
    "artist": "Spinners",
    "songTitle": "Cupid"
},{
    "rank": "uploads/position/29-pos-top40charts.png",
    "youTubeUrl": "http://www.youtube.com/results?search_query=Jermaine%20Jackson%20-%20Let%27s%20Get%20Serious",
    "artist": "Jermaine Jackson",
    "songTitle": "Let's Get Serious"
},{
    "rank": "uploads/position/30-pos-top40charts.png",
    "youTubeUrl": "http://www.youtube.com/results?search_query=Kenny%20Rogers%20Kim%20Carnes%20-%20Don%27t%20Fall%20In%20Love%20With%20A%20Dreamer",
    "artist": "Kenny Rogers & Kim Carnes",
    "songTitle": "Don't Fall In Love With A Dreamer"
},{
    "rank": "uploads/position/31-pos-top40charts.png",
    "youTubeUrl": "http://www.youtube.com/results?search_query=Christopher%20Cross%20-%20Sailing",
    "artist": "Christopher Cross",
    "songTitle": "Sailing"
},{
    "rank": "uploads/position/32-pos-top40charts.png",
    "youTubeUrl": "http://www.youtube.com/results?search_query=Dan%20Fogelberg%20-%20Longer",
    "artist": "Dan Fogelberg",
    "songTitle": "Longer"
},{
    "rank": "uploads/position/33-pos-top40charts.png",
    "youTubeUrl": "http://www.youtube.com/results?search_query=Kenny%20Rogers%20-%20Coward%20Of%20The%20County",
    "artist": "Kenny Rogers",
    "songTitle": "Coward Of The County"
},{
    "rank": "uploads/position/34-pos-top40charts.png",
    "youTubeUrl": "http://www.youtube.com/results?search_query=Kool%20The%20Gang%20-%20Ladies%20Night",
    "artist": "Kool & The Gang",
    "songTitle": "Ladies Night"
},{
    "rank": "uploads/position/35-pos-top40charts.png",
    "youTubeUrl": "http://www.youtube.com/results?search_query=Kool%20The%20Gang%20-%20Too%20Hot",
    "artist": "Kool & The Gang",
    "songTitle": "Too Hot"
},{
    "rank": "uploads/position/36-pos-top40charts.png",
    "youTubeUrl": "http://www.youtube.com/results?search_query=Sos%20Band%20-%20Take%20Your%20Time%20(Do%20It%20Right)",
    "artist": "Sos Band",
    "songTitle": "Take Your Time (Do It Right)"
},{
    "rank": "uploads/position/37-pos-top40charts.png",
    "youTubeUrl": "http://www.youtube.com/results?search_query=Barbra%20Streisand%20Donna%20Summer%20-%20No%20More%20Tears",
    "artist": "Barbra Streisand & Donna Summer",
    "songTitle": "No More Tears"
},{
    "rank": "uploads/position/38-pos-top40charts.png",
    "youTubeUrl": "http://www.youtube.com/results?search_query=Kim%20Carnes%20-%20More%20Love",
    "artist": "Kim Carnes",
    "songTitle": "More Love"
},{
    "rank": "uploads/position/39-pos-top40charts.png",
    "youTubeUrl": "http://www.youtube.com/results?search_query=M%20-%20Pop%20Music",
    "artist": "M",
    "songTitle": "Pop Music"
}