{
    "rank": "uploads/position/1-pos-top40charts.png",
    "youTubeUrl": "http://www.youtube.com/results?search_query=Kim%20Carnes%20-%20Bette%20Davis%20Eyes",
    "artist": "Kim Carnes",
    "songTitle": "Bette Davis Eyes"
},{
    "rank": "uploads/position/2-pos-top40charts.png",
    "youTubeUrl": "http://www.youtube.com/results?search_query=Diana%20Ross%20Lionel%20Richie%20-%20Endless%20Love",
    "artist": "Diana Ross & Lionel Richie",
    "songTitle": "Endless Love"
},{
    "rank": "uploads/position/3-pos-top40charts.png",
    "youTubeUrl": "http://www.youtube.com/results?search_query=Kenny%20Rogers%20-%20Lady",
    "artist": "Kenny Rogers",
    "songTitle": "Lady"
},{
    "rank": "uploads/position/4-pos-top40charts.png",
    "youTubeUrl": "http://www.youtube.com/results?search_query=John%20Lennon%20-%20(Just%20Like)%20Starting%20Over",
    "artist": "John Lennon",
    "songTitle": "(Just Like) Starting Over"
},{
    "rank": "uploads/position/5-pos-top40charts.png",
    "youTubeUrl": "http://www.youtube.com/results?search_query=Rick%20Springfield%20-%20Jessie%27s%20Girl",
    "artist": "Rick Springfield",
    "songTitle": "Jessie's Girl"
},{
    "rank": "uploads/position/6-pos-top40charts.png",
    "youTubeUrl": "http://www.youtube.com/results?search_query=Kool%20The%20Gang%20-%20Celebration",
    "artist": "Kool & The Gang",
    "songTitle": "Celebration"
},{
    "rank": "uploads/position/7-pos-top40charts.png",
    "youTubeUrl": "http://www.youtube.com/results?search_query=Hall%20Oates%20-%20Kiss%20On%20My%20List",
    "artist": "Hall & Oates",
    "songTitle": "Kiss On My List"
},{
    "rank": "uploads/position/8-pos-top40charts.png",
    "youTubeUrl": "http://www.youtube.com/results?search_query=Eddie%20Rabbitt%20-%20I%20Love%20A%20Rainy%20Night",
    "artist": "Eddie Rabbitt",
    "songTitle": "I Love A Rainy Night"
},{
    "rank": "uploads/position/9-pos-top40charts.png",
    "youTubeUrl": "http://www.youtube.com/results?search_query=Dolly%20Parton%20-%209%20To%205",
    "artist": "Dolly Parton",
    "songTitle": "9 To 5"
},{
    "rank": "uploads/position/10-pos-top40charts.png",
    "youTubeUrl": "http://www.youtube.com/results?search_query=Reo%20Speedwagon%20-%20Keep%20On%20Loving%20You",
    "artist": "Reo Speedwagon",
    "songTitle": "Keep On Loving You"
},{
    "rank": "uploads/position/11-pos-top40charts.png",
    "youTubeUrl": "http://www.youtube.com/results?search_query=Joey%20Scarbury%20-%20Greatest%20American%20Hero%20(Believe%20It%20Or%20Not)",
    "artist": "Joey Scarbury",
    "songTitle": "Greatest American Hero (Believe It Or Not)"
},{
    "rank": "uploads/position/12-pos-top40charts.png",
    "youTubeUrl": "http://www.youtube.com/results?search_query=Sheena%20Easton%20-%20Morning%20Train%20(Nine%20To%20Five)",
    "artist": "Sheena Easton",
    "songTitle": "Morning Train (Nine To Five)"
},{
    "rank": "uploads/position/13-pos-top40charts.png",
    "youTubeUrl": "http://www.youtube.com/results?search_query=Smokey%20Robinson%20-%20Being%20With%20You",
    "artist": "Smokey Robinson",
    "songTitle": "Being With You"
},{
    "rank": "uploads/position/14-pos-top40charts.png",
    "youTubeUrl": "http://www.youtube.com/results?search_query=Juice%20Newton%20-%20Queen%20Of%20Hearts",
    "artist": "Juice Newton",
    "songTitle": "Queen Of Hearts"
},{
    "rank": "uploads/position/15-pos-top40charts.png",
    "youTubeUrl": "http://www.youtube.com/results?search_query=Blondie%20-%20Rapture",
    "artist": "Blondie",
    "songTitle": "Rapture"
},{
    "rank": "uploads/position/16-pos-top40charts.png",
    "youTubeUrl": "http://www.youtube.com/results?search_query=Ray%20Parker%20Jr.%20Raydio%20-%20A%20Woman%20Needs%20Love",
    "artist": "Ray Parker Jr. & Raydio",
    "songTitle": "A Woman Needs Love"
},{
    "rank": "uploads/position/17-pos-top40charts.png",
    "youTubeUrl": "http://www.youtube.com/results?search_query=Blondie%20-%20The%20Tide%20Is%20High",
    "artist": "Blondie",
    "songTitle": "The Tide Is High"
},{
    "rank": "uploads/position/18-pos-top40charts.png",
    "youTubeUrl": "http://www.youtube.com/results?search_query=Grover%20Washington%20Jr.%20Bill%20Withers%20-%20Just%20The%20Two%20Of%20Us",
    "artist": "Grover Washington Jr. & Bill Withers",
    "songTitle": "Just The Two Of Us"
},{
    "rank": "uploads/position/19-pos-top40charts.png",
    "youTubeUrl": "http://www.youtube.com/results?search_query=Pointer%20Sisters%20-%20Slow%20Hand",
    "artist": "Pointer Sisters",
    "songTitle": "Slow Hand"
},{
    "rank": "uploads/position/20-pos-top40charts.png",
    "youTubeUrl": "http://www.youtube.com/results?search_query=Climax%20Blues%20Band%20-%20I%20Love%20You",
    "artist": "Climax Blues Band",
    "songTitle": "I Love You"
},{
    "rank": "uploads/position/21-pos-top40charts.png",
    "youTubeUrl": "http://www.youtube.com/results?search_query=John%20Lennon%20-%20Woman",
    "artist": "John Lennon",
    "songTitle": "Woman"
},{
    "rank": "uploads/position/22-pos-top40charts.png",
    "youTubeUrl": "http://www.youtube.com/results?search_query=Taste%20Of%20Honey%20-%20Sukiyaki",
    "artist": "Taste Of Honey",
    "songTitle": "Sukiyaki"
},{
    "rank": "uploads/position/23-pos-top40charts.png",
    "youTubeUrl": "http://www.youtube.com/results?search_query=Abba%20-%20The%20Winner%20Takes%20It%20All",
    "artist": "Abba",
    "songTitle": "The Winner Takes It All"
},{
    "rank": "uploads/position/24-pos-top40charts.png",
    "youTubeUrl": "http://www.youtube.com/results?search_query=Stars%20On%2045%20-%20Medley",
    "artist": "Stars On 45",
    "songTitle": "Medley"
},{
    "rank": "uploads/position/25-pos-top40charts.png",
    "youTubeUrl": "http://www.youtube.com/results?search_query=Juice%20Newton%20-%20Angel%20Of%20The%20Morning",
    "artist": "Juice Newton",
    "songTitle": "Angel Of The Morning"
},{
    "rank": "uploads/position/26-pos-top40charts.png",
    "youTubeUrl": "http://www.youtube.com/results?search_query=Neil%20Diamond%20-%20Love%20On%20The%20Rocks",
    "artist": "Neil Diamond",
    "songTitle": "Love On The Rocks"
},{
    "rank": "uploads/position/27-pos-top40charts.png",
    "youTubeUrl": "http://www.youtube.com/results?search_query=Air%20Supply%20-%20Every%20Woman%20In%20The%20World",
    "artist": "Air Supply",
    "songTitle": "Every Woman In The World"
},{
    "rank": "uploads/position/28-pos-top40charts.png",
    "youTubeUrl": "http://www.youtube.com/results?search_query=Air%20Supply%20-%20The%20One%20That%20You%20Love",
    "artist": "Air Supply",
    "songTitle": "The One That You Love"
},{
    "rank": "uploads/position/29-pos-top40charts.png",
    "youTubeUrl": "http://www.youtube.com/results?search_query=Barbra%20Streisand%20Barry%20Gibb%20-%20Guilty",
    "artist": "Barbra Streisand & Barry Gibb",
    "songTitle": "Guilty"
},{
    "rank": "uploads/position/30-pos-top40charts.png",
    "youTubeUrl": "http://www.youtube.com/results?search_query=Styx%20-%20The%20Best%20Of%20Times",
    "artist": "Styx",
    "songTitle": "The Best Of Times"
},{
    "rank": "uploads/position/31-pos-top40charts.png",
    "youTubeUrl": "http://www.youtube.com/results?search_query=Oak%20Ridge%20Boys%20-%20Elvira",
    "artist": "Oak Ridge Boys",
    "songTitle": "Elvira"
},{
    "rank": "uploads/position/32-pos-top40charts.png",
    "youTubeUrl": "http://www.youtube.com/results?search_query=Reo%20Speedwagon%20-%20Take%20It%20On%20The%20Run",
    "artist": "Reo Speedwagon",
    "songTitle": "Take It On The Run"
},{
    "rank": "uploads/position/33-pos-top40charts.png",
    "youTubeUrl": "http://www.youtube.com/results?search_query=Ronnie%20Milsap%20-%20There%27s%20No%20Gettin%27%20Over%20Me",
    "artist": "Ronnie Milsap",
    "songTitle": "There's No Gettin' Over Me"
},{
    "rank": "uploads/position/34-pos-top40charts.png",
    "youTubeUrl": "http://www.youtube.com/results?search_query=Gino%20Vannelli%20-%20Living%20Inside%20Myself",
    "artist": "Gino Vannelli",
    "songTitle": "Living Inside Myself"
},{
    "rank": "uploads/position/35-pos-top40charts.png",
    "youTubeUrl": "http://www.youtube.com/results?search_query=Barbra%20Streisand%20-%20Woman%20In%20Love",
    "artist": "Barbra Streisand",
    "songTitle": "Woman In Love"
},{
    "rank": "uploads/position/36-pos-top40charts.png",
    "youTubeUrl": "http://www.youtube.com/results?search_query=Manhattan%20Transfer%20-%20Boy%20From%20New%20York%20City",
    "artist": "Manhattan Transfer",
    "songTitle": "Boy From New York City"
},{
    "rank": "uploads/position/37-pos-top40charts.png",
    "youTubeUrl": "http://www.youtube.com/results?search_query=Foreigner%20-%20Urgent",
    "artist": "Foreigner",
    "songTitle": "Urgent"
},{
    "rank": "uploads/position/38-pos-top40charts.png",
    "youTubeUrl": "http://www.youtube.com/results?search_query=Rod%20Stewart%20-%20Passion",
    "artist": "Rod Stewart",
    "songTitle": "Passion"
},{
    "rank": "uploads/position/39-pos-top40charts.png",
    "youTubeUrl": "http://www.youtube.com/results?search_query=Commodores%20-%20Lady%20(You%20Bring%20Me%20Up)",
    "artist": "Commodores",
    "songTitle": "Lady (You Bring Me Up)"
},{
    "rank": "uploads/position/40-pos-top40charts.png",
    "youTubeUrl": "http://www.youtube.com/results?search_query=Don%20McLean%20-%20Crying",
    "artist": "Don McLean",
    "songTitle": "Crying"
}