{
    "rank": "uploads/position/1-pos-top40charts.png",
    "youTubeUrl": "http://www.youtube.com/results?search_query=Olivia%20Newton%20-%20John%20-%20Physical",
    "artist": "Olivia Newton John",
    "songTitle": "Physical"
},{
    "rank": "uploads/position/2-pos-top40charts.png",
    "youTubeUrl": "http://www.youtube.com/results?search_query=Survivor%20-%20Eye%20Of%20The%20Tiger",
    "artist": "Survivor",
    "songTitle": "Eye Of The Tiger"
},{
    "rank": "uploads/position/3-pos-top40charts.png",
    "youTubeUrl": "http://www.youtube.com/results?search_query=Joan%20Jett%20-%20I%20Love%20Rock%20Roll",
    "artist": "Joan Jett",
    "songTitle": "I Love Rock & Roll"
},{
    "rank": "uploads/position/4-pos-top40charts.png",
    "youTubeUrl": "http://www.youtube.com/results?search_query=Paul%20McCartney%20Stevie%20Wonder%20-%20Ebony%20And%20Ivory",
    "artist": "Paul McCartney & Stevie Wonder",
    "songTitle": "Ebony And Ivory"
},{
    "rank": "uploads/position/5-pos-top40charts.png",
    "youTubeUrl": "http://www.youtube.com/results?search_query=J%20Geils%20Band%20-%20Centerfold",
    "artist": "J Geils Band",
    "songTitle": "Centerfold"
},{
    "rank": "uploads/position/6-pos-top40charts.png",
    "youTubeUrl": "http://www.youtube.com/results?search_query=Human%20League%20-%20Don%27t%20You%20Want%20Me",
    "artist": "Human League",
    "songTitle": "Don't You Want Me"
},{
    "rank": "uploads/position/7-pos-top40charts.png",
    "youTubeUrl": "http://www.youtube.com/results?search_query=John%20Cougar%20Mellencamp%20-%20Jack%20And%20Diane",
    "artist": "John Cougar Mellencamp",
    "songTitle": "Jack And Diane"
},{
    "rank": "uploads/position/8-pos-top40charts.png",
    "youTubeUrl": "http://www.youtube.com/results?search_query=John%20Cougar%20Mellencamp%20-%20Hurts%20So%20Good",
    "artist": "John Cougar Mellencamp",
    "songTitle": "Hurts So Good"
},{
    "rank": "uploads/position/9-pos-top40charts.png",
    "youTubeUrl": "http://www.youtube.com/results?search_query=Steve%20Miller%20Band%20-%20Abracadabra",
    "artist": "Steve Miller Band",
    "songTitle": "Abracadabra"
},{
    "rank": "uploads/position/10-pos-top40charts.png",
    "youTubeUrl": "http://www.youtube.com/results?search_query=Chicago%20-%20Hard%20To%20Say%20I%27m%20Sorry",
    "artist": "Chicago",
    "songTitle": "Hard To Say I'm Sorry"
},{
    "rank": "uploads/position/11-pos-top40charts.png",
    "youTubeUrl": "http://www.youtube.com/results?search_query=Soft%20Cell%20-%20Tainted%20Love",
    "artist": "Soft Cell",
    "songTitle": "Tainted Love"
},{
    "rank": "uploads/position/12-pos-top40charts.png",
    "youTubeUrl": "http://www.youtube.com/results?search_query=Vangelis%20-%20Chariots%20Of%20Fire",
    "artist": "Vangelis",
    "songTitle": "Chariots Of Fire"
},{
    "rank": "uploads/position/13-pos-top40charts.png",
    "youTubeUrl": "http://www.youtube.com/results?search_query=Quarterflash%20-%20Harden%20My%20Heart",
    "artist": "Quarterflash",
    "songTitle": "Harden My Heart"
},{
    "rank": "uploads/position/14-pos-top40charts.png",
    "youTubeUrl": "http://www.youtube.com/results?search_query=Toto%20-%20Rosanna",
    "artist": "Toto",
    "songTitle": "Rosanna"
},{
    "rank": "uploads/position/15-pos-top40charts.png",
    "youTubeUrl": "http://www.youtube.com/results?search_query=Hall%20Oates%20-%20I%20Can%27t%20Go%20For%20That",
    "artist": "Hall & Oates",
    "songTitle": "I Can't Go For That"
},{
    "rank": "uploads/position/16-pos-top40charts.png",
    "youTubeUrl": "http://www.youtube.com/results?search_query=Tommy%20Tutone%20-%208675309%20-%20Jenny",
    "artist": "Tommy Tutone",
    "songTitle": "86753090 Jenny"
},{
    "rank": "uploads/position/17-pos-top40charts.png",
    "youTubeUrl": "http://www.youtube.com/results?search_query=Bertie%20Higgins%20-%20Key%20Largo",
    "artist": "Bertie Higgins",
    "songTitle": "Key Largo"
},{
    "rank": "uploads/position/18-pos-top40charts.png",
    "youTubeUrl": "http://www.youtube.com/results?search_query=Melissa%20Manchester%20-%20You%20Should%20Hear%20How%20She%20Talks%20About%20You",
    "artist": "Melissa Manchester",
    "songTitle": "You Should Hear How She Talks About You"
},{
    "rank": "uploads/position/19-pos-top40charts.png",
    "youTubeUrl": "http://www.youtube.com/results?search_query=Foreigner%20-%20Waiting%20For%20A%20Girl%20Like%20You",
    "artist": "Foreigner",
    "songTitle": "Waiting For A Girl Like You"
},{
    "rank": "uploads/position/20-pos-top40charts.png",
    "youTubeUrl": "http://www.youtube.com/results?search_query=Rick%20Springfield%20-%20Don%27t%20Talk%20To%20Strangers",
    "artist": "Rick Springfield",
    "songTitle": "Don't Talk To Strangers"
},{
    "rank": "uploads/position/21-pos-top40charts.png",
    "youTubeUrl": "http://www.youtube.com/results?search_query=Juice%20Newton%20-%20The%20Sweetest%20Thing%20(I%27ve%20Ever%20Known)",
    "artist": "Juice Newton",
    "songTitle": "The Sweetest Thing (I've Ever Known)"
},{
    "rank": "uploads/position/22-pos-top40charts.png",
    "youTubeUrl": "http://www.youtube.com/results?search_query=Willie%20Nelson%20-%20Always%20On%20My%20Mind",
    "artist": "Willie Nelson",
    "songTitle": "Always On My Mind"
},{
    "rank": "uploads/position/23-pos-top40charts.png",
    "youTubeUrl": "http://www.youtube.com/results?search_query=Cars%20-%20Shake%20It%20Up",
    "artist": "Cars",
    "songTitle": "Shake It Up"
},{
    "rank": "uploads/position/24-pos-top40charts.png",
    "youTubeUrl": "http://www.youtube.com/results?search_query=Dazz%20Band%20-%20Let%20It%20Whip",
    "artist": "Dazz Band",
    "songTitle": "Let It Whip"
},{
    "rank": "uploads/position/25-pos-top40charts.png",
    "youTubeUrl": "http://www.youtube.com/results?search_query=Go%20-%20Gos%20-%20We%20Got%20The%20Beat",
    "artist": "GoGoes",
    "songTitle": "We Got The Beat"
},{
    "rank": "uploads/position/26-pos-top40charts.png",
    "youTubeUrl": "http://www.youtube.com/results?search_query=Ray%20Parker%20Jr%20-%20The%20Other%20Woman",
    "artist": "Ray Parker Jr",
    "songTitle": "The Other Woman"
},{
    "rank": "uploads/position/27-pos-top40charts.png",
    "youTubeUrl": "http://www.youtube.com/results?search_query=George%20Benson%20-%20Turn%20Your%20Love%20Around",
    "artist": "George Benson",
    "songTitle": "Turn Your Love Around"
},{
    "rank": "uploads/position/28-pos-top40charts.png",
    "youTubeUrl": "http://www.youtube.com/results?search_query=Air%20Supply%20-%20Sweet%20Dreams",
    "artist": "Air Supply",
    "songTitle": "Sweet Dreams"
},{
    "rank": "uploads/position/29-pos-top40charts.png",
    "youTubeUrl": "http://www.youtube.com/results?search_query=Motels%20-%20Only%20The%20Lonely",
    "artist": "Motels",
    "songTitle": "Only The Lonely"
},{
    "rank": "uploads/position/30-pos-top40charts.png",
    "youTubeUrl": "http://www.youtube.com/results?search_query=Men%20At%20Work%20-%20Who%20Can%20It%20Be%20Now",
    "artist": "Men At Work",
    "songTitle": "Who Can It Be Now"
},{
    "rank": "uploads/position/31-pos-top40charts.png",
    "youTubeUrl": "http://www.youtube.com/results?search_query=Fleetwood%20Mac%20-%20Hold%20Me",
    "artist": "Fleetwood Mac",
    "songTitle": "Hold Me"
},{
    "rank": "uploads/position/32-pos-top40charts.png",
    "youTubeUrl": "http://www.youtube.com/results?search_query=Alan%20Parsons%20Project%20-%20Eye%20In%20The%20Sky",
    "artist": "Alan Parsons Project",
    "songTitle": "Eye In The Sky"
},{
    "rank": "uploads/position/33-pos-top40charts.png",
    "youTubeUrl": "http://www.youtube.com/results?search_query=Earth%20Wind%20&%20Fire%20-%20Lets%20Groove",
    "artist": "Earth Wind & Fire",
    "songTitle": "Lets Groove"
},{
    "rank": "uploads/position/34-pos-top40charts.png",
    "youTubeUrl": "http://www.youtube.com/results?search_query=Journey%20-%20Open%20Arms",
    "artist": "Journey",
    "songTitle": "Open Arms"
},{
    "rank": "uploads/position/35-pos-top40charts.png",
    "youTubeUrl": "http://www.youtube.com/results?search_query=Dan%20Fogelberg%20-%20Leader%20Of%20The%20Band",
    "artist": "Dan Fogelberg",
    "songTitle": "Leader Of The Band"
},{
    "rank": "uploads/position/36-pos-top40charts.png",
    "youTubeUrl": "http://www.youtube.com/results?search_query=Stevie%20Nicks%20Don%20Henley%20-%20Leather%20And%20Lace",
    "artist": "Stevie Nicks & Don Henley",
    "songTitle": "Leather And Lace"
},{
    "rank": "uploads/position/37-pos-top40charts.png",
    "youTubeUrl": "http://www.youtube.com/results?search_query=Air%20Supply%20-%20Even%20The%20Nights%20Are%20Better",
    "artist": "Air Supply",
    "songTitle": "Even The Nights Are Better"
},{
    "rank": "uploads/position/38-pos-top40charts.png",
    "youTubeUrl": "http://www.youtube.com/results?search_query=Charlene%20-%20I%27ve%20Never%20Been%20To%20Me",
    "artist": "Charlene",
    "songTitle": "I've Never Been To Me"
},{
    "rank": "uploads/position/39-pos-top40charts.png",
    "youTubeUrl": "http://www.youtube.com/results?search_query=Paul%20Davis%20-%20%2765%20Love%20Affair",
    "artist": "Paul Davis",
    "songTitle": "'65 Love Affair"
},{
    "rank": "uploads/position/40-pos-top40charts.png",
    "youTubeUrl": "http://www.youtube.com/results?search_query=Asia%20-%20Heat%20Of%20The%20Moment",
    "artist": "Asia",
    "songTitle": "Heat Of The Moment"
}