{
    "rank": "uploads/position/1-pos-top40charts.png",
    "youTubeUrl": "http://www.youtube.com/results?search_query=Police%20-%20Every%20Breath%20You%20Take",
    "artist": "Police",
    "songTitle": "Every Breath You Take"
},{
    "rank": "uploads/position/2-pos-top40charts.png",
    "youTubeUrl": "http://www.youtube.com/results?search_query=Michael%20Jackson%20-%20Billie%20Jean",
    "artist": "Michael Jackson",
    "songTitle": "Billie Jean"
},{
    "rank": "uploads/position/3-pos-top40charts.png",
    "youTubeUrl": "http://www.youtube.com/results?search_query=Irene%20Cara%20-%20Flashdance",
    "artist": "Irene Cara",
    "songTitle": "Flashdance"
},{
    "rank": "uploads/position/4-pos-top40charts.png",
    "youTubeUrl": "http://www.youtube.com/results?search_query=Men%20At%20Work%20-%20Down%20Under",
    "artist": "Men At Work",
    "songTitle": "Down Under"
},{
    "rank": "uploads/position/5-pos-top40charts.png",
    "youTubeUrl": "http://www.youtube.com/results?search_query=Michael%20Jackson%20-%20Beat%20It",
    "artist": "Michael Jackson",
    "songTitle": "Beat It"
},{
    "rank": "uploads/position/6-pos-top40charts.png",
    "youTubeUrl": "http://www.youtube.com/results?search_query=Bonnie%20Tyler%20-%20Total%20Eclipse%20Of%20The%20Heart",
    "artist": "Bonnie Tyler",
    "songTitle": "Total Eclipse Of The Heart"
},{
    "rank": "uploads/position/7-pos-top40charts.png",
    "youTubeUrl": "http://www.youtube.com/results?search_query=Hall%20And%20Oates%20-%20Maneater",
    "artist": "Hall And Oates",
    "songTitle": "Maneater"
},{
    "rank": "uploads/position/8-pos-top40charts.png",
    "youTubeUrl": "http://www.youtube.com/results?search_query=Patti%20Austin%20James%20Ingram%20-%20Baby%20Come%20To%20Me",
    "artist": "Patti Austin & James Ingram",
    "songTitle": "Baby Come To Me"
},{
    "rank": "uploads/position/9-pos-top40charts.png",
    "youTubeUrl": "http://www.youtube.com/results?search_query=Michael%20Sembello%20-%20Maniac",
    "artist": "Michael Sembello",
    "songTitle": "Maniac"
},{
    "rank": "uploads/position/10-pos-top40charts.png",
    "youTubeUrl": "http://www.youtube.com/results?search_query=Eurythmics%20-%20Sweet%20Dreams",
    "artist": "Eurythmics",
    "songTitle": "Sweet Dreams"
},{
    "rank": "uploads/position/11-pos-top40charts.png",
    "youTubeUrl": "http://www.youtube.com/results?search_query=Culture%20Club%20-%20Do%20You%20Really%20Want%20To%20Hurt%20Me",
    "artist": "Culture Club",
    "songTitle": "Do You Really Want To Hurt Me"
},{
    "rank": "uploads/position/12-pos-top40charts.png",
    "youTubeUrl": "http://www.youtube.com/results?search_query=Crystal%20Gayle%20Eddie%20Rabbitt%20-%20You%20I",
    "artist": "Crystal Gayle & Eddie Rabbitt",
    "songTitle": "You & I"
},{
    "rank": "uploads/position/13-pos-top40charts.png",
    "youTubeUrl": "http://www.youtube.com/results?search_query=Dexy%27s%20Midnight%20Runners%20-%20Come%20On%20Eileen",
    "artist": "Dexy's Midnight Runners",
    "songTitle": "Come On Eileen"
},{
    "rank": "uploads/position/14-pos-top40charts.png",
    "youTubeUrl": "http://www.youtube.com/results?search_query=Bob%20Seger%20-%20Shame%20On%20The%20Moon",
    "artist": "Bob Seger",
    "songTitle": "Shame On The Moon"
},{
    "rank": "uploads/position/15-pos-top40charts.png",
    "youTubeUrl": "http://www.youtube.com/results?search_query=Donna%20Summer%20-%20She%20Works%20Hard%20For%20The%20Money",
    "artist": "Donna Summer",
    "songTitle": "She Works Hard For The Money"
},{
    "rank": "uploads/position/16-pos-top40charts.png",
    "youTubeUrl": "http://www.youtube.com/results?search_query=Sergio%20Mendes%20-%20Never%20Gonna%20Let%20You%20Go",
    "artist": "Sergio Mendes",
    "songTitle": "Never Gonna Let You Go"
},{
    "rank": "uploads/position/17-pos-top40charts.png",
    "youTubeUrl": "http://www.youtube.com/results?search_query=Duran%20Duran%20-%20Hungry%20Like%20The%20Wolf",
    "artist": "Duran Duran",
    "songTitle": "Hungry Like The Wolf"
},{
    "rank": "uploads/position/18-pos-top40charts.png",
    "youTubeUrl": "http://www.youtube.com/results?search_query=David%20Bowie%20-%20Let%27s%20Dance",
    "artist": "David Bowie",
    "songTitle": "Let's Dance"
},{
    "rank": "uploads/position/19-pos-top40charts.png",
    "youTubeUrl": "http://www.youtube.com/results?search_query=Golden%20Earring%20-%20Twilight%20Zone",
    "artist": "Golden Earring",
    "songTitle": "Twilight Zone"
},{
    "rank": "uploads/position/20-pos-top40charts.png",
    "youTubeUrl": "http://www.youtube.com/results?search_query=Frida%20-%20I%20Know%20There%27s%20Something%20Going%20On",
    "artist": "Frida",
    "songTitle": "I Know There's Something Going On"
},{
    "rank": "uploads/position/21-pos-top40charts.png",
    "youTubeUrl": "http://www.youtube.com/results?search_query=Greg%20Kihn%20Band%20-%20Jeopardy",
    "artist": "Greg Kihn Band",
    "songTitle": "Jeopardy"
},{
    "rank": "uploads/position/22-pos-top40charts.png",
    "youTubeUrl": "http://www.youtube.com/results?search_query=Eddy%20Grant%20-%20Electric%20Avenue",
    "artist": "Eddy Grant",
    "songTitle": "Electric Avenue"
},{
    "rank": "uploads/position/23-pos-top40charts.png",
    "youTubeUrl": "http://www.youtube.com/results?search_query=Thomas%20Dolby%20-%20She%20Blinded%20Me%20With%20Science",
    "artist": "Thomas Dolby",
    "songTitle": "She Blinded Me With Science"
},{
    "rank": "uploads/position/24-pos-top40charts.png",
    "youTubeUrl": "http://www.youtube.com/results?search_query=Toto%20-%20Africa",
    "artist": "Toto",
    "songTitle": "Africa"
},{
    "rank": "uploads/position/25-pos-top40charts.png",
    "youTubeUrl": "http://www.youtube.com/results?search_query=Prince%20-%20Little%20Red%20Corvette",
    "artist": "Prince",
    "songTitle": "Little Red Corvette"
},{
    "rank": "uploads/position/26-pos-top40charts.png",
    "youTubeUrl": "http://www.youtube.com/results?search_query=Pretenders%20-%20Back%20On%20The%20Chain%20Gang",
    "artist": "Pretenders",
    "songTitle": "Back On The Chain Gang"
},{
    "rank": "uploads/position/27-pos-top40charts.png",
    "youTubeUrl": "http://www.youtube.com/results?search_query=Joe%20Cocker%20And%20Jennifer%20Warnes%20-%20Up%20Where%20We%20Belong",
    "artist": "Joe Cocker And Jennifer Warnes",
    "songTitle": "Up Where We Belong"
},{
    "rank": "uploads/position/28-pos-top40charts.png",
    "youTubeUrl": "http://www.youtube.com/results?search_query=Styx%20-%20Mr%20Roboto",
    "artist": "Styx",
    "songTitle": "Mr Roboto"
},{
    "rank": "uploads/position/29-pos-top40charts.png",
    "youTubeUrl": "http://www.youtube.com/results?search_query=Lionel%20Richie%20-%20You%20Are",
    "artist": "Lionel Richie",
    "songTitle": "You Are"
},{
    "rank": "uploads/position/30-pos-top40charts.png",
    "youTubeUrl": "http://www.youtube.com/results?search_query=After%20The%20Fire%20-%20Der%20Kommissar",
    "artist": "After The Fire",
    "songTitle": "Der Kommissar"
},{
    "rank": "uploads/position/31-pos-top40charts.png",
    "youTubeUrl": "http://www.youtube.com/results?search_query=Taco%20-%20Puttin%27%20On%20The%20Ritz",
    "artist": "Taco",
    "songTitle": "Puttin' On The Ritz"
},{
    "rank": "uploads/position/32-pos-top40charts.png",
    "youTubeUrl": "http://www.youtube.com/results?search_query=Marvin%20Gaye%20-%20Sexual%20Healing",
    "artist": "Marvin Gaye",
    "songTitle": "Sexual Healing"
},{
    "rank": "uploads/position/33-pos-top40charts.png",
    "youTubeUrl": "http://www.youtube.com/results?search_query=Human%20League%20-%20(Keep%20Feelin%27)%20Fascination",
    "artist": "Human League",
    "songTitle": "(Keep Feelin') Fascination"
},{
    "rank": "uploads/position/34-pos-top40charts.png",
    "youTubeUrl": "http://www.youtube.com/results?search_query=Culture%20Club%20-%20Time",
    "artist": "Culture Club",
    "songTitle": "Time"
},{
    "rank": "uploads/position/35-pos-top40charts.png",
    "youTubeUrl": "http://www.youtube.com/results?search_query=Men%20Without%20Hats%20-%20Safety%20Dance",
    "artist": "Men Without Hats",
    "songTitle": "Safety Dance"
},{
    "rank": "uploads/position/36-pos-top40charts.png",
    "youTubeUrl": "http://www.youtube.com/results?search_query=Toni%20Basil%20-%20Mickey",
    "artist": "Toni Basil",
    "songTitle": "Mickey"
},{
    "rank": "uploads/position/37-pos-top40charts.png",
    "youTubeUrl": "http://www.youtube.com/results?search_query=Phil%20Collins%20-%20You%20Can%27t%20Hurry%20Love",
    "artist": "Phil Collins",
    "songTitle": "You Can't Hurry Love"
},{
    "rank": "uploads/position/38-pos-top40charts.png",
    "youTubeUrl": "http://www.youtube.com/results?search_query=Journey%20-%20Separate%20Ways",
    "artist": "Journey",
    "songTitle": "Separate Ways"
},{
    "rank": "uploads/position/39-pos-top40charts.png",
    "youTubeUrl": "http://www.youtube.com/results?search_query=Hall%20Oates%20-%20One%20On%20One",
    "artist": "Hall & Oates",
    "songTitle": "One On One"
},{
    "rank": "uploads/position/40-pos-top40charts.png",
    "youTubeUrl": "http://www.youtube.com/results?search_query=Kenny%20Rogers%20Sheena%20Easton%20-%20Weve%20Got%20Tonight",
    "artist": "Kenny Rogers & Sheena Easton",
    "songTitle": "Weve Got Tonight"
}