{
    "rank": "uploads/position/1-pos-top40charts.png",
    "youTubeUrl": "http://www.youtube.com/results?search_query=Prince%20-%20When%20Doves%20Cry",
    "artist": "Prince",
    "songTitle": "When Doves Cry"
},{
    "rank": "uploads/position/2-pos-top40charts.png",
    "youTubeUrl": "http://www.youtube.com/results?search_query=Tina%20Turner%20-%20What%27s%20Love%20Got%20To%20Do%20With%20It",
    "artist": "Tina Turner",
    "songTitle": "What's Love Got To Do With It"
},{
    "rank": "uploads/position/3-pos-top40charts.png",
    "youTubeUrl": "http://www.youtube.com/results?search_query=Paul%20McCartney%20Michael%20Jackson%20-%20Say%20Say%20Say",
    "artist": "Paul McCartney & Michael Jackson",
    "songTitle": "Say Say Say"
},{
    "rank": "uploads/position/4-pos-top40charts.png",
    "youTubeUrl": "http://www.youtube.com/results?search_query=Kenny%20Loggins%20-%20Footloose",
    "artist": "Kenny Loggins",
    "songTitle": "Footloose"
},{
    "rank": "uploads/position/5-pos-top40charts.png",
    "youTubeUrl": "http://www.youtube.com/results?search_query=Phil%20Collins%20-%20Against%20All%20Odds",
    "artist": "Phil Collins",
    "songTitle": "Against All Odds"
},{
    "rank": "uploads/position/6-pos-top40charts.png",
    "youTubeUrl": "http://www.youtube.com/results?search_query=Van%20Halen%20-%20Jump",
    "artist": "Van Halen",
    "songTitle": "Jump"
},{
    "rank": "uploads/position/7-pos-top40charts.png",
    "youTubeUrl": "http://www.youtube.com/results?search_query=Lionel%20Richie%20-%20Hello",
    "artist": "Lionel Richie",
    "songTitle": "Hello"
},{
    "rank": "uploads/position/8-pos-top40charts.png",
    "youTubeUrl": "http://www.youtube.com/results?search_query=Yes%20-%20Owner%20Of%20A%20Lonely%20Heart",
    "artist": "Yes",
    "songTitle": "Owner Of A Lonely Heart"
},{
    "rank": "uploads/position/9-pos-top40charts.png",
    "youTubeUrl": "http://www.youtube.com/results?search_query=Ray%20Parker%20Jr%20-%20Ghostbusters",
    "artist": "Ray Parker Jr",
    "songTitle": "Ghostbusters"
},{
    "rank": "uploads/position/10-pos-top40charts.png",
    "youTubeUrl": "http://www.youtube.com/results?search_query=Culture%20Club%20-%20Karma%20Chameleon",
    "artist": "Culture Club",
    "songTitle": "Karma Chameleon"
},{
    "rank": "uploads/position/11-pos-top40charts.png",
    "youTubeUrl": "http://www.youtube.com/results?search_query=John%20Waite%20-%20Missing%20You",
    "artist": "John Waite",
    "songTitle": "Missing You"
},{
    "rank": "uploads/position/12-pos-top40charts.png",
    "youTubeUrl": "http://www.youtube.com/results?search_query=Lionel%20Richie%20-%20All%20Night%20Long",
    "artist": "Lionel Richie",
    "songTitle": "All Night Long"
},{
    "rank": "uploads/position/13-pos-top40charts.png",
    "youTubeUrl": "http://www.youtube.com/results?search_query=Deniece%20Williams%20-%20Let%27s%20Hear%20It%20For%20The%20Boy",
    "artist": "Deniece Williams",
    "songTitle": "Let's Hear It For The Boy"
},{
    "rank": "uploads/position/14-pos-top40charts.png",
    "youTubeUrl": "http://www.youtube.com/results?search_query=Bruce%20Springsteen%20-%20Dancing%20In%20The%20Dark",
    "artist": "Bruce Springsteen",
    "songTitle": "Dancing In The Dark"
},{
    "rank": "uploads/position/15-pos-top40charts.png",
    "youTubeUrl": "http://www.youtube.com/results?search_query=Cyndi%20Lauper%20-%20Girls%20Just%20Want%20To%20Have%20Fun",
    "artist": "Cyndi Lauper",
    "songTitle": "Girls Just Want To Have Fun"
},{
    "rank": "uploads/position/16-pos-top40charts.png",
    "youTubeUrl": "http://www.youtube.com/results?search_query=Duran%20Duran%20-%20The%20Reflex",
    "artist": "Duran Duran",
    "songTitle": "The Reflex"
},{
    "rank": "uploads/position/17-pos-top40charts.png",
    "youTubeUrl": "http://www.youtube.com/results?search_query=Cyndi%20Lauper%20-%20Time%20After%20Time",
    "artist": "Cyndi Lauper",
    "songTitle": "Time After Time"
},{
    "rank": "uploads/position/18-pos-top40charts.png",
    "youTubeUrl": "http://www.youtube.com/results?search_query=Pointer%20Sisters%20-%20Jump%20(For%20My%20Love)",
    "artist": "Pointer Sisters",
    "songTitle": "Jump (For My Love)"
},{
    "rank": "uploads/position/19-pos-top40charts.png",
    "youTubeUrl": "http://www.youtube.com/results?search_query=Romantics%20-%20Talking%20In%20Your%20Sleep",
    "artist": "Romantics",
    "songTitle": "Talking In Your Sleep"
},{
    "rank": "uploads/position/20-pos-top40charts.png",
    "youTubeUrl": "http://www.youtube.com/results?search_query=Laura%20Branigan%20-%20Self%20Control",
    "artist": "Laura Branigan",
    "songTitle": "Self Control"
},{
    "rank": "uploads/position/21-pos-top40charts.png",
    "youTubeUrl": "http://www.youtube.com/results?search_query=Prince%20-%20Let%27s%20Go%20Crazy",
    "artist": "Prince",
    "songTitle": "Let's Go Crazy"
},{
    "rank": "uploads/position/22-pos-top40charts.png",
    "youTubeUrl": "http://www.youtube.com/results?search_query=Hall%20Oates%20-%20Say%20It%20Isn%27t%20So",
    "artist": "Hall & Oates",
    "songTitle": "Say It Isn't So"
},{
    "rank": "uploads/position/23-pos-top40charts.png",
    "youTubeUrl": "http://www.youtube.com/results?search_query=Thompson%20Twins%20-%20Hold%20Me%20Now",
    "artist": "Thompson Twins",
    "songTitle": "Hold Me Now"
},{
    "rank": "uploads/position/24-pos-top40charts.png",
    "youTubeUrl": "http://www.youtube.com/results?search_query=Kool%20The%20Gang%20-%20Joanna",
    "artist": "Kool & The Gang",
    "songTitle": "Joanna"
},{
    "rank": "uploads/position/25-pos-top40charts.png",
    "youTubeUrl": "http://www.youtube.com/results?search_query=Stevie%20Wonder%20-%20I%20Just%20Called%20To%20Say%20I%20Love%20You",
    "artist": "Stevie Wonder",
    "songTitle": "I Just Called To Say I Love You"
},{
    "rank": "uploads/position/26-pos-top40charts.png",
    "youTubeUrl": "http://www.youtube.com/results?search_query=Rockwell%20-%20Somebody%27s%20Watching%20Me",
    "artist": "Rockwell",
    "songTitle": "Somebody's Watching Me"
},{
    "rank": "uploads/position/27-pos-top40charts.png",
    "youTubeUrl": "http://www.youtube.com/results?search_query=Mathew%20Wilder%20-%20Break%20My%20Stride",
    "artist": "Mathew Wilder",
    "songTitle": "Break My Stride"
},{
    "rank": "uploads/position/28-pos-top40charts.png",
    "youTubeUrl": "http://www.youtube.com/results?search_query=Nena%20-%2099%20Luftballons",
    "artist": "Nena",
    "songTitle": "99 Luftballons"
},{
    "rank": "uploads/position/29-pos-top40charts.png",
    "youTubeUrl": "http://www.youtube.com/results?search_query=Dan%20Hartman%20-%20I%20Can%20Dream%20About%20You",
    "artist": "Dan Hartman",
    "songTitle": "I Can Dream About You"
},{
    "rank": "uploads/position/30-pos-top40charts.png",
    "youTubeUrl": "http://www.youtube.com/results?search_query=Sheila%20E%20-%20Glamorous%20Life",
    "artist": "Sheila E",
    "songTitle": "Glamorous Life"
},{
    "rank": "uploads/position/31-pos-top40charts.png",
    "youTubeUrl": "http://www.youtube.com/results?search_query=Steve%20Perry%20-%20Oh,%20Sherrie",
    "artist": "Steve Perry",
    "songTitle": "Oh, Sherrie"
},{
    "rank": "uploads/position/32-pos-top40charts.png",
    "youTubeUrl": "http://www.youtube.com/results?search_query=Lionel%20Richie%20-%20Stuck%20On%20You",
    "artist": "Lionel Richie",
    "songTitle": "Stuck On You"
},{
    "rank": "uploads/position/33-pos-top40charts.png",
    "youTubeUrl": "http://www.youtube.com/results?search_query=Elton%20John%20-%20I%20Guess%20That%27s%20Why%20They%20Call%20It%20The%20Blues",
    "artist": "Elton John",
    "songTitle": "I Guess That's Why They Call It The Blues"
},{
    "rank": "uploads/position/34-pos-top40charts.png",
    "youTubeUrl": "http://www.youtube.com/results?search_query=Cyndi%20Lauper%20-%20She%20Bop",
    "artist": "Cyndi Lauper",
    "songTitle": "She Bop"
},{
    "rank": "uploads/position/35-pos-top40charts.png",
    "youTubeUrl": "http://www.youtube.com/results?search_query=Madonna%20-%20Borderline",
    "artist": "Madonna",
    "songTitle": "Borderline"
},{
    "rank": "uploads/position/36-pos-top40charts.png",
    "youTubeUrl": "http://www.youtube.com/results?search_query=Corey%20Hart%20-%20Sunglasses%20At%20Night",
    "artist": "Corey Hart",
    "songTitle": "Sunglasses At Night"
},{
    "rank": "uploads/position/37-pos-top40charts.png",
    "youTubeUrl": "http://www.youtube.com/results?search_query=Billy%20Idol%20-%20Eyes%20Without%20A%20Face",
    "artist": "Billy Idol",
    "songTitle": "Eyes Without A Face"
},{
    "rank": "uploads/position/38-pos-top40charts.png",
    "youTubeUrl": "http://www.youtube.com/results?search_query=Eurythmics%20-%20Here%20Comes%20The%20Rain%20Again",
    "artist": "Eurythmics",
    "songTitle": "Here Comes The Rain Again"
},{
    "rank": "uploads/position/39-pos-top40charts.png",
    "youTubeUrl": "http://www.youtube.com/results?search_query=Billy%20Joel%20-%20Uptown%20Girl",
    "artist": "Billy Joel",
    "songTitle": "Uptown Girl"
},{
    "rank": "uploads/position/40-pos-top40charts.png",
    "youTubeUrl": "http://www.youtube.com/results?search_query=Night%20Ranger%20-%20Sister%20Christian",
    "artist": "Night Ranger",
    "songTitle": "Sister Christian"
}