{
    "rank": "uploads/position/1-pos-top40charts.png",
    "youTubeUrl": "http://www.youtube.com/results?search_query=wham%20careless%20whisper",
    "artist": "Wham",
    "songTitle": "Careless Whisper"
},{
    "rank": "uploads/position/2-pos-top40charts.png",
    "youTubeUrl": "http://www.youtube.com/results?search_query=madonna%20like%20a%20virgin",
    "artist": "Madonna",
    "songTitle": "Like A Virgin"
},{
    "rank": "uploads/position/3-pos-top40charts.png",
    "youTubeUrl": "http://www.youtube.com/results?search_query=wham%20Wake%20Me%20Up%20Before%20You%20Go%20Go",
    "artist": "Wham",
    "songTitle": "Wake Me Up Before You Go Go"
},{
    "rank": "uploads/position/4-pos-top40charts.png",
    "youTubeUrl": "http://www.youtube.com/results?search_query=Foreigner%20I%20Want%20To%20Know%20What%20Love%20Is",
    "artist": "Foreigner",
    "songTitle": "I Want To Know What Love Is"
},{
    "rank": "uploads/position/5-pos-top40charts.png",
    "youTubeUrl": "http://www.youtube.com/results?search_query=Chaka%20Khan%20I%20Feel%20For%20You",
    "artist": "Chaka Khan",
    "songTitle": "I Feel For You"
},{
    "rank": "uploads/position/6-pos-top40charts.png",
    "youTubeUrl": "http://www.youtube.com/results?search_query=hall%20oats%20out%20of%20touch",
    "artist": "Hall & Oates",
    "songTitle": "Out Of Touch"
},{
    "rank": "uploads/position/7-pos-top40charts.png",
    "youTubeUrl": "http://www.youtube.com/results?search_query=tears%20for%20fears%20rule%20the%20world",
    "artist": "Tears For Fears",
    "songTitle": "Everybody Wants To Rule The World"
},{
    "rank": "uploads/position/8-pos-top40charts.png",
    "youTubeUrl": "http://www.youtube.com/results?search_query=dire%20straits%20money%20for%20nothing",
    "artist": "Dire Straits",
    "songTitle": "Money For Nothing"
},{
    "rank": "uploads/position/9-pos-top40charts.png",
    "youTubeUrl": "http://www.youtube.com/results?search_query=madonna%20crazy%20for%20you",
    "artist": "Madonna",
    "songTitle": "Crazy For You"
},{
    "rank": "uploads/position/10-pos-top40charts.png",
    "youTubeUrl": "http://www.youtube.com/results?search_query=a%20ha%20take%20on%20me",
    "artist": "A Ha",
    "songTitle": "Ha Take On Me"
},{
    "rank": "uploads/position/11-pos-top40charts.png",
    "youTubeUrl": "http://www.youtube.com/results?search_query=paul%20young%20everytime%20you%20go%20away",
    "artist": "Paul Young",
    "songTitle": "Everytime You Go Away"
},{
    "rank": "uploads/position/12-pos-top40charts.png",
    "youTubeUrl": "http://www.youtube.com/results?search_query=phil%20colins%20easy%20lover",
    "artist": "Phil Collins & Phillip Bailey",
    "songTitle": "Easy Lover"
},{
    "rank": "uploads/position/13-pos-top40charts.png",
    "youTubeUrl": "http://www.youtube.com/results?search_query=reo%20speedwagon%20cant%20fight%20this%20feeling",
    "artist": "Reo Speedwagon",
    "songTitle": "Can't Fight This Feeling"
},{
    "rank": "uploads/position/14-pos-top40charts.png",
    "youTubeUrl": "http://www.youtube.com/results?search_query=Starship%20We%20Built%20This%20City",
    "artist": "Starship",
    "songTitle": "We Built This City"
},{
    "rank": "uploads/position/15-pos-top40charts.png",
    "youTubeUrl": "http://www.youtube.com/results?search_query=Huey%20Lewis%20And%20The%20News%20Power%20Of%20Love",
    "artist": "Huey Lewis And The News",
    "songTitle": "Power Of Love"
},{
    "rank": "uploads/position/16-pos-top40charts.png",
    "youTubeUrl": "http://www.youtube.com/results?search_query=Simple%20Minds%20Don%27t%20You%20Forget%20About%20Me",
    "artist": "Simple Minds",
    "songTitle": "Don't You Forget About Me"
},{
    "rank": "uploads/position/17-pos-top40charts.png",
    "youTubeUrl": "http://www.youtube.com/results?search_query=Kool%20The%20Gang%20Cherish",
    "artist": "Kool & The Gang",
    "songTitle": "Cherish"
},{
    "rank": "uploads/position/18-pos-top40charts.png",
    "youTubeUrl": "http://www.youtube.com/results?search_query=John%20Parr%20St.%20Elmo%27s%20Fire%20(Man%20In%20Motion)",
    "artist": "John Parr",
    "songTitle": "St. Elmo's Fire (Man In Motion)"
},{
    "rank": "uploads/position/19-pos-top40charts.png",
    "youTubeUrl": "http://www.youtube.com/results?search_query=Glenn%20Frey%20The%20Heat%20Is%20On",
    "artist": "Glenn Frey",
    "songTitle": "The Heat Is On"
},{
    "rank": "uploads/position/20-pos-top40charts.png",
    "youTubeUrl": "http://www.youtube.com/results?search_query=Usa%20For%20Africa%20We%20Are%20The%20World",
    "artist": "Usa For Africa",
    "songTitle": "We Are The World"
},{
    "rank": "uploads/position/21-pos-top40charts.png",
    "youTubeUrl": "http://www.youtube.com/results?search_query=Tears%20For%20Fears%20Shout",
    "artist": "Tears For Fears",
    "songTitle": "Shout"
},{
    "rank": "uploads/position/22-pos-top40charts.png",
    "youTubeUrl": "http://www.youtube.com/results?search_query=Stevie%20Wonder%20Part%20Time%20Lover",
    "artist": "Stevie Wonder",
    "songTitle": "Part Time Lover"
},{
    "rank": "uploads/position/23-pos-top40charts.png",
    "youTubeUrl": "http://www.youtube.com/results?search_query=Whitney%20Houston%20Saving%20All%20My%20Love%20For%20You",
    "artist": "Whitney Houston",
    "songTitle": "Saving All My Love For You"
},{
    "rank": "uploads/position/24-pos-top40charts.png",
    "youTubeUrl": "http://www.youtube.com/results?search_query=Bryan%20AdamsHeaven",
    "artist": "Bryan Adams",
    "songTitle": "Heaven"
},{
    "rank": "uploads/position/25-pos-top40charts.png",
    "youTubeUrl": "http://www.youtube.com/results?search_query=Wham%20Everything%20She%20Wants",
    "artist": "Wham",
    "songTitle": "Everything She Wants"
},{
    "rank": "uploads/position/26-pos-top40charts.png",
    "youTubeUrl": "http://www.youtube.com/results?search_query=New%20Edition%20Cool%20It%20Now",
    "artist": "New Edition",
    "songTitle": "Cool It Now"
},{
    "rank": "uploads/position/27-pos-top40charts.png",
    "youTubeUrl": "http://www.youtube.com/results?search_query=Jan%20Hammer%20Miami%20Vice%20Theme",
    "artist": "Jan Hammer",
    "songTitle": "Miami Vice Theme"
},{
    "rank": "uploads/position/28-pos-top40charts.png",
    "youTubeUrl": "http://www.youtube.com/results?search_query=Billy%20Ocean%20Lover%20Boy",
    "artist": "Billy Ocean",
    "songTitle": "Lover Boy"
},{
    "rank": "uploads/position/29-pos-top40charts.png",
    "youTubeUrl": "http://www.youtube.com/results?search_query=Teena%20Marie%20Lover%20Girl",
    "artist": "Teena Marie",
    "songTitle": "Lover Girl"
},{
    "rank": "uploads/position/30-pos-top40charts.png",
    "youTubeUrl": "http://www.youtube.com/results?search_query=Glenn%20Frey%20You%20Belong%20To%20The%20City",
    "artist": "Glenn Frey",
    "songTitle": "You Belong To The City"
},{
    "rank": "uploads/position/31-pos-top40charts.png",
    "youTubeUrl": "http://www.youtube.com/results?search_query=Ready%20For%20The%20World%20Oh%20Sheila",
    "artist": "Ready For The World",
    "songTitle": "Oh Sheila"
},{
    "rank": "uploads/position/32-pos-top40charts.png",
    "youTubeUrl": "http://www.youtube.com/results?search_query=Debarge%20Rhythm%20Of%20The%20Night",
    "artist": "Debarge",
    "songTitle": "Rhythm Of The Night"
},{
    "rank": "uploads/position/33-pos-top40charts.png",
    "youTubeUrl": "http://www.youtube.com/results?search_query=Phil%20Collins%20One%20More%20Night",
    "artist": "Phil Collins",
    "songTitle": "One More Night"
},{
    "rank": "uploads/position/34-pos-top40charts.png",
    "youTubeUrl": "http://www.youtube.com/results?search_query=Honeydrippers%20Sea%20Of%20Love",
    "artist": "Honeydrippers",
    "songTitle": "Sea Of Love"
},{
    "rank": "uploads/position/35-pos-top40charts.png",
    "youTubeUrl": "http://www.youtube.com/results?search_query=Duran%20Duran%20A%20View%20To%20A%20Kill",
    "artist": "Duran Duran",
    "songTitle": "A View To A Kill"
},{
    "rank": "uploads/position/36-pos-top40charts.png",
    "youTubeUrl": "http://www.youtube.com/results?search_query=Duran%20Duran%20Wild%20Boys",
    "artist": "Duran Duran",
    "songTitle": "Wild Boys"
},{
    "rank": "uploads/position/37-pos-top40charts.png",
    "youTubeUrl": "http://www.youtube.com/results?search_query=Chicago%20You%27re%20The%20Inspiration",
    "artist": "Chicago",
    "songTitle": "You're The Inspiration"
},{
    "rank": "uploads/position/38-pos-top40charts.png",
    "youTubeUrl": "http://www.youtube.com/results?search_query=Pointer%20Sisters%20Neutron%20Dance",
    "artist": "Pointer Sisters",
    "songTitle": "Neutron Dance"
},{
    "rank": "uploads/position/39-pos-top40charts.png",
    "youTubeUrl": "http://www.youtube.com/results?search_query=Pat%20BenetarWe%20Belong",
    "artist": "Pat Benetar",
    "songTitle": "We Belong"
},{
    "rank": "uploads/position/40-pos-top40charts.png",
    "youTubeUrl": "http://www.youtube.com/results?search_query=Commodores%20Nightshift",
    "artist": "Commodores",
    "songTitle": "Nightshift"
}