{
    "rank": "uploads/position/1-pos-top40charts.png",
    "youTubeUrl": "http://www.youtube.com/results?search_query=Dione%20Warwick%20Friends%20-%20That%27s%20What%20Friends%20Are%20For",
    "artist": "Dione Warwick & Friends",
    "songTitle": "That's What Friends Are For"
},{
    "rank": "uploads/position/2-pos-top40charts.png",
    "youTubeUrl": "http://www.youtube.com/results?search_query=Lionel%20Richie%20-%20Say%20You,%20Say%20Me",
    "artist": "Lionel Richie",
    "songTitle": "Say You, Say Me"
},{
    "rank": "uploads/position/3-pos-top40charts.png",
    "youTubeUrl": "http://www.youtube.com/results?search_query=Klymaxx%20-%20I%20Miss%20You",
    "artist": "Klymaxx",
    "songTitle": "I Miss You"
},{
    "rank": "uploads/position/4-pos-top40charts.png",
    "youTubeUrl": "http://www.youtube.com/results?search_query=Patti%20Labelle%20Michael%20McDonald%20-%20On%20My%20Own",
    "artist": "Patti Labelle & Michael McDonald",
    "songTitle": "On My Own"
},{
    "rank": "uploads/position/5-pos-top40charts.png",
    "youTubeUrl": "http://www.youtube.com/results?search_query=Mr%20Mister%20-%20Broken%20Wings",
    "artist": "Mr Mister",
    "songTitle": "Broken Wings"
},{
    "rank": "uploads/position/6-pos-top40charts.png",
    "youTubeUrl": "http://www.youtube.com/results?search_query=Whitney%20Houston%20-%20How%20Will%20I%20Know",
    "artist": "Whitney Houston",
    "songTitle": "How Will I Know"
},{
    "rank": "uploads/position/7-pos-top40charts.png",
    "youTubeUrl": "http://www.youtube.com/results?search_query=Eddie%20Murphy%20-%20Party%20All%20The%20Time",
    "artist": "Eddie Murphy",
    "songTitle": "Party All The Time"
},{
    "rank": "uploads/position/8-pos-top40charts.png",
    "youTubeUrl": "http://www.youtube.com/results?search_query=Survivor%20-%20Burning%20Heart",
    "artist": "Survivor",
    "songTitle": "Burning Heart"
},{
    "rank": "uploads/position/9-pos-top40charts.png",
    "youTubeUrl": "http://www.youtube.com/results?search_query=Mr.%20Mister%20-%20Kyrie",
    "artist": "Mr. Mister",
    "songTitle": "Kyrie"
},{
    "rank": "uploads/position/10-pos-top40charts.png",
    "youTubeUrl": "http://www.youtube.com/results?search_query=Robert%20Palmer%20-%20Addicted%20To%20Love",
    "artist": "Robert Palmer",
    "songTitle": "Addicted To Love"
},{
    "rank": "uploads/position/11-pos-top40charts.png",
    "youTubeUrl": "http://www.youtube.com/results?search_query=Whitney%20Houston%20Greatest%20Love%20Of%20All",
    "artist": "Whitney Houston",
    "songTitle": "Greatest Love Of All"
},{
    "rank": "uploads/position/12-pos-top40charts.png",
    "youTubeUrl": "http://www.youtube.com/results?search_query=Atlantic%20Star%20-%20Secret%20Lovers",
    "artist": "Atlantic Star",
    "songTitle": "Secret Lovers"
},{
    "rank": "uploads/position/13-pos-top40charts.png",
    "youTubeUrl": "http://www.youtube.com/results?search_query=Carl%20Anderson%20Gloria%20Loring%20-%20Friends%20Lovers",
    "artist": "Carl Anderson & Gloria Loring",
    "songTitle": "Friends & Lovers"
},{
    "rank": "uploads/position/14-pos-top40charts.png",
    "youTubeUrl": "http://www.youtube.com/results?search_query=Peter%20Cetera%20-%20Glory%20Of%20Love",
    "artist": "Peter Cetera",
    "songTitle": "Glory Of Love"
},{
    "rank": "uploads/position/15-pos-top40charts.png",
    "youTubeUrl": "http://www.youtube.com/results?search_query=Pet%20Shop%20Boys%20-%20West%20End%20Girls",
    "artist": "Pet Shop Boys",
    "songTitle": "West End Girls"
},{
    "rank": "uploads/position/16-pos-top40charts.png",
    "youTubeUrl": "http://www.youtube.com/results?search_query=Billy%20Ocean%20-%20There%27ll%20Be%20Sad%20Songs%20(To%20Make%20You%20Cry)",
    "artist": "Billy Ocean",
    "songTitle": "There'll Be Sad Songs (To Make You Cry)"
},{
    "rank": "uploads/position/17-pos-top40charts.png",
    "youTubeUrl": "http://www.youtube.com/results?search_query=Simple%20Minds%20-%20Alive%20And%20Kicking",
    "artist": "Simple Minds",
    "songTitle": "Alive And Kicking"
},{
    "rank": "uploads/position/18-pos-top40charts.png",
    "youTubeUrl": "http://www.youtube.com/results?search_query=Heart%20-%20Never",
    "artist": "Heart",
    "songTitle": "Never"
},{
    "rank": "uploads/position/19-pos-top40charts.png",
    "youTubeUrl": "http://www.youtube.com/results?search_query=Prince%20-%20Kiss",
    "artist": "Prince",
    "songTitle": "Kiss"
},{
    "rank": "uploads/position/20-pos-top40charts.png",
    "youTubeUrl": "http://www.youtube.com/results?search_query=Steve%20Winwood%20-%20Higher%20Love",
    "artist": "Steve Winwood",
    "songTitle": "Higher Love"
},{
    "rank": "uploads/position/21-pos-top40charts.png",
    "youTubeUrl": "http://www.youtube.com/results?search_query=Huey%20Lewis%20And%20The%20News%20-%20Stuck%20With%20You",
    "artist": "Huey Lewis And The News",
    "songTitle": "Stuck With You"
},{
    "rank": "uploads/position/22-pos-top40charts.png",
    "youTubeUrl": "http://www.youtube.com/results?search_query=Simply%20Red%20-%20Holding%20Back%20The%20Years",
    "artist": "Simply Red",
    "songTitle": "Holding Back The Years"
},{
    "rank": "uploads/position/23-pos-top40charts.png",
    "youTubeUrl": "http://www.youtube.com/results?search_query=Peter%20Gabriel%20-%20Sledgehammer",
    "artist": "Peter Gabriel",
    "songTitle": "Sledgehammer"
},{
    "rank": "uploads/position/24-pos-top40charts.png",
    "youTubeUrl": "http://www.youtube.com/results?search_query=Starship%20-%20Sara",
    "artist": "Starship",
    "songTitle": "Sara"
},{
    "rank": "uploads/position/25-pos-top40charts.png",
    "youTubeUrl": "http://www.youtube.com/results?search_query=Human%20League%20-%20Human",
    "artist": "Human League",
    "songTitle": "Human"
},{
    "rank": "uploads/position/26-pos-top40charts.png",
    "youTubeUrl": "http://www.youtube.com/results?search_query=Nu%20Shooz%20-%20I%20Can%27t%20Wait",
    "artist": "Nu Shooz",
    "songTitle": "I Can't Wait"
},{
    "rank": "uploads/position/27-pos-top40charts.png",
    "youTubeUrl": "http://www.youtube.com/results?search_query=Berlin%20-%20Take%20My%20Breath%20Away",
    "artist": "Berlin",
    "songTitle": "Take My Breath Away"
},{
    "rank": "uploads/position/28-pos-top40charts.png",
    "youTubeUrl": "http://www.youtube.com/results?search_query=Falco%20-%20Rock%20Me%20Amadeus",
    "artist": "Falco",
    "songTitle": "Rock Me Amadeus"
},{
    "rank": "uploads/position/29-pos-top40charts.png",
    "youTubeUrl": "http://www.youtube.com/results?search_query=Madonna%20-%20Papa%20Don%27t%20Preach",
    "artist": "Madonna",
    "songTitle": "Papa Don't Preach"
},{
    "rank": "uploads/position/30-pos-top40charts.png",
    "youTubeUrl": "http://www.youtube.com/results?search_query=Bon%20Jovi%20-%20You%20Give%20Love%20A%20Bad%20Name",
    "artist": "Bon Jovi",
    "songTitle": "You Give Love A Bad Name"
},{
    "rank": "uploads/position/31-pos-top40charts.png",
    "youTubeUrl": "http://www.youtube.com/results?search_query=Billy%20Ocean%20-%20When%20The%20Going%20Gets%20Tough",
    "artist": "Billy Ocean",
    "songTitle": "When The Going Gets Tough"
},{
    "rank": "uploads/position/32-pos-top40charts.png",
    "youTubeUrl": "http://www.youtube.com/results?search_query=Janet%20Jackson%20-%20When%20I%20Think%20Of%20You",
    "artist": "Janet Jackson",
    "songTitle": "When I Think Of You"
},{
    "rank": "uploads/position/33-pos-top40charts.png",
    "youTubeUrl": "http://www.youtube.com/results?search_query=Heart%20-%20These%20Dreams",
    "artist": "Heart",
    "songTitle": "These Dreams"
},{
    "rank": "uploads/position/34-pos-top40charts.png",
    "youTubeUrl": "http://www.youtube.com/results?search_query=Glass%20Tiger%20-%20Don%27t%20Forget%20Me%20(When%20I%27m%20Gone)",
    "artist": "Glass Tiger",
    "songTitle": "Don't Forget Me (When I'm Gone)"
},{
    "rank": "uploads/position/35-pos-top40charts.png",
    "youTubeUrl": "http://www.youtube.com/results?search_query=Madonna%20-%20Live%20To%20Tell",
    "artist": "Madonna",
    "songTitle": "Live To Tell"
},{
    "rank": "uploads/position/36-pos-top40charts.png",
    "youTubeUrl": "http://www.youtube.com/results?search_query=Belinda%20Carlisle%20-%20Mad%20About%20You",
    "artist": "Belinda Carlisle",
    "songTitle": "Mad About You"
},{
    "rank": "uploads/position/37-pos-top40charts.png",
    "youTubeUrl": "http://www.youtube.com/results?search_query=Level%2042%20-%20Something%20About%20You",
    "artist": "Level 42",
    "songTitle": "Something About You"
},{
    "rank": "uploads/position/38-pos-top40charts.png",
    "youTubeUrl": "http://www.youtube.com/results?search_query=Bananarama%20-%20Venus",
    "artist": "Bananarama",
    "songTitle": "Venus"
},{
    "rank": "uploads/position/39-pos-top40charts.png",
    "youTubeUrl": "http://www.youtube.com/results?search_query=Lionel%20Richie%20-%20Dancing%20On%20The%20Ceiling",
    "artist": "Lionel Richie",
    "songTitle": "Dancing On The Ceiling"
},{
    "rank": "uploads/position/40-pos-top40charts.png",
    "youTubeUrl": "http://www.youtube.com/results?search_query=Miami%20Sound%20Machine%20-%20Conga",
    "artist": "Miami Sound Machine",
    "songTitle": "Conga"
}