{
    "rank": "uploads/position/1-pos-top40charts.png",
    "youTubeUrl": "http://www.youtube.com/results?search_query=Bangles%20-%20Walk%20Like%20An%20Egyptian",
    "artist": "Bangles",
    "songTitle": "Walk Like An Egyptian"
},{
    "rank": "uploads/position/2-pos-top40charts.png",
    "youTubeUrl": "http://www.youtube.com/results?search_query=Heart%20-%20Alone",
    "artist": "Heart",
    "songTitle": "Alone"
},{
    "rank": "uploads/position/3-pos-top40charts.png",
    "youTubeUrl": "http://www.youtube.com/results?search_query=Gregory%20Abbott%20-%20Shake%20You%20Down",
    "artist": "Gregory Abbott",
    "songTitle": "Shake You Down"
},{
    "rank": "uploads/position/4-pos-top40charts.png",
    "youTubeUrl": "http://www.youtube.com/results?search_query=Whitney%20Houston%20-%20I%20Wanna%20Dance%20With%20Somebody",
    "artist": "Whitney Houston",
    "songTitle": "I Wanna Dance With Somebody"
},{
    "rank": "uploads/position/5-pos-top40charts.png",
    "youTubeUrl": "http://www.youtube.com/results?search_query=Starship%20-%20Nothing%27s%20Gonna%20Stop%20Us%20Now",
    "artist": "Starship",
    "songTitle": "Nothing's Gonna Stop Us Now"
},{
    "rank": "uploads/position/6-pos-top40charts.png",
    "youTubeUrl": "http://www.youtube.com/results?search_query=Robbie%20Nevil%20-%20C%27est%20La%20Vie",
    "artist": "Robbie Nevil",
    "songTitle": "C'est La Vie"
},{
    "rank": "uploads/position/7-pos-top40charts.png",
    "youTubeUrl": "http://www.youtube.com/results?search_query=Whitesnake%20-%20Here%20I%20Go%20Again",
    "artist": "Whitesnake",
    "songTitle": "Here I Go Again"
},{
    "rank": "uploads/position/8-pos-top40charts.png",
    "youTubeUrl": "http://www.youtube.com/results?search_query=Bruce%20Hornsby%20-%20The%20Way%20It%20Is",
    "artist": "Bruce Hornsby",
    "songTitle": "The Way It Is"
},{
    "rank": "uploads/position/9-pos-top40charts.png",
    "youTubeUrl": "http://www.youtube.com/results?search_query=Bob%20Seger%20-%20Shakedown",
    "artist": "Bob Seger",
    "songTitle": "Shakedown"
},{
    "rank": "uploads/position/10-pos-top40charts.png",
    "youTubeUrl": "http://www.youtube.com/results?search_query=Bon%20Jovi%20-%20Livin%27%20On%20A%20Prayer",
    "artist": "Bon Jovi",
    "songTitle": "Livin' On A Prayer"
},{
    "rank": "uploads/position/11-pos-top40charts.png",
    "youTubeUrl": "http://www.youtube.com/results?search_query=Los%20Lobos%20-%20La%20Bamba",
    "artist": "Los Lobos",
    "songTitle": "La Bamba"
},{
    "rank": "uploads/position/12-pos-top40charts.png",
    "youTubeUrl": "http://www.youtube.com/results?search_query=Wang%20Chung%20-%20Everybody%20Have%20Fun%20Tonight",
    "artist": "Wang Chung",
    "songTitle": "Everybody Have Fun Tonight"
},{
    "rank": "uploads/position/13-pos-top40charts.png",
    "youTubeUrl": "http://www.youtube.com/results?search_query=Crowded%20House%20-%20Don%27t%20Dream%20It%27s%20Over",
    "artist": "Crowded House",
    "songTitle": "Don't Dream It's Over"
},{
    "rank": "uploads/position/14-pos-top40charts.png",
    "youTubeUrl": "http://www.youtube.com/results?search_query=Atlantic%20Starr%20-%20Always",
    "artist": "Atlantic Starr",
    "songTitle": "Always"
},{
    "rank": "uploads/position/15-pos-top40charts.png",
    "youTubeUrl": "http://www.youtube.com/results?search_query=U2%20-%20With%20Or%20Without%20You",
    "artist": "U2",
    "songTitle": "With Or Without You"
},{
    "rank": "uploads/position/16-pos-top40charts.png",
    "youTubeUrl": "http://www.youtube.com/results?search_query=Jody%20Watley%20-%20Looking%20For%20A%20New%20Love",
    "artist": "Jody Watley",
    "songTitle": "Looking For A New Love"
},{
    "rank": "uploads/position/17-pos-top40charts.png",
    "youTubeUrl": "http://www.youtube.com/results?search_query=Lisa%20Lisa%20Cult%20Jam%20-%20Head%20To%20Toe",
    "artist": "Lisa Lisa & Cult Jam",
    "songTitle": "Head To Toe"
},{
    "rank": "uploads/position/18-pos-top40charts.png",
    "youTubeUrl": "http://www.youtube.com/results?search_query=Tiffany%20-%20I%20Think%20We%27re%20Alone%20Now",
    "artist": "Tiffany",
    "songTitle": "I Think We're Alone Now"
},{
    "rank": "uploads/position/19-pos-top40charts.png",
    "youTubeUrl": "http://www.youtube.com/results?search_query=Billy%20Idol%20-%20Mony%20Mony",
    "artist": "Billy Idol",
    "songTitle": "Mony Mony"
},{
    "rank": "uploads/position/20-pos-top40charts.png",
    "youTubeUrl": "http://www.youtube.com/results?search_query=Billy%20Vera%20The%20Beaters%20-%20At%20This%20Moment",
    "artist": "Billy Vera & The Beaters",
    "songTitle": "At This Moment"
},{
    "rank": "uploads/position/21-pos-top40charts.png",
    "youTubeUrl": "http://www.youtube.com/results?search_query=Chris%20Deburgh%20-%20The%20Lady%20In%20Red",
    "artist": "Chris Deburgh",
    "songTitle": "The Lady In Red"
},{
    "rank": "uploads/position/22-pos-top40charts.png",
    "youTubeUrl": "http://www.youtube.com/results?search_query=Whitney%20Houston%20-%20Didn%27t%20We%20Almost%20Have%20It%20All",
    "artist": "Whitney Houston",
    "songTitle": "Didn't We Almost Have It All"
},{
    "rank": "uploads/position/23-pos-top40charts.png",
    "youTubeUrl": "http://www.youtube.com/results?search_query=U2%20-%20I%20Still%20Haven%27t%20Found%20What%20I%27m%20Looking%20For",
    "artist": "U2",
    "songTitle": "I Still Haven't Found What I'm Looking For"
},{
    "rank": "uploads/position/24-pos-top40charts.png",
    "youTubeUrl": "http://www.youtube.com/results?search_query=George%20Michael%20-%20I%20Want%20Your%20Sex",
    "artist": "George Michael",
    "songTitle": "I Want Your Sex"
},{
    "rank": "uploads/position/25-pos-top40charts.png",
    "youTubeUrl": "http://www.youtube.com/results?search_query=Duran%20Duran%20-%20Notorious",
    "artist": "Duran Duran",
    "songTitle": "Notorious"
},{
    "rank": "uploads/position/26-pos-top40charts.png",
    "youTubeUrl": "http://www.youtube.com/results?search_query=Debbie%20Gibson%20-%20Only%20In%20My%20Dreams",
    "artist": "Debbie Gibson",
    "songTitle": "Only In My Dreams"
},{
    "rank": "uploads/position/27-pos-top40charts.png",
    "youTubeUrl": "http://www.youtube.com/results?search_query=Bill%20Medley%20Jennifer%20Warnes%20(I%27ve%20Had)%20The%20Time%20Of%20my%20life",
    "artist": "Bill Medley & Jennifer Warnes",
    "songTitle": "(I've Had) The Time Of my life"
},{
    "rank": "uploads/position/28-pos-top40charts.png",
    "youTubeUrl": "http://www.youtube.com/results?search_query=Peter%20Cetera%20Amy%20Grant%20-%20The%20Next%20Time%20I%20Fall",
    "artist": "Peter Cetera & Amy Grant",
    "songTitle": "The Next Time I Fall"
},{
    "rank": "uploads/position/29-pos-top40charts.png",
    "youTubeUrl": "http://www.youtube.com/results?search_query=Club%20Nouveau%20-%20Lean%20On%20Me",
    "artist": "Club Nouveau",
    "songTitle": "Lean On Me"
},{
    "rank": "uploads/position/30-pos-top40charts.png",
    "youTubeUrl": "http://www.youtube.com/results?search_query=Madonna%20-%20Open%20Your%20Heart",
    "artist": "Madonna",
    "songTitle": "Open Your Heart"
},{
    "rank": "uploads/position/31-pos-top40charts.png",
    "youTubeUrl": "http://www.youtube.com/results?search_query=Lisa%20Lisa%20Cult%20Jam%20-%20Lost%20In%20Emotion",
    "artist": "Lisa Lisa & Cult Jam",
    "songTitle": "Lost In Emotion"
},{
    "rank": "uploads/position/32-pos-top40charts.png",
    "youTubeUrl": "http://www.youtube.com/results?search_query=Cutting%20Crew%20-%20(I%20Just)%20Died%20In%20Your%20Arms%20Tonight",
    "artist": "Cutting Crew",
    "songTitle": "(I Just) Died In Your Arms Tonight"
},{
    "rank": "uploads/position/33-pos-top40charts.png",
    "youTubeUrl": "http://www.youtube.com/results?search_query=T%27pau%20-%20Heart%20And%20Soul",
    "artist": "T'pau",
    "songTitle": "Heart And Soul"
},{
    "rank": "uploads/position/34-pos-top40charts.png",
    "youTubeUrl": "http://www.youtube.com/results?search_query=Kim%20Wilde%20-%20You%20Keep%20Me%20Hangin%20On",
    "artist": "Kim Wilde",
    "songTitle": "You Keep Me Hangin On"
},{
    "rank": "uploads/position/35-pos-top40charts.png",
    "youTubeUrl": "http://www.youtube.com/results?search_query=Georgia%20Satellites%20-%20Keep%20Your%20Hands%20To%20Yourself",
    "artist": "Georgia Satellites",
    "songTitle": "Keep Your Hands To Yourself"
},{
    "rank": "uploads/position/36-pos-top40charts.png",
    "youTubeUrl": "http://www.youtube.com/results?search_query=Aretha%20Franklin%20And%20George%20Michael%20-%20I%20Knew%20You%20Were",
    "artist": "Aretha Franklin And George Michael",
    "songTitle": "I Knew You Were"
},{
    "rank": "uploads/position/37-pos-top40charts.png",
    "youTubeUrl": "http://www.youtube.com/results?search_query=Janet%20Jackson%20-%20Control",
    "artist": "Janet Jackson",
    "songTitle": "Control"
},{
    "rank": "uploads/position/38-pos-top40charts.png",
    "youTubeUrl": "http://www.youtube.com/results?search_query=Prince%20-%20U%20Got%20The%20Look",
    "artist": "Prince",
    "songTitle": "U Got The Look"
},{
    "rank": "uploads/position/39-pos-top40charts.png",
    "youTubeUrl": "http://www.youtube.com/results?search_query=Linda%20Ronstadt%20James%20Ingram%20-%20Somewhere%20Out%20There",
    "artist": "Linda Ronstadt & James Ingram",
    "songTitle": "Somewhere Out There"
},{
    "rank": "uploads/position/40-pos-top40charts.png",
    "youTubeUrl": "http://www.youtube.com/results?search_query=Genesis%20-%20Land%20Of%20Confusion",
    "artist": "Genesis",
    "songTitle": "Land Of Confusion"
}