{
    "rank": "uploads/position/1-pos-top40charts.png",
    "youTubeUrl": "http://www.youtube.com/results?search_query=George%20Michael%20-%20Faith",
    "artist": "George Michael",
    "songTitle": "Faith"
},{
    "rank": "uploads/position/2-pos-top40charts.png",
    "youTubeUrl": "http://www.youtube.com/results?search_query=Inxs%20-%20Need%20You%20Tonight",
    "artist": "Inxs",
    "songTitle": "Need You Tonight"
},{
    "rank": "uploads/position/3-pos-top40charts.png",
    "youTubeUrl": "http://www.youtube.com/results?search_query=George%20Harrison%20-%20Got%20My%20Mind%20Set%20On%20You",
    "artist": "George Harrison",
    "songTitle": "Got My Mind Set On You"
},{
    "rank": "uploads/position/4-pos-top40charts.png",
    "youTubeUrl": "http://www.youtube.com/results?search_query=Rick%20Astley%20-%20Never%20Gonna%20Give%20You%20Up",
    "artist": "Rick Astley",
    "songTitle": "Never Gonna Give You Up"
},{
    "rank": "uploads/position/5-pos-top40charts.png",
    "youTubeUrl": "http://www.youtube.com/results?search_query=Guns%20%27n%20Roses%20-%20Sweet%20Child%20O%27%20Mine",
    "artist": "Guns 'n Roses",
    "songTitle": "Sweet Child O' Mine"
},{
    "rank": "uploads/position/6-pos-top40charts.png",
    "youTubeUrl": "http://www.youtube.com/results?search_query=Whitney%20Houston%20-%20So%20Emotional",
    "artist": "Whitney Houston",
    "songTitle": "So Emotional"
},{
    "rank": "uploads/position/7-pos-top40charts.png",
    "youTubeUrl": "http://www.youtube.com/results?search_query=Belinda%20Carlisle%20-%20Heaven%20Is%20A%20Place%20On%20Earth",
    "artist": "Belinda Carlisle",
    "songTitle": "Heaven Is A Place On Earth"
},{
    "rank": "uploads/position/8-pos-top40charts.png",
    "youTubeUrl": "http://www.youtube.com/results?search_query=Tiffany%20-%20Could%27ve%20Been",
    "artist": "Tiffany",
    "songTitle": "Could've Been"
},{
    "rank": "uploads/position/9-pos-top40charts.png",
    "youTubeUrl": "http://www.youtube.com/results?search_query=Breathe%20-%20Hands%20To%20Heaven",
    "artist": "Breathe",
    "songTitle": "Hands To Heaven"
},{
    "rank": "uploads/position/10-pos-top40charts.png",
    "youTubeUrl": "http://www.youtube.com/results?search_query=Steve%20Winwood%20-%20Roll%20With%20It",
    "artist": "Steve Winwood",
    "songTitle": "Roll With It"
},{
    "rank": "uploads/position/11-pos-top40charts.png",
    "youTubeUrl": "http://www.youtube.com/results?search_query=George%20Michael%20-%20One%20More%20Try",
    "artist": "George Michael",
    "songTitle": "One More Try"
},{
    "rank": "uploads/position/12-pos-top40charts.png",
    "youTubeUrl": "http://www.youtube.com/results?search_query=Terence%20Trent%20Darby%20-%20Wishing%20Well",
    "artist": "Terence Trent Darby",
    "songTitle": "Wishing Well"
},{
    "rank": "uploads/position/13-pos-top40charts.png",
    "youTubeUrl": "http://www.youtube.com/results?search_query=Gloria%20Estefan%20Msm%20-%20Anything%20For%20You",
    "artist": "Gloria Estefan & Msm",
    "songTitle": "Anything For You"
},{
    "rank": "uploads/position/14-pos-top40charts.png",
    "youTubeUrl": "http://www.youtube.com/results?search_query=Cheap%20Trick%20-%20The%20Flame",
    "artist": "Cheap Trick",
    "songTitle": "The Flame"
},{
    "rank": "uploads/position/15-pos-top40charts.png",
    "youTubeUrl": "http://www.youtube.com/results?search_query=Billy%20Ocean%20-%20Get%20Outta%20My%20Dreams,%20Get%20Into%20My%20Car",
    "artist": "Billy Ocean",
    "songTitle": "Get Outta My Dreams, Get Into My Car"
},{
    "rank": "uploads/position/16-pos-top40charts.png",
    "youTubeUrl": "http://www.youtube.com/results?search_query=Expose%20-%20Seasons%20Change",
    "artist": "Expose",
    "songTitle": "Seasons Change"
},{
    "rank": "uploads/position/17-pos-top40charts.png",
    "youTubeUrl": "http://www.youtube.com/results?search_query=Whitesnake%20-%20Is%20This%20Love",
    "artist": "Whitesnake",
    "songTitle": "Is This Love"
},{
    "rank": "uploads/position/18-pos-top40charts.png",
    "youTubeUrl": "http://www.youtube.com/results?search_query=Escape%20Club%20-%20Wild,%20Wild%20West",
    "artist": "Escape Club",
    "songTitle": "Wild, Wild West"
},{
    "rank": "uploads/position/19-pos-top40charts.png",
    "youTubeUrl": "http://www.youtube.com/results?search_query=Def%20Leppard%20-%20Pour%20Some%20Sugar%20On%20Me",
    "artist": "Def Leppard",
    "songTitle": "Pour Some Sugar On Me"
},{
    "rank": "uploads/position/20-pos-top40charts.png",
    "youTubeUrl": "http://www.youtube.com/results?search_query=Taylor%20Dayne%20-%20I%27ll%20Always%20Love%20You",
    "artist": "Taylor Dayne",
    "songTitle": "I'll Always Love You"
},{
    "rank": "uploads/position/21-pos-top40charts.png",
    "youTubeUrl": "http://www.youtube.com/results?search_query=Michael%20Jackson%20-%20Man%20In%20The%20Mirror",
    "artist": "Michael Jackson",
    "songTitle": "Man In The Mirror"
},{
    "rank": "uploads/position/22-pos-top40charts.png",
    "youTubeUrl": "http://www.youtube.com/results?search_query=Debbie%20Gibson%20-%20Shake%20Your%20Love",
    "artist": "Debbie Gibson",
    "songTitle": "Shake Your Love"
},{
    "rank": "uploads/position/23-pos-top40charts.png",
    "youTubeUrl": "http://www.youtube.com/results?search_query=Robert%20Palmer%20-%20Simply%20Irresistable",
    "artist": "Robert Palmer",
    "songTitle": "Simply Irresistable"
},{
    "rank": "uploads/position/24-pos-top40charts.png",
    "youTubeUrl": "http://www.youtube.com/results?search_query=Richard%20Marx%20-%20Hold%20On%20To%20The%20Nights",
    "artist": "Richard Marx",
    "songTitle": "Hold On To The Nights"
},{
    "rank": "uploads/position/25-pos-top40charts.png",
    "youTubeUrl": "http://www.youtube.com/results?search_query=Eric%20Carmen%20-%20Hungry%20Eyes",
    "artist": "Eric Carmen",
    "songTitle": "Hungry Eyes"
},{
    "rank": "uploads/position/26-pos-top40charts.png",
    "youTubeUrl": "http://www.youtube.com/results?search_query=Johnny%20Hates%20Jazz%20-%20Shattered%20Dreams",
    "artist": "Johnny Hates Jazz",
    "songTitle": "Shattered Dreams"
},{
    "rank": "uploads/position/27-pos-top40charts.png",
    "youTubeUrl": "http://www.youtube.com/results?search_query=George%20Michael%20-%20Father%20Figure",
    "artist": "George Michael",
    "songTitle": "Father Figure"
},{
    "rank": "uploads/position/28-pos-top40charts.png",
    "youTubeUrl": "http://www.youtube.com/results?search_query=Samantha%20Fox%20-%20Naughty%20Girls%20(Need%20Love%20Too)",
    "artist": "Samantha Fox",
    "songTitle": "Naughty Girls (Need Love Too)"
},{
    "rank": "uploads/position/29-pos-top40charts.png",
    "youTubeUrl": "http://www.youtube.com/results?search_query=Phil%20Collins%20Groovy%20Kind%20Of%20Love",
    "artist": "Phil Collins",
    "songTitle": "Groovy Kind Of Love"
},{
    "rank": "uploads/position/30-pos-top40charts.png",
    "youTubeUrl": "http://www.youtube.com/results?search_query=Def%20Leppard%20-%20Love%20Bites",
    "artist": "Def Leppard",
    "songTitle": "Love Bites"
},{
    "rank": "uploads/position/31-pos-top40charts.png",
    "youTubeUrl": "http://www.youtube.com/results?search_query=Richard%20Marx%20-%20Endless%20Summer%20Nights",
    "artist": "Richard Marx",
    "songTitle": "Endless Summer Nights"
},{
    "rank": "uploads/position/32-pos-top40charts.png",
    "youTubeUrl": "http://www.youtube.com/results?search_query=Debbie%20Gibson%20-%20Foolish%20Beat",
    "artist": "Debbie Gibson",
    "songTitle": "Foolish Beat"
},{
    "rank": "uploads/position/33-pos-top40charts.png",
    "youTubeUrl": "http://www.youtube.com/results?search_query=Whitney%20Houston%20-%20Where%20Do%20Broken%20Hearts%20Go",
    "artist": "Whitney Houston",
    "songTitle": "Where Do Broken Hearts Go"
},{
    "rank": "uploads/position/34-pos-top40charts.png",
    "youTubeUrl": "http://www.youtube.com/results?search_query=Aerosmith%20-%20Angel",
    "artist": "Aerosmith",
    "songTitle": "Angel"
},{
    "rank": "uploads/position/35-pos-top40charts.png",
    "youTubeUrl": "http://www.youtube.com/results?search_query=Bangles%20-%20Hazy%20Shade%20Of%20Winter",
    "artist": "Bangles",
    "songTitle": "Hazy Shade Of Winter"
},{
    "rank": "uploads/position/36-pos-top40charts.png",
    "youTubeUrl": "http://www.youtube.com/results?search_query=Michael%20Jackson%20-%20The%20Way%20You%20Make%20Me%20Feel",
    "artist": "Michael Jackson",
    "songTitle": "The Way You Make Me Feel"
},{
    "rank": "uploads/position/37-pos-top40charts.png",
    "youTubeUrl": "http://www.youtube.com/results?search_query=Bobby%20McFerrin%20-%20Don%27t%20Worry,%20Be%20Happy",
    "artist": "Bobby McFerrin",
    "songTitle": "Don't Worry, Be Happy"
},{
    "rank": "uploads/position/38-pos-top40charts.png",
    "youTubeUrl": "http://www.youtube.com/results?search_query=Eric%20Carmen%20-%20Make%20Me%20Lose%20Control",
    "artist": "Eric Carmen",
    "songTitle": "Make Me Lose Control"
},{
    "rank": "uploads/position/39-pos-top40charts.png",
    "youTubeUrl": "http://www.youtube.com/results?search_query=Ub40%20-%20Red,%20Red%20Wine",
    "artist": "Ub40",
    "songTitle": "Red, Red Wine"
},{
    "rank": "uploads/position/40-pos-top40charts.png",
    "youTubeUrl": "http://www.youtube.com/results?search_query=Patrick%20Swayze%20-%20She%27s%20Like%20The%20Wind",
    "artist": "Patrick Swayze",
    "songTitle": "She's Like The Wind"
}