{
    "rank": "uploads/position/1-pos-top40charts.png",
    "youTubeUrl": "http://www.youtube.com/results?search_query=Chicago%20-%20Look%20Away",
    "artist": "Chicago",
    "songTitle": "Look Away"
},{
    "rank": "uploads/position/2-pos-top40charts.png",
    "youTubeUrl": "http://www.youtube.com/results?search_query=Bobby%20Brown%20-%20My%20Prerogative",
    "artist": "Bobby Brown",
    "songTitle": "My Prerogative"
},{
    "rank": "uploads/position/3-pos-top40charts.png",
    "youTubeUrl": "http://www.youtube.com/results?search_query=Poision%20-%20Every%20Rose%20Has%20Its%20Thorn",
    "artist": "Poison",
    "songTitle": "Every Rose Has Its Thorn"
},{
    "rank": "uploads/position/4-pos-top40charts.png",
    "youTubeUrl": "http://www.youtube.com/results?search_query=Paula%20Abdul%20-%20Straight%20Up",
    "artist": "Paula Abdul",
    "songTitle": "Straight Up"
},{
    "rank": "uploads/position/5-pos-top40charts.png",
    "youTubeUrl": "http://www.youtube.com/results?search_query=Janet%20Jackson%20-%20Miss%20You%20Much",
    "artist": "Janet Jackson",
    "songTitle": "Miss You Much"
},{
    "rank": "uploads/position/6-pos-top40charts.png",
    "youTubeUrl": "http://www.youtube.com/results?search_query=Paula%20Abdul%20-%20Cold%20Hearted",
    "artist": "Paula Abdul",
    "songTitle": "Cold Hearted"
},{
    "rank": "uploads/position/7-pos-top40charts.png",
    "youTubeUrl": "http://www.youtube.com/results?search_query=Bette%20Midler%20The%20Wind%20Beneath%20My%20Wings",
    "artist": "Bette Midler",
    "songTitle": "The Wind Beneath My Wings"
},{
    "rank": "uploads/position/8-pos-top40charts.png",
    "youTubeUrl": "http://www.youtube.com/results?search_query=Milli%20Vanilli%20-%20Girl%20You%20Know%20It%27s%20True",
    "artist": "Milli Vanilli",
    "songTitle": "Girl You Know It's True"
},{
    "rank": "uploads/position/9-pos-top40charts.png",
    "youTubeUrl": "http://www.youtube.com/results?search_query=Will%20To%20Power%20-%20Baby,%20I%20Love%20Your%20Way%20Freebird",
    "artist": "Will To Power",
    "songTitle": "Baby, I Love Your Way & Freebird"
},{
    "rank": "uploads/position/10-pos-top40charts.png",
    "youTubeUrl": "http://www.youtube.com/results?search_query=Anita%20Baker%20-%20Giving%20You%20The%20Best%20That%20I%20Got",
    "artist": "Anita Baker",
    "songTitle": "Giving You The Best That I Got"
},{
    "rank": "uploads/position/11-pos-top40charts.png",
    "youTubeUrl": "http://www.youtube.com/results?search_query=Richard%20Marx%20-%20Right%20Here%20Waiting",
    "artist": "Richard Marx",
    "songTitle": "Right Here Waiting"
},{
    "rank": "uploads/position/12-pos-top40charts.png",
    "youTubeUrl": "http://www.youtube.com/results?search_query=Boy%20Meets%20Girl%20-%20Waiting%20For%20A%20Star%20To%20Fall",
    "artist": "Boy Meets Girl",
    "songTitle": "Waiting For A Star To Fall"
},{
    "rank": "uploads/position/13-pos-top40charts.png",
    "youTubeUrl": "http://www.youtube.com/results?search_query=Debbie%20Gibson%20-%20Lost%20In%20Your%20Eyes",
    "artist": "Debbie Gibson",
    "songTitle": "Lost In Your Eyes"
},{
    "rank": "uploads/position/14-pos-top40charts.png",
    "youTubeUrl": "http://www.youtube.com/results?search_query=Gloria%20Estefan%20-%20Don%27t%20Wanna%20Lose%20You",
    "artist": "Gloria Estefan",
    "songTitle": "Don't Wanna Lose You"
},{
    "rank": "uploads/position/15-pos-top40charts.png",
    "youTubeUrl": "http://www.youtube.com/results?search_query=Warrant%20-%20Heaven",
    "artist": "Warrant",
    "songTitle": "Heaven"
},{
    "rank": "uploads/position/16-pos-top40charts.png",
    "youTubeUrl": "http://www.youtube.com/results?search_query=Milli%20Vanilli%20-%20Girl,%20I%27m%20Gonna%20Miss%20You",
    "artist": "Milli Vanilli",
    "songTitle": "Girl, I'm Gonna Miss You"
},{
    "rank": "uploads/position/17-pos-top40charts.png",
    "youTubeUrl": "http://www.youtube.com/results?search_query=Roxette%20-%20The%20Look",
    "artist": "Roxette",
    "songTitle": "The Look"
},{
    "rank": "uploads/position/18-pos-top40charts.png",
    "youTubeUrl": "http://www.youtube.com/results?search_query=Fine%20Young%20Cannibals%20-%20She%20Drives%20Me%20Crazy",
    "artist": "Fine Young Cannibals",
    "songTitle": "She Drives Me Crazy"
},{
    "rank": "uploads/position/19-pos-top40charts.png",
    "youTubeUrl": "http://www.youtube.com/results?search_query=Bobby%20Brown%20-%20On%20Our%20Own",
    "artist": "Bobby Brown",
    "songTitle": "On Our Own"
},{
    "rank": "uploads/position/20-pos-top40charts.png",
    "youTubeUrl": "http://www.youtube.com/results?search_query=Phil%20Collins%20-%20Two%20Hearts",
    "artist": "Phil Collins",
    "songTitle": "Two Hearts"
},{
    "rank": "uploads/position/21-pos-top40charts.png",
    "youTubeUrl": "http://www.youtube.com/results?search_query=Milli%20Vanilli%20-%20Blame%20It%20On%20The%20Rain",
    "artist": "Milli Vanilli",
    "songTitle": "Blame It On The Rain"
},{
    "rank": "uploads/position/22-pos-top40charts.png",
    "youTubeUrl": "http://www.youtube.com/results?search_query=Roxette%20-%20Listen%20To%20Your%20Heart",
    "artist": "Roxette",
    "songTitle": "Listen To Your Heart"
},{
    "rank": "uploads/position/23-pos-top40charts.png",
    "youTubeUrl": "http://www.youtube.com/results?search_query=Bon%20Jovi%20-%20I%27ll%20Be%20There%20For%20You",
    "artist": "Bon Jovi",
    "songTitle": "I'll Be There For You"
},{
    "rank": "uploads/position/24-pos-top40charts.png",
    "youTubeUrl": "http://www.youtube.com/results?search_query=Simply%20Red%20-%20If%20You%20Don%27t%20Know%20Me%20By%20Now",
    "artist": "Simply Red",
    "songTitle": "If You Don't Know Me By Now"
},{
    "rank": "uploads/position/25-pos-top40charts.png",
    "youTubeUrl": "http://www.youtube.com/results?search_query=Madonna%20-%20Like%20A%20Prayer",
    "artist": "Madonna",
    "songTitle": "Like A Prayer"
},{
    "rank": "uploads/position/26-pos-top40charts.png",
    "youTubeUrl": "http://www.youtube.com/results?search_query=Nkotb%20-%20I%27ll%20Be%20Loving%20You%20(Forever)",
    "artist": "Nkotb",
    "songTitle": "I'll Be Loving You (Forever)"
},{
    "rank": "uploads/position/27-pos-top40charts.png",
    "youTubeUrl": "http://www.youtube.com/results?search_query=Breathe%20-%20How%20Can%20I%20Fall",
    "artist": "Breathe",
    "songTitle": "How Can I Fall"
},{
    "rank": "uploads/position/28-pos-top40charts.png",
    "youTubeUrl": "http://www.youtube.com/results?search_query=Milli%20Vanilli%20-%20Baby%20Don%27t%20Forget%20My%20Number",
    "artist": "Milli Vanilli",
    "songTitle": "Baby Don't Forget My Number"
},{
    "rank": "uploads/position/29-pos-top40charts.png",
    "youTubeUrl": "http://www.youtube.com/results?search_query=Markita%20-%20Toy%20Soldiers",
    "artist": "Markita",
    "songTitle": "Toy Soldiers"
},{
    "rank": "uploads/position/30-pos-top40charts.png",
    "youTubeUrl": "http://www.youtube.com/results?search_query=Paula%20Abdul%20-%20Forever%20Your%20Girl",
    "artist": "Paula Abdul",
    "songTitle": "Forever Your Girl"
},{
    "rank": "uploads/position/31-pos-top40charts.png",
    "youTubeUrl": "http://www.youtube.com/results?search_query=Mike%20The%20Mechanics%20-%20The%20Living%20Years",
    "artist": "Mike + The Mechanics",
    "songTitle": "The Living Years"
},{
    "rank": "uploads/position/32-pos-top40charts.png",
    "youTubeUrl": "http://www.youtube.com/results?search_query=Bangles%20-%20Eternal%20Flame",
    "artist": "Bangles",
    "songTitle": "Eternal Flame"
},{
    "rank": "uploads/position/33-pos-top40charts.png",
    "youTubeUrl": "http://www.youtube.com/results?search_query=Tone%20Loc%20-%20Wild%20Thing",
    "artist": "Tone Loc",
    "songTitle": "Wild Thing"
},{
    "rank": "uploads/position/34-pos-top40charts.png",
    "youTubeUrl": "http://www.youtube.com/results?search_query=Bad%20English%20-%20When%20I%20See%20You%20Smile",
    "artist": "Bad English",
    "songTitle": "When I See You Smile"
},{
    "rank": "uploads/position/35-pos-top40charts.png",
    "youTubeUrl": "http://www.youtube.com/results?search_query=Cher%20-%20If%20I%20Could%20Turn%20Back%20Time",
    "artist": "Cher",
    "songTitle": "If I Could Turn Back Time"
},{
    "rank": "uploads/position/36-pos-top40charts.png",
    "youTubeUrl": "http://www.youtube.com/results?search_query=Neneh%20Cherry%20-%20Buffalo%20Stance",
    "artist": "Neneh Cherry",
    "songTitle": "Buffalo Stance"
},{
    "rank": "uploads/position/37-pos-top40charts.png",
    "youTubeUrl": "http://www.youtube.com/results?search_query=Sheriff%20-%20When%20I%27m%20With%20You",
    "artist": "Sheriff",
    "songTitle": "When I'm With You"
},{
    "rank": "uploads/position/38-pos-top40charts.png",
    "youTubeUrl": "http://www.youtube.com/results?search_query=Taylor%20Dayne%20-%20Don%27t%20Rush%20Me",
    "artist": "Taylor Dayne",
    "songTitle": "Don't Rush Me"
},{
    "rank": "uploads/position/39-pos-top40charts.png",
    "youTubeUrl": "http://www.youtube.com/results?search_query=Bon%20Jovi%20-%20Born%20To%20Be%20My%20Baby",
    "artist": "Bon Jovi",
    "songTitle": "Born To Be My Baby"
},{
    "rank": "uploads/position/40-pos-top40charts.png",
    "youTubeUrl": "http://www.youtube.com/results?search_query=Fine%20Young%20Cannibals%20-%20Good%20Thing",
    "artist": "Fine Young Cannibals",
    "songTitle": "Good Thing"
}