{
    "rank": "uploads/position/1-pos-top40charts.png",
    "youTubeUrl": "http://www.youtube.com/results?search_query=Simon%20Garfunkel%20-%20Bridge%20Over%20Troubled%20Water",
    "artist": "Simon & Garfunkel",
    "songTitle": "Bridge Over Troubled Water"
},{
    "rank": "uploads/position/2-pos-top40charts.png",
    "youTubeUrl": "http://www.youtube.com/results?search_query=Carpenters%20-%20Close%20To%20You",
    "artist": "Carpenters",
    "songTitle": "Close To You"
},{
    "rank": "uploads/position/3-pos-top40charts.png",
    "youTubeUrl": "http://www.youtube.com/results?search_query=Guess%20Who%20-%20American%20Woman",
    "artist": "Guess Who",
    "songTitle": "American Woman"
},{
    "rank": "uploads/position/4-pos-top40charts.png",
    "youTubeUrl": "http://www.youtube.com/results?search_query=Bj%20Thomas%20-%20Raindrops%20Keep%20Falling%20On%20My%20Head",
    "artist": "Bj Thomas",
    "songTitle": "Raindrops Keep Falling On My Head"
},{
    "rank": "uploads/position/5-pos-top40charts.png",
    "youTubeUrl": "http://www.youtube.com/results?search_query=Edwin%20Starr%20-%20War",
    "artist": "Edwin Starr",
    "songTitle": "War"
},{
    "rank": "uploads/position/6-pos-top40charts.png",
    "youTubeUrl": "http://www.youtube.com/results?search_query=Diana%20Ross%20-%20Ain%27t%20No%20Mountain%20High%20Enough",
    "artist": "Diana Ross",
    "songTitle": "Ain't No Mountain High Enough"
},{
    "rank": "uploads/position/7-pos-top40charts.png",
    "youTubeUrl": "http://www.youtube.com/results?search_query=Jackson%205%20-%20I%27ll%20Be%20There",
    "artist": "Jackson 5",
    "songTitle": "I'll Be There"
},{
    "rank": "uploads/position/8-pos-top40charts.png",
    "youTubeUrl": "http://www.youtube.com/results?search_query=Rare%20Earth%20-%20Get%20Ready",
    "artist": "Rare Earth",
    "songTitle": "Get Ready"
},{
    "rank": "uploads/position/9-pos-top40charts.png",
    "youTubeUrl": "http://www.youtube.com/results?search_query=Beatles%20-%20Let%20It%20Be",
    "artist": "Beatles",
    "songTitle": "Let It Be"
},{
    "rank": "uploads/position/10-pos-top40charts.png",
    "youTubeUrl": "http://www.youtube.com/results?search_query=Freda%20Payne%20-%20Band%20Of%20Gold",
    "artist": "Freda Payne",
    "songTitle": "Band Of Gold"
},{
    "rank": "uploads/position/11-pos-top40charts.png",
    "youTubeUrl": "http://www.youtube.com/results?search_query=Ray%20Stevens%20-%20Everything%20Is%20Beautiful",
    "artist": "Ray Stevens",
    "songTitle": "Everything Is Beautiful"
},{
    "rank": "uploads/position/12-pos-top40charts.png",
    "youTubeUrl": "http://www.youtube.com/results?search_query=Three%20Dog%20Night%20-%20Mama%20Told%20Me",
    "artist": "Three Dog Night",
    "songTitle": "Mama Told Me (Not To Come)"
},{
    "rank": "uploads/position/13-pos-top40charts.png",
    "youTubeUrl": "http://www.youtube.com/results?search_query=Bread%20-%20Make%20It%20With%20You",
    "artist": "Bread",
    "songTitle": "Make It With You"
},{
    "rank": "uploads/position/14-pos-top40charts.png",
    "youTubeUrl": "http://www.youtube.com/results?search_query=Vanity%20Fair%20-%20Hitchin%27%20A%20Ride",
    "artist": "Vanity Fair",
    "songTitle": "Hitchin' A Ride"
},{
    "rank": "uploads/position/15-pos-top40charts.png",
    "youTubeUrl": "http://www.youtube.com/results?search_query=Jackson%205%20-%20Abc",
    "artist": "Jackson 5",
    "songTitle": "Abc"
},{
    "rank": "uploads/position/16-pos-top40charts.png",
    "youTubeUrl": "http://www.youtube.com/results?search_query=The%20Love%20You%20Save%20-%20Jackson%20Five",
    "artist": "The Love You Save",
    "songTitle": "Jackson Five"
},{
    "rank": "uploads/position/17-pos-top40charts.png",
    "youTubeUrl": "http://www.youtube.com/results?search_query=Cracklin%27%20Rose%20-%20Neil%20Diamond",
    "artist": "Cracklin' Rose",
    "songTitle": "Neil Diamond"
},{
    "rank": "uploads/position/18-pos-top40charts.png",
    "youTubeUrl": "http://www.youtube.com/results?search_query=Candida%20-%20Tony%20Orlando%20Dawn",
    "artist": "Candida",
    "songTitle": "Tony Orlando & Dawn"
},{
    "rank": "uploads/position/19-pos-top40charts.png",
    "youTubeUrl": "http://www.youtube.com/results?search_query=Everybody%20Is%20A%20Star%20-%20Sly%20&%20The%20Family%20Stone",
    "artist": "Everybody Is A Star",
    "songTitle": "Sly & The Family Stone"
},{
    "rank": "uploads/position/20-pos-top40charts.png",
    "youTubeUrl": "http://www.youtube.com/results?search_query=Spill%20The%20Wine%20-%20Eric%20Burdon%20War",
    "artist": "Spill The Wine",
    "songTitle": "Eric Burdon & War"
},{
    "rank": "uploads/position/21-pos-top40charts.png",
    "youTubeUrl": "http://www.youtube.com/results?search_query=Five%20Stairsteps%20Cubie%20-%20O%20-%20O%20-%20H%20Child",
    "artist": "Five Stairsteps & Cubie",
    "songTitle": "O Oh Child"
},{
    "rank": "uploads/position/22-pos-top40charts.png",
    "youTubeUrl": "http://www.youtube.com/results?search_query=Norman%20Greenbaum%20-%20Spirit%20In%20The%20Sky",
    "artist": "Norman Greenbaum",
    "songTitle": "Spirit In The Sky"
},{
    "rank": "uploads/position/23-pos-top40charts.png",
    "youTubeUrl": "http://www.youtube.com/results?search_query=Melanie%20With%20The%20Edwin%20Hawkins%20Singers%20-%20Lay%20Down",
    "artist": "Melanie With The Edwin Hawkins Singers",
    "songTitle": "Lay Down"
},{
    "rank": "uploads/position/24-pos-top40charts.png",
    "youTubeUrl": "http://www.youtube.com/results?search_query=Temptations%20-%20Ball%20Of%20Confusion",
    "artist": "Temptations",
    "songTitle": "Ball Of Confusion"
},{
    "rank": "uploads/position/25-pos-top40charts.png",
    "youTubeUrl": "http://www.youtube.com/results?search_query=Moments%20-%20Love%20On%20A%20Two%20Way%20Street",
    "artist": "Moments",
    "songTitle": "Love On A Two Way Street"
},{
    "rank": "uploads/position/26-pos-top40charts.png",
    "youTubeUrl": "http://www.youtube.com/results?search_query=Poppy%20Family%20-%20Which%20Way%20You%20Goin%27%20Billy",
    "artist": "Poppy Family",
    "songTitle": "Which Way You Goin' Billy"
},{
    "rank": "uploads/position/27-pos-top40charts.png",
    "youTubeUrl": "http://www.youtube.com/results?search_query=Which%20Way%20You%20Goin%27%20Billy%20-%20Poppy%20Family",
    "artist": "Which Way You Goin' Billy",
    "songTitle": "Poppy Family"
},{
    "rank": "uploads/position/28-pos-top40charts.png",
    "youTubeUrl": "http://www.youtube.com/results?search_query=Jackson%205%20-%20I%20Want%20You%20Back",
    "artist": "Jackson 5",
    "songTitle": "I Want You Back"
},{
    "rank": "uploads/position/29-pos-top40charts.png",
    "youTubeUrl": "http://www.youtube.com/results?search_query=Bobby%20Sherman%20-%20Julie,%20Do%20Ya%20Love%20Me",
    "artist": "Bobby Sherman",
    "songTitle": "Julie, Do Ya Love Me"
},{
    "rank": "uploads/position/30-pos-top40charts.png",
    "youTubeUrl": "http://www.youtube.com/results?search_query=Sugarloaf%20-%20Green%20-%20Eyed%20Lady",
    "artist": "Sugarloaf",
    "songTitle": "Green Eyed lady"
},{
    "rank": "uploads/position/31-pos-top40charts.png",
    "youTubeUrl": "http://www.youtube.com/results?search_query=Stevie%20Wonder%20-%20Signed%20Sealed%20Delivered",
    "artist": "Stevie Wonder",
    "songTitle": "Signed Sealed Delivered"
},{
    "rank": "uploads/position/32-pos-top40charts.png",
    "youTubeUrl": "http://www.youtube.com/results?search_query=Blues%20Image%20-%20Ride%20Captain%20Ride",
    "artist": "Blues Image",
    "songTitle": "Ride Captain Ride"
},{
    "rank": "uploads/position/33-pos-top40charts.png",
    "youTubeUrl": "http://www.youtube.com/results?search_query=Shocking%20Blue%20-%20Venus",
    "artist": "Shocking Blue",
    "songTitle": "Venus"
},{
    "rank": "uploads/position/34-pos-top40charts.png",
    "youTubeUrl": "http://www.youtube.com/results?search_query=John%20Lennon%20-%20Instant%20Karma%20(We%20All%20Shine%20On)",
    "artist": "John Lennon",
    "songTitle": "Instant Karma (We All Shine On)"
},{
    "rank": "uploads/position/35-pos-top40charts.png",
    "youTubeUrl": "http://www.youtube.com/results?search_query=Clarence%20Carter%20-%20Patches",
    "artist": "Clarence Carter",
    "songTitle": "Patches"
},{
    "rank": "uploads/position/36-pos-top40charts.png",
    "youTubeUrl": "http://www.youtube.com/results?search_query=Lookin%27%20Out%20My%20Back%20Door%20-%20Creedence%20Clearwater%20Revival",
    "artist": "Lookin' Out My Back Door",
    "songTitle": "Creedence Clearwater Revival"
},{
    "rank": "uploads/position/37-pos-top40charts.png",
    "youTubeUrl": "http://www.youtube.com/results?search_query=Brook%20Benton%20-%20Rainy%20Night%20In%20Georgia",
    "artist": "Brook Benton",
    "songTitle": "Rainy Night In Georgia"
},{
    "rank": "uploads/position/38-pos-top40charts.png",
    "youTubeUrl": "http://www.youtube.com/results?search_query=Kenny%20Rogers%20The%20First%20Edition%20-%20Something%27s%20Burn",
    "artist": "Kenny Rogers & The First Edition",
    "songTitle": "Something's Burn"
},{
    "rank": "uploads/position/39-pos-top40charts.png",
    "youTubeUrl": "http://www.youtube.com/results?search_query=Chairmen%20Of%20The%20Board%20-%20Give%20Me%20Just%20A%20Little%20More",
    "artist": "Chairmen Of The Board",
    "songTitle": "Give Me Just A Little More"
},{
    "rank": "uploads/position/40-pos-top40charts.png",
    "youTubeUrl": "http://www.youtube.com/results?search_query=Edison%20Lighthouse%20-%20Love%20Grows%20(Where%20My%20Rosemary%20Goes)",
    "artist": "Edison Lighthouse",
    "songTitle": "Love Grows (Where My Rosemary Goes)"
}