{
    "rank": "uploads/position/1-pos-top40charts.png",
    "youTubeUrl": "http://www.youtube.com/results?search_query=Three%20Dog%20Night%20-%20Joy%20To%20World",
    "artist": "Three Dog Night",
    "songTitle": "Joy To World"
},{
    "rank": "uploads/position/2-pos-top40charts.png",
    "youTubeUrl": "http://www.youtube.com/results?search_query=Rod%20Stewart%20-%20Maggie%20May",
    "artist": "Rod Stewart",
    "songTitle": "Maggie May"
},{
    "rank": "uploads/position/3-pos-top40charts.png",
    "youTubeUrl": "http://www.youtube.com/results?search_query=Carole%20King%20-%20It%27s%20Too%20Late",
    "artist": "Carole King",
    "songTitle": "It's Too Late"
},{
    "rank": "uploads/position/4-pos-top40charts.png",
    "youTubeUrl": "http://www.youtube.com/results?search_query=Osmonds%20-%20One%20Bad%20Apple",
    "artist": "Osmonds",
    "songTitle": "One Bad Apple"
},{
    "rank": "uploads/position/5-pos-top40charts.png",
    "youTubeUrl": "http://www.youtube.com/results?search_query=Bee%20Gees%20-%20How%20Can%20You%20Mend%20A%20Broken%20Heart",
    "artist": "Bee Gees",
    "songTitle": "How Can You Mend A Broken Heart"
},{
    "rank": "uploads/position/6-pos-top40charts.png",
    "youTubeUrl": "http://www.youtube.com/results?search_query=Raiders%20-%20Indian%20Reservation%20(The%20Lament%20Of%20Cheroke)",
    "artist": "Raiders",
    "songTitle": "Indian Reservation (The Lament Of Cheroke)"
},{
    "rank": "uploads/position/7-pos-top40charts.png",
    "youTubeUrl": "http://www.youtube.com/results?search_query=Donny%20Osmond%20-%20Go%20Away%20Little%20Girl",
    "artist": "Donny Osmond",
    "songTitle": "Go Away Little Girl"
},{
    "rank": "uploads/position/8-pos-top40charts.png",
    "youTubeUrl": "http://www.youtube.com/results?search_query=John%20Denver%20-%20Take%20Me%20Home,%20Country%20Roads",
    "artist": "John Denver",
    "songTitle": "Take Me Home, Country Roads"
},{
    "rank": "uploads/position/9-pos-top40charts.png",
    "youTubeUrl": "http://www.youtube.com/results?search_query=Temptations%20-%20Just%20My%20Imagination",
    "artist": "Temptations",
    "songTitle": "Just My Imagination"
},{
    "rank": "uploads/position/10-pos-top40charts.png",
    "youTubeUrl": "http://www.youtube.com/results?search_query=Tony%20Orlando%20Dawn%20-%20Knock%20Three%20Times",
    "artist": "Tony Orlando & Dawn",
    "songTitle": "Knock Three Times"
},{
    "rank": "uploads/position/11-pos-top40charts.png",
    "youTubeUrl": "http://www.youtube.com/results?search_query=Janis%20Joplin%20-%20Me%20And%20Bobby%20McGee",
    "artist": "Janis Joplin",
    "songTitle": "Me And Bobby McGee"
},{
    "rank": "uploads/position/12-pos-top40charts.png",
    "youTubeUrl": "http://www.youtube.com/results?search_query=Al%20Green%20-%20Tired%20Of%20Being%20Alone",
    "artist": "Al Green",
    "songTitle": "Tired Of Being Alone"
},{
    "rank": "uploads/position/13-pos-top40charts.png",
    "youTubeUrl": "http://www.youtube.com/results?search_query=Honey%20Cone%20-%20Want%20Ads",
    "artist": "Honey Cone",
    "songTitle": "Want Ads"
},{
    "rank": "uploads/position/14-pos-top40charts.png",
    "youTubeUrl": "http://www.youtube.com/results?search_query=Undisputed%20Truth%20-%20Smiling%20Faces%20Sometimes",
    "artist": "Undisputed Truth",
    "songTitle": "Smiling Faces Sometimes"
},{
    "rank": "uploads/position/15-pos-top40charts.png",
    "youTubeUrl": "http://www.youtube.com/results?search_query=Cornelius%20Brothers%20Sister%20Rose%20-%20Treat%20Her%20Like",
    "artist": "Cornelius Brothers & Sister Rose",
    "songTitle": "Treat Her Like"
},{
    "rank": "uploads/position/16-pos-top40charts.png",
    "youTubeUrl": "http://www.youtube.com/results?search_query=James%20Taylor%20-%20You%27ve%20Got%20A%20Friend",
    "artist": "James Taylor",
    "songTitle": "You've Got A Friend"
},{
    "rank": "uploads/position/17-pos-top40charts.png",
    "youTubeUrl": "http://www.youtube.com/results?search_query=Jean%20Knight%20-%20Mr%20Big%20Stuff",
    "artist": "Jean Knight",
    "songTitle": "Mr Big Stuff"
},{
    "rank": "uploads/position/18-pos-top40charts.png",
    "youTubeUrl": "http://www.youtube.com/results?search_query=Rolling%20Stones%20-%20Brown%20Sugar",
    "artist": "Rolling Stones",
    "songTitle": "Brown Sugar"
},{
    "rank": "uploads/position/19-pos-top40charts.png",
    "youTubeUrl": "http://www.youtube.com/results?search_query=Lee%20Michaels%20-%20Do%20You%20Know%20What%20I%20Mean",
    "artist": "Lee Michaels",
    "songTitle": "Do You Know What I Mean"
},{
    "rank": "uploads/position/20-pos-top40charts.png",
    "youTubeUrl": "http://www.youtube.com/results?search_query=Joan%20Baez%20-%20Night%20They%20Drove%20Old%20Dixie%20Down",
    "artist": "Joan Baez",
    "songTitle": "Night They Drove Old Dixie Down"
},{
    "rank": "uploads/position/21-pos-top40charts.png",
    "youTubeUrl": "http://www.youtube.com/results?search_query=Marvin%20Gaye%20-%20What%27s%20Going%20On",
    "artist": "Marvin Gaye",
    "songTitle": "What's Going On"
},{
    "rank": "uploads/position/22-pos-top40charts.png",
    "youTubeUrl": "http://www.youtube.com/results?search_query=Paul%20Linda%20McCartney%20-%20Uncle%20Albert",
    "artist": "Paul & Linda McCartney",
    "songTitle": "Uncle Albert"
},{
    "rank": "uploads/position/23-pos-top40charts.png",
    "youTubeUrl": "http://www.youtube.com/results?search_query=Bill%20Withers%20-%20Ain%27t%20No%20Sunshine",
    "artist": "Bill Withers",
    "songTitle": "Ain't No Sunshine"
},{
    "rank": "uploads/position/24-pos-top40charts.png",
    "youTubeUrl": "http://www.youtube.com/results?search_query=Five%20Man%20Electrical%20Band%20-%20Signs",
    "artist": "Five Man Electrical Band",
    "songTitle": "Signs"
},{
    "rank": "uploads/position/25-pos-top40charts.png",
    "youTubeUrl": "http://www.youtube.com/results?search_query=Tom%20Jones%20-%20She%27s%20A%20Lady",
    "artist": "Tom Jones",
    "songTitle": "She's A Lady"
},{
    "rank": "uploads/position/26-pos-top40charts.png",
    "youTubeUrl": "http://www.youtube.com/results?search_query=Murray%20Head%20With%20Trinidad%20Singers%20-%20Superstar",
    "artist": "Murray Head With Trinidad Singers",
    "songTitle": "Superstar"
},{
    "rank": "uploads/position/27-pos-top40charts.png",
    "youTubeUrl": "http://www.youtube.com/results?search_query=Free%20Movement%20-%20I%27ve%20Found%20Someone%20Of%20My%20Own",
    "artist": "Free Movement",
    "songTitle": "I've Found Someone Of My Own"
},{
    "rank": "uploads/position/28-pos-top40charts.png",
    "youTubeUrl": "http://www.youtube.com/results?search_query=Jerry%20Reed%20-%20Amos%20Moses",
    "artist": "Jerry Reed",
    "songTitle": "Amos Moses"
},{
    "rank": "uploads/position/29-pos-top40charts.png",
    "youTubeUrl": "http://www.youtube.com/results?search_query=Grass%20Roots%20-%20Temptation%20Eyes",
    "artist": "Grass Roots",
    "songTitle": "Temptation Eyes"
},{
    "rank": "uploads/position/30-pos-top40charts.png",
    "youTubeUrl": "http://www.youtube.com/results?search_query=Carpenters%20-%20Superstar",
    "artist": "Carpenters",
    "songTitle": "Superstar"
},{
    "rank": "uploads/position/31-pos-top40charts.png",
    "youTubeUrl": "http://www.youtube.com/results?search_query=Donny%20Osmond%20-%20Sweet%20And%20Innocent",
    "artist": "Donny Osmond",
    "songTitle": "Sweet And Innocent"
},{
    "rank": "uploads/position/32-pos-top40charts.png",
    "youTubeUrl": "http://www.youtube.com/results?search_query=Ocean%20-%20Put%20Your%20Hand%20In%20Hand",
    "artist": "Ocean",
    "songTitle": "Put Your Hand In Hand"
},{
    "rank": "uploads/position/33-pos-top40charts.png",
    "youTubeUrl": "http://www.youtube.com/results?search_query=Daddy%20Dewdrop%20-%20Chick%20-%20A%20-%20Boom",
    "artist": "Daddy Dewdrop",
    "songTitle": "Chick A Boom"
},{
    "rank": "uploads/position/34-pos-top40charts.png",
    "youTubeUrl": "http://www.youtube.com/results?search_query=Carpenters%20-%20For%20All%20We%20Know",
    "artist": "Carpenters",
    "songTitle": "For All We Know"
},{
    "rank": "uploads/position/35-pos-top40charts.png",
    "youTubeUrl": "http://www.youtube.com/results?search_query=Sammi%20Smith%20-%20Help%20Me%20Make%20It%20Through%20Night",
    "artist": "Sammi Smith",
    "songTitle": "Help Me Make It Through Night"
},{
    "rank": "uploads/position/36-pos-top40charts.png",
    "youTubeUrl": "http://www.youtube.com/results?search_query=Carpenters%20-%20Rainy%20Days%20And%20Mondays",
    "artist": "Carpenters",
    "songTitle": "Rainy Days And Mondays"
},{
    "rank": "uploads/position/37-pos-top40charts.png",
    "youTubeUrl": "http://www.youtube.com/results?search_query=Elvis%20Presley%20-%20In%20The%20Ghetto",
    "artist": "Elvis Presley",
    "songTitle": "In The Ghetto"
},{
    "rank": "uploads/position/38-pos-top40charts.png",
    "youTubeUrl": "http://www.youtube.com/results?search_query=Cher%20-%20Gypsies,%20Tramps%20Thieves",
    "artist": "Cher",
    "songTitle": "Gypsies, Tramps & Thieves"
},{
    "rank": "uploads/position/39-pos-top40charts.png",
    "youTubeUrl": "http://www.youtube.com/results?search_query=Jackson%205%20-%20Never%20Can%20Say%20Goodbye",
    "artist": "Jackson 5",
    "songTitle": "Never Can Say Goodbye"
}