{
    "rank": "uploads/position/1-pos-top40charts.png",
    "youTubeUrl": "http://www.youtube.com/results?search_query=Roberta%20Flack%20-%20First%20Time%20Ever%20I%20Saw%20Your%20Face",
    "artist": "Roberta Flack",
    "songTitle": "First Time Ever I Saw Your Face"
},{
    "rank": "uploads/position/2-pos-top40charts.png",
    "youTubeUrl": "http://www.youtube.com/results?search_query=Gilbert%20O%27sullivan%20-%20Alone%20Again%20(Naturally)",
    "artist": "Gilbert O'sullivan",
    "songTitle": "Alone Again (Naturally)"
},{
    "rank": "uploads/position/3-pos-top40charts.png",
    "youTubeUrl": "http://www.youtube.com/results?search_query=Don%20McLean%20-%20American%20Pie",
    "artist": "Don McLean",
    "songTitle": "American Pie"
},{
    "rank": "uploads/position/4-pos-top40charts.png",
    "youTubeUrl": "http://www.youtube.com/results?search_query=Harry%20Nilsson%20-%20Can%27t%20Live%20If%20Living%20Is%20Without%20You",
    "artist": "Harry Nilsson",
    "songTitle": "Can't Live If Living Is Without You"
},{
    "rank": "uploads/position/5-pos-top40charts.png",
    "youTubeUrl": "http://www.youtube.com/results?search_query=Sammy%20Davis%20Jr.%20-%20Candy%20Man",
    "artist": "Sammy Davis Jr.",
    "songTitle": "Candy Man"
},{
    "rank": "uploads/position/6-pos-top40charts.png",
    "youTubeUrl": "http://www.youtube.com/results?search_query=Joe%20Tex%20-%20I%20Gotcha",
    "artist": "Joe Tex",
    "songTitle": "I Gotcha"
},{
    "rank": "uploads/position/7-pos-top40charts.png",
    "youTubeUrl": "http://www.youtube.com/results?search_query=Bill%20Withers%20-%20Lean%20On%20Me",
    "artist": "Bill Withers",
    "songTitle": "Lean On Me"
},{
    "rank": "uploads/position/8-pos-top40charts.png",
    "youTubeUrl": "http://www.youtube.com/results?search_query=Mac%20Davis%20-%20Baby%20Don%27t%20Get%20Hooked%20On%20Me",
    "artist": "Mac Davis",
    "songTitle": "Baby Don't Get Hooked On Me"
},{
    "rank": "uploads/position/9-pos-top40charts.png",
    "youTubeUrl": "http://www.youtube.com/results?search_query=Melanie%20-%20Brand%20New%20Key",
    "artist": "Melanie",
    "songTitle": "Brand New Key"
},{
    "rank": "uploads/position/10-pos-top40charts.png",
    "youTubeUrl": "http://www.youtube.com/results?search_query=Wayne%20Newton%20-%20Daddy%20Don%27t%20You%20Walk%20So%20Fast",
    "artist": "Wayne Newton",
    "songTitle": "Daddy Don't You Walk So Fast"
},{
    "rank": "uploads/position/11-pos-top40charts.png",
    "youTubeUrl": "http://www.youtube.com/results?search_query=Al%20Green%20-%20Let%27s%20Stay%20Together",
    "artist": "Al Green",
    "songTitle": "Let's Stay Together"
},{
    "rank": "uploads/position/12-pos-top40charts.png",
    "youTubeUrl": "http://www.youtube.com/results?search_query=Looking%20Glass%20-%20Brandy",
    "artist": "Looking Glass",
    "songTitle": "Brandy"
},{
    "rank": "uploads/position/13-pos-top40charts.png",
    "youTubeUrl": "http://www.youtube.com/results?search_query=Chi%20-%20Lites%20-%20Oh%20Girl",
    "artist": "Chi Lites",
    "songTitle": "Og Girl"
},{
    "rank": "uploads/position/14-pos-top40charts.png",
    "youTubeUrl": "http://www.youtube.com/results?search_query=Gallery%20-%20Nice%20To%20Be%20With%20You",
    "artist": "Gallery",
    "songTitle": "Nice To Be With You"
},{
    "rank": "uploads/position/15-pos-top40charts.png",
    "youTubeUrl": "http://www.youtube.com/results?search_query=Chuck%20Berry%20-%20My%20Ding%20-%20A%20-%20Ling",
    "artist": "Chuck Berry",
    "songTitle": "My Ding A Ling"
},{
    "rank": "uploads/position/16-pos-top40charts.png",
    "youTubeUrl": "http://www.youtube.com/results?search_query=Luther%20Ingram%20-%20If%20Loving%20You%20Is%20Wrong",
    "artist": "Luther Ingram",
    "songTitle": "If Loving You Is Wrong"
},{
    "rank": "uploads/position/17-pos-top40charts.png",
    "youTubeUrl": "http://www.youtube.com/results?search_query=Neil%20Young%20-%20Heart%20Of%20Gold",
    "artist": "Neil Young",
    "songTitle": "Heart Of Gold"
},{
    "rank": "uploads/position/18-pos-top40charts.png",
    "youTubeUrl": "http://www.youtube.com/results?search_query=Stylistics%20-%20Betcha%20By%20Golly%20Wow",
    "artist": "Stylistics",
    "songTitle": "Betcha By Golly Wow"
},{
    "rank": "uploads/position/19-pos-top40charts.png",
    "youTubeUrl": "http://www.youtube.com/results?search_query=Staple%20Singers%20-%20I%27ll%20Take%20You%20There",
    "artist": "Staple Singers",
    "songTitle": "I'll Take You There"
},{
    "rank": "uploads/position/20-pos-top40charts.png",
    "youTubeUrl": "http://www.youtube.com/results?search_query=Michael%20Jackson%20-%20Ben",
    "artist": "Michael Jackson",
    "songTitle": "Ben"
},{
    "rank": "uploads/position/21-pos-top40charts.png",
    "youTubeUrl": "http://www.youtube.com/results?search_query=Robert%20John%20-%20Lion%20Sleeps%20Tonight",
    "artist": "Robert John",
    "songTitle": "Lion Sleeps Tonight"
},{
    "rank": "uploads/position/22-pos-top40charts.png",
    "youTubeUrl": "http://www.youtube.com/results?search_query=Billy%20Preston%20-%20Outa%20-%20Space",
    "artist": "Billy Preston",
    "songTitle": "Outa Space"
},{
    "rank": "uploads/position/23-pos-top40charts.png",
    "youTubeUrl": "http://www.youtube.com/results?search_query=War%20-%20Slippin%27%20Into%20Darkness",
    "artist": "War",
    "songTitle": "Slippin' Into Darkness"
},{
    "rank": "uploads/position/24-pos-top40charts.png",
    "youTubeUrl": "http://www.youtube.com/results?search_query=Hollies%20-%20Long%20Cool%20Woman%20(In%20A%20Black%20Dress)",
    "artist": "Hollies",
    "songTitle": "Long Cool Woman (In A Black Dress)"
},{
    "rank": "uploads/position/25-pos-top40charts.png",
    "youTubeUrl": "http://www.youtube.com/results?search_query=Mouth%20Macneal%20-%20How%20Do%20You%20Do",
    "artist": "Mouth & Macneal",
    "songTitle": "How Do You Do"
},{
    "rank": "uploads/position/26-pos-top40charts.png",
    "youTubeUrl": "http://www.youtube.com/results?search_query=Neil%20Diamond%20-%20Song%20Sung%20Blue",
    "artist": "Neil Diamond",
    "songTitle": "Song Sung Blue"
},{
    "rank": "uploads/position/27-pos-top40charts.png",
    "youTubeUrl": "http://www.youtube.com/results?search_query=America%20-%20Horse%20With%20No%20Name",
    "artist": "America",
    "songTitle": "Horse With No Name"
},{
    "rank": "uploads/position/28-pos-top40charts.png",
    "youTubeUrl": "http://www.youtube.com/results?search_query=Hot%20Butter%20-%20Popcorn",
    "artist": "Hot Butter",
    "songTitle": "Popcorn"
},{
    "rank": "uploads/position/29-pos-top40charts.png",
    "youTubeUrl": "http://www.youtube.com/results?search_query=Main%20Ingredient%20-%20Everybody%20Plays%20The%20Fool",
    "artist": "Main Ingredient",
    "songTitle": "Everybody Plays The Fool"
},{
    "rank": "uploads/position/30-pos-top40charts.png",
    "youTubeUrl": "http://www.youtube.com/results?search_query=Climax%20-%20Precious%20And%20Few",
    "artist": "Climax",
    "songTitle": "Precious And Few"
},{
    "rank": "uploads/position/31-pos-top40charts.png",
    "youTubeUrl": "http://www.youtube.com/results?search_query=5th%20Dimension%20-%20(Last%20Night)%20I%20Didn%27t%20Get%20To%20Sleep",
    "artist": "5th Dimension",
    "songTitle": "(Last Night) I Didn't Get To Sleep"
},{
    "rank": "uploads/position/32-pos-top40charts.png",
    "youTubeUrl": "http://www.youtube.com/results?search_query=Moody%20Blues%20-%20Nights%20In%20White%20Satin",
    "artist": "Moody Blues",
    "songTitle": "Nights In White Satin"
},{
    "rank": "uploads/position/33-pos-top40charts.png",
    "youTubeUrl": "http://www.youtube.com/results?search_query=Raspberries%20-%20Go%20All%20The%20Way",
    "artist": "Raspberries",
    "songTitle": "Go All The Way"
},{
    "rank": "uploads/position/34-pos-top40charts.png",
    "youTubeUrl": "http://www.youtube.com/results?search_query=Cornelius%20Brothers%20Sister%20Rose%20-%20Too%20Late%20To%20Turn",
    "artist": "Cornelius Brothers & Sister Rose",
    "songTitle": "Too Late To Turn"
},{
    "rank": "uploads/position/35-pos-top40charts.png",
    "youTubeUrl": "http://www.youtube.com/results?search_query=O%27jays%20-%20Back%20Stabbers",
    "artist": "O'jays",
    "songTitle": "Back Stabbers"
},{
    "rank": "uploads/position/36-pos-top40charts.png",
    "youTubeUrl": "http://www.youtube.com/results?search_query=Osmonds%20-%20Down%20By%20The%20Lazy%20River",
    "artist": "Osmonds",
    "songTitle": "Down By The Lazy River"
},{
    "rank": "uploads/position/37-pos-top40charts.png",
    "youTubeUrl": "http://www.youtube.com/results?search_query=Jonathan%20Edwards%20-%20Sunshine",
    "artist": "Jonathan Edwards",
    "songTitle": "Sunshine"
},{
    "rank": "uploads/position/38-pos-top40charts.png",
    "youTubeUrl": "http://www.youtube.com/results?search_query=Mel%20Tim%20-%20Starting%20All%20Over%20Again",
    "artist": "Mel & Tim",
    "songTitle": "Starting All Over Again"
},{
    "rank": "uploads/position/39-pos-top40charts.png",
    "youTubeUrl": "http://www.youtube.com/results?search_query=Badfinger%20-%20Day%20After%20Day",
    "artist": "Badfinger",
    "songTitle": "Day After Day"
},{
    "rank": "uploads/position/40-pos-top40charts.png",
    "youTubeUrl": "http://www.youtube.com/results?search_query=Elton%20John%20-%20Rocket%20Man",
    "artist": "Elton John",
    "songTitle": "Rocket Man"
}