{
    "rank": "uploads/position/1-pos-top40charts.png",
    "youTubeUrl": "http://www.youtube.com/results?search_query=Tony%20Orlando%20Dawn%20-%20Tie%20A%20Yellow%20Ribbon",
    "artist": "Tony Orlando & Dawn",
    "songTitle": "Tie A Yellow Ribbon"
},{
    "rank": "uploads/position/2-pos-top40charts.png",
    "youTubeUrl": "http://www.youtube.com/results?search_query=Jim%20Croce%20-%20Bad,%20Bad%20Leroy%20Brown",
    "artist": "Jim Croce",
    "songTitle": "Bad, Bad Leroy Brown"
},{
    "rank": "uploads/position/3-pos-top40charts.png",
    "youTubeUrl": "http://www.youtube.com/results?search_query=Roberta%20Flack%20-%20Killing%20Me%20Softly%20With%20His%20Song",
    "artist": "Roberta Flack",
    "songTitle": "Killing Me Softly With His Song"
},{
    "rank": "uploads/position/4-pos-top40charts.png",
    "youTubeUrl": "http://www.youtube.com/results?search_query=Marvin%20Gaye%20-%20Let%27s%20Get%20It%20On",
    "artist": "Marvin Gaye",
    "songTitle": "Let's Get It On"
},{
    "rank": "uploads/position/5-pos-top40charts.png",
    "youTubeUrl": "http://www.youtube.com/results?search_query=Paul%20McCartney%20Wings%20-%20My%20Love",
    "artist": "Paul McCartney & Wings",
    "songTitle": "My Love"
},{
    "rank": "uploads/position/6-pos-top40charts.png",
    "youTubeUrl": "http://www.youtube.com/results?search_query=Kris%20Kristofferson%20-%20Why%20Me",
    "artist": "Kris Kristofferson",
    "songTitle": "Why Me"
},{
    "rank": "uploads/position/7-pos-top40charts.png",
    "youTubeUrl": "http://www.youtube.com/results?search_query=Billy%20Preston%20-%20Will%20It%20Go%20Round%20In%20Circles",
    "artist": "Billy Preston",
    "songTitle": "Will It Go Round In Circles"
},{
    "rank": "uploads/position/8-pos-top40charts.png",
    "youTubeUrl": "http://www.youtube.com/results?search_query=Carly%20Simon%20-%20Youre%20So%20Vain",
    "artist": "Carly Simon",
    "songTitle": "Youre So Vain"
},{
    "rank": "uploads/position/9-pos-top40charts.png",
    "youTubeUrl": "http://www.youtube.com/results?search_query=Diana%20Ross%20-%20Touch%20Me%20In%20The%20Morning",
    "artist": "Diana Ross",
    "songTitle": "Touch Me In The Morning"
},{
    "rank": "uploads/position/10-pos-top40charts.png",
    "youTubeUrl": "http://www.youtube.com/results?search_query=Vicki%20Lawrence%20-%20The%20Night%20The%20Lights%20Went%20Out%20In%20Georgia",
    "artist": "Vicki Lawrence",
    "songTitle": "The Night The Lights Went Out In Georgia"
},{
    "rank": "uploads/position/11-pos-top40charts.png",
    "youTubeUrl": "http://www.youtube.com/results?search_query=Clint%20Holmes%20-%20Playground%20In%20My%20Mind",
    "artist": "Clint Holmes",
    "songTitle": "Playground In My Mind"
},{
    "rank": "uploads/position/12-pos-top40charts.png",
    "youTubeUrl": "http://www.youtube.com/results?search_query=Stories%20-%20Brother%20Louie",
    "artist": "Stories",
    "songTitle": "Brother Louie"
},{
    "rank": "uploads/position/13-pos-top40charts.png",
    "youTubeUrl": "http://www.youtube.com/results?search_query=Helen%20Reddy%20-%20Delta%20Dawn",
    "artist": "Helen Reddy",
    "songTitle": "Delta Dawn"
},{
    "rank": "uploads/position/14-pos-top40charts.png",
    "youTubeUrl": "http://www.youtube.com/results?search_query=Billy%20Paul%20-%20Me%20And%20Mrs%20Jones",
    "artist": "Billy Paul",
    "songTitle": "Me And Mrs Jones"
},{
    "rank": "uploads/position/15-pos-top40charts.png",
    "youTubeUrl": "http://www.youtube.com/results?search_query=Edgar%20Winter%20Group%20-%20Frankenstein",
    "artist": "Edgar Winter Group",
    "songTitle": "Frankenstein"
},{
    "rank": "uploads/position/16-pos-top40charts.png",
    "youTubeUrl": "http://www.youtube.com/results?search_query=Dobie%20Gray%20-%20Drift%20Away",
    "artist": "Dobie Gray",
    "songTitle": "Drift Away"
},{
    "rank": "uploads/position/17-pos-top40charts.png",
    "youTubeUrl": "http://www.youtube.com/results?search_query=Sweet%20-%20Little%20Willy",
    "artist": "Sweet",
    "songTitle": "Little Willy"
},{
    "rank": "uploads/position/18-pos-top40charts.png",
    "youTubeUrl": "http://www.youtube.com/results?search_query=Stevie%20Wonder%20-%20You%20Are%20The%20Sunshine%20Of%20My%20Life",
    "artist": "Stevie Wonder",
    "songTitle": "You Are The Sunshine Of My Life"
},{
    "rank": "uploads/position/19-pos-top40charts.png",
    "youTubeUrl": "http://www.youtube.com/results?search_query=Cher%20-%20Half%20Breed",
    "artist": "Cher",
    "songTitle": "Half Breed"
},{
    "rank": "uploads/position/20-pos-top40charts.png",
    "youTubeUrl": "http://www.youtube.com/results?search_query=Isley%20Brothers%20-%20That%20Lady",
    "artist": "Isley Brothers",
    "songTitle": "That Lady"
},{
    "rank": "uploads/position/21-pos-top40charts.png",
    "youTubeUrl": "http://www.youtube.com/results?search_query=Sylvia%20-%20Pillow%20Talk",
    "artist": "Sylvia",
    "songTitle": "Pillow Talk"
},{
    "rank": "uploads/position/22-pos-top40charts.png",
    "youTubeUrl": "http://www.youtube.com/results?search_query=Grand%20Funk%20Railroad%20-%20Were%20An%20American%20Band",
    "artist": "Grand Funk Railroad",
    "songTitle": "Were An American Band"
},{
    "rank": "uploads/position/23-pos-top40charts.png",
    "youTubeUrl": "http://www.youtube.com/results?search_query=Dr%20John%20-%20Right%20Place,%20Wrong%20Time",
    "artist": "Dr John",
    "songTitle": "Right Place, Wrong Time"
},{
    "rank": "uploads/position/24-pos-top40charts.png",
    "youTubeUrl": "http://www.youtube.com/results?search_query=Skylark%20-%20Wildflower",
    "artist": "Skylark",
    "songTitle": "Wildflower"
},{
    "rank": "uploads/position/25-pos-top40charts.png",
    "youTubeUrl": "http://www.youtube.com/results?search_query=Stevie%20Wonder%20-%20Superstition",
    "artist": "Stevie Wonder",
    "songTitle": "Superstition"
},{
    "rank": "uploads/position/26-pos-top40charts.png",
    "youTubeUrl": "http://www.youtube.com/results?search_query=Paul%20Simon%20-%20Loves%20Me%20Like%20A%20Rock",
    "artist": "Paul Simon",
    "songTitle": "Loves Me Like A Rock"
},{
    "rank": "uploads/position/27-pos-top40charts.png",
    "youTubeUrl": "http://www.youtube.com/results?search_query=Maureen%20McGovern%20-%20The%20Morning%20After",
    "artist": "Maureen McGovern",
    "songTitle": "The Morning After"
},{
    "rank": "uploads/position/28-pos-top40charts.png",
    "youTubeUrl": "http://www.youtube.com/results?search_query=John%20Denver%20-%20Rocky%20Mountain%20High",
    "artist": "John Denver",
    "songTitle": "Rocky Mountain High"
},{
    "rank": "uploads/position/29-pos-top40charts.png",
    "youTubeUrl": "http://www.youtube.com/results?search_query=Stealers%20Wheel%20-%20Stuck%20In%20The%20Middle%20With%20You",
    "artist": "Stealers Wheel",
    "songTitle": "Stuck In The Middle With You"
},{
    "rank": "uploads/position/30-pos-top40charts.png",
    "youTubeUrl": "http://www.youtube.com/results?search_query=Three%20Dog%20Night%20-%20Shambala",
    "artist": "Three Dog Night",
    "songTitle": "Shambala"
},{
    "rank": "uploads/position/31-pos-top40charts.png",
    "youTubeUrl": "http://www.youtube.com/results?search_query=Ojays%20-%20Love%20Train",
    "artist": "Ojays",
    "songTitle": "Love Train"
},{
    "rank": "uploads/position/32-pos-top40charts.png",
    "youTubeUrl": "http://www.youtube.com/results?search_query=Barry%20White%20-%20Im%20Gonna%20Love%20You%20Just%20A%20Little%20More",
    "artist": "Barry White",
    "songTitle": "Im Gonna Love You Just A Little More"
},{
    "rank": "uploads/position/33-pos-top40charts.png",
    "youTubeUrl": "http://www.youtube.com/results?search_query=Tony%20Orlando%20Dawn%20-%20Say%20Has%20Anybody%20Seen%20My%20Sweet",
    "artist": "Tony Orlando & Dawn",
    "songTitle": "Say Has Anybody Seen My Sweet"
},{
    "rank": "uploads/position/34-pos-top40charts.png",
    "youTubeUrl": "http://www.youtube.com/results?search_query=Eddie%20Kendricks%20-%20Keep%20On%20Truckin",
    "artist": "Eddie Kendricks",
    "songTitle": "Keep On Truckin'"
},{
    "rank": "uploads/position/35-pos-top40charts.png",
    "youTubeUrl": "http://www.youtube.com/results?search_query=King%20Harvest%20-%20Dancing%20In%20The%20Moonlight",
    "artist": "King Harvest",
    "songTitle": "Dancing In The Moonlight"
},{
    "rank": "uploads/position/36-pos-top40charts.png",
    "youTubeUrl": "http://www.youtube.com/results?search_query=Anne%20Murray%20-%20Danny%27s%20Song",
    "artist": "Anne Murray",
    "songTitle": "Danny's Song"
},{
    "rank": "uploads/position/37-pos-top40charts.png",
    "youTubeUrl": "http://www.youtube.com/results?search_query=Bobby%20%27boris%27%20Pickett%20-%20Monster%20Mash",
    "artist": "Bobby 'boris' Pickett",
    "songTitle": "Monster Mash"
},{
    "rank": "uploads/position/38-pos-top40charts.png",
    "youTubeUrl": "http://www.youtube.com/results?search_query=Bloodstone%20-%20Natural%20High",
    "artist": "Bloodstone",
    "songTitle": "Natural High"
},{
    "rank": "uploads/position/39-pos-top40charts.png",
    "youTubeUrl": "http://www.youtube.com/results?search_query=Seals%20Crofts%20-%20Diamond%20Girl",
    "artist": "Seals & Crofts",
    "songTitle": "Diamond Girl"
}