{
    "rank": "uploads/position/1-pos-top40charts.png",
    "youTubeUrl": "http://www.youtube.com/results?search_query=Captain%20Tennille%20-%20Love%20Will%20Keep%20Us%20Together",
    "artist": "Captain & Tennille",
    "songTitle": "Love Will Keep Us Together"
},{
    "rank": "uploads/position/2-pos-top40charts.png",
    "youTubeUrl": "http://www.youtube.com/results?search_query=Glen%20Campbell%20-%20Rhinestone%20Cowboy",
    "artist": "Glen Campbell",
    "songTitle": "Rhinestone Cowboy"
},{
    "rank": "uploads/position/3-pos-top40charts.png",
    "youTubeUrl": "http://www.youtube.com/results?search_query=Elton%20John%20-%20Philadelphia%20Freedom",
    "artist": "Elton John",
    "songTitle": "Philadelphia Freedom"
},{
    "rank": "uploads/position/4-pos-top40charts.png",
    "youTubeUrl": "http://www.youtube.com/results?search_query=Freddy%20Fender%20-%20Before%20The%20Next%20Teardrop%20Falls",
    "artist": "Freddy Fender",
    "songTitle": "Before The Next Teardrop Falls"
},{
    "rank": "uploads/position/5-pos-top40charts.png",
    "youTubeUrl": "http://www.youtube.com/results?search_query=Frankie%20Valli%20-%20My%20Eye%27s%20Adored%20You",
    "artist": "Frankie Valli",
    "songTitle": "My Eye's Adored You"
},{
    "rank": "uploads/position/6-pos-top40charts.png",
    "youTubeUrl": "http://www.youtube.com/results?search_query=Earth%20Wind%20And%20Fire%20-%20Shining%20Star",
    "artist": "Earth Wind And Fire",
    "songTitle": "Shining Star"
},{
    "rank": "uploads/position/7-pos-top40charts.png",
    "youTubeUrl": "http://www.youtube.com/results?search_query=David%20Bowie%20-%20Fame",
    "artist": "David Bowie",
    "songTitle": "Fame"
},{
    "rank": "uploads/position/8-pos-top40charts.png",
    "youTubeUrl": "http://www.youtube.com/results?search_query=Neil%20Sedaka%20-%20Laughter%20In%20The%20Rain",
    "artist": "Neil Sedaka",
    "songTitle": "Laughter In The Rain"
},{
    "rank": "uploads/position/9-pos-top40charts.png",
    "youTubeUrl": "http://www.youtube.com/results?search_query=Eagles%20-%20One%20Of%20These%20Nights",
    "artist": "Eagles",
    "songTitle": "One Of These Nights"
},{
    "rank": "uploads/position/10-pos-top40charts.png",
    "youTubeUrl": "http://www.youtube.com/results?search_query=John%20Denver%20-%20Thank%20God%20I%27m%20A%20Country%20Boy",
    "artist": "John Denver",
    "songTitle": "Thank God I'm A Country Boy"
},{
    "rank": "uploads/position/11-pos-top40charts.png",
    "youTubeUrl": "http://www.youtube.com/results?search_query=Bee%20Gees%20-%20Jive%20Talkin",
    "artist": "Bee Gees",
    "songTitle": "Jive Talkin'"
},{
    "rank": "uploads/position/12-pos-top40charts.png",
    "youTubeUrl": "http://www.youtube.com/results?search_query=Eagles%20-%20Best%20Of%20My%20Love",
    "artist": "Eagles",
    "songTitle": "Best Of My Love"
},{
    "rank": "uploads/position/13-pos-top40charts.png",
    "youTubeUrl": "http://www.youtube.com/results?search_query=Minnie%20Riperton%20-%20Lovin%27%20You",
    "artist": "Minnie Riperton",
    "songTitle": "Lovin' You"
},{
    "rank": "uploads/position/14-pos-top40charts.png",
    "youTubeUrl": "http://www.youtube.com/results?search_query=Carl%20Douglas%20-%20Kung%20Fu%20Fighting",
    "artist": "Carl Douglas",
    "songTitle": "Kung Fu Fighting"
},{
    "rank": "uploads/position/15-pos-top40charts.png",
    "youTubeUrl": "http://www.youtube.com/results?search_query=Doobie%20Brothers%20-%20Black%20Water",
    "artist": "Doobie Brothers",
    "songTitle": "Black Water"
},{
    "rank": "uploads/position/16-pos-top40charts.png",
    "youTubeUrl": "http://www.youtube.com/results?search_query=Sweet%20-%20Ballroom%20Blitz",
    "artist": "Sweet",
    "songTitle": "Ballroom Blitz"
},{
    "rank": "uploads/position/17-pos-top40charts.png",
    "youTubeUrl": "http://www.youtube.com/results?search_query=Bj%20Thomas%20-%20Another%20Somebody%20Done%20Somebody%20Wrong%20Song",
    "artist": "Bj Thomas",
    "songTitle": "Another Somebody Done Somebody Wrong Song"
},{
    "rank": "uploads/position/18-pos-top40charts.png",
    "youTubeUrl": "http://www.youtube.com/results?search_query=Tony%20Orlando%20Dawn%20-%20He%20Don%27t%20Love%20You%20Like%20I%20Do",
    "artist": "Tony Orlando & Dawn",
    "songTitle": "He Don't Love You Like I Do"
},{
    "rank": "uploads/position/19-pos-top40charts.png",
    "youTubeUrl": "http://www.youtube.com/results?search_query=Janis%20Ian%20-%20At%20Seventeen",
    "artist": "Janis Ian",
    "songTitle": "At Seventeen"
},{
    "rank": "uploads/position/20-pos-top40charts.png",
    "youTubeUrl": "http://www.youtube.com/results?search_query=Average%20White%20Band%20-%20Pick%20Up%20The%20Pieces",
    "artist": "Average White Band",
    "songTitle": "Pick Up The Pieces"
},{
    "rank": "uploads/position/21-pos-top40charts.png",
    "youTubeUrl": "http://www.youtube.com/results?search_query=Van%20McCoy%20The%20Soul%20City%20Symphony%20-%20The%20Hustle",
    "artist": "Van McCoy & The Soul City Symphony",
    "songTitle": "The Hustle"
},{
    "rank": "uploads/position/22-pos-top40charts.png",
    "youTubeUrl": "http://www.youtube.com/results?search_query=Labelle%20-%20Lady%20Marmalade",
    "artist": "Labelle",
    "songTitle": "Lady Marmalade"
},{
    "rank": "uploads/position/23-pos-top40charts.png",
    "youTubeUrl": "http://www.youtube.com/results?search_query=War%20-%20Why%20Can%27t%20We%20Be%20Friends",
    "artist": "War",
    "songTitle": "Why Can't We Be Friends"
},{
    "rank": "uploads/position/24-pos-top40charts.png",
    "youTubeUrl": "http://www.youtube.com/results?search_query=Major%20Harris%20-%20Love%20Won%27t%20Let%20Me%20Wait",
    "artist": "Major Harris",
    "songTitle": "Love Won't Let Me Wait"
},{
    "rank": "uploads/position/25-pos-top40charts.png",
    "youTubeUrl": "http://www.youtube.com/results?search_query=Stevie%20Wonder%20-%20Boogie%20On%20Reggae%20Woman",
    "artist": "Stevie Wonder",
    "songTitle": "Boogie On Reggae Woman"
},{
    "rank": "uploads/position/26-pos-top40charts.png",
    "youTubeUrl": "http://www.youtube.com/results?search_query=Freddy%20Fender%20-%20Wasted%20Days%20And%20Wasted%20Nights",
    "artist": "Freddy Fender",
    "songTitle": "Wasted Days And Wasted Nights"
},{
    "rank": "uploads/position/27-pos-top40charts.png",
    "youTubeUrl": "http://www.youtube.com/results?search_query=Isley%20Brothers%20-%20Fight%20The%20Power",
    "artist": "Isley Brothers",
    "songTitle": "Fight The Power, Pt 1"
},{
    "rank": "uploads/position/28-pos-top40charts.png",
    "youTubeUrl": "http://www.youtube.com/results?search_query=Helen%20Reddy%20-%20Angie%20Baby",
    "artist": "Helen Reddy",
    "songTitle": "Angie Baby"
},{
    "rank": "uploads/position/29-pos-top40charts.png",
    "youTubeUrl": "http://www.youtube.com/results?search_query=Ozark%20Mountain%20Daredevils%20-%20Jackie%20Blue",
    "artist": "Ozark Mountain Daredevils",
    "songTitle": "Jackie Blue"
},{
    "rank": "uploads/position/30-pos-top40charts.png",
    "youTubeUrl": "http://www.youtube.com/results?search_query=Ohio%20Players%20-%20Fire",
    "artist": "Ohio Players",
    "songTitle": "Fire"
},{
    "rank": "uploads/position/31-pos-top40charts.png",
    "youTubeUrl": "http://www.youtube.com/results?search_query=Pilot%20-%20Magic",
    "artist": "Pilot",
    "songTitle": "Magic"
},{
    "rank": "uploads/position/32-pos-top40charts.png",
    "youTubeUrl": "http://www.youtube.com/results?search_query=Carpenters%20-%20Please%20Mr.%20Postman",
    "artist": "Carpenters",
    "songTitle": "Please Mr. Postman"
},{
    "rank": "uploads/position/33-pos-top40charts.png",
    "youTubeUrl": "http://www.youtube.com/results?search_query=America%20-%20Sister%20Golden%20Hair",
    "artist": "America",
    "songTitle": "Sister Golden Hair"
},{
    "rank": "uploads/position/34-pos-top40charts.png",
    "youTubeUrl": "http://www.youtube.com/results?search_query=Elton%20John%20-%20Lucy%20In%20The%20Sky%20With%20Diamonds",
    "artist": "Elton John",
    "songTitle": "Lucy In The Sky With Diamonds"
},{
    "rank": "uploads/position/35-pos-top40charts.png",
    "youTubeUrl": "http://www.youtube.com/results?search_query=Barry%20Manilow%20-%20Mandy",
    "artist": "Barry Manilow",
    "songTitle": "Mandy"
},{
    "rank": "uploads/position/36-pos-top40charts.png",
    "youTubeUrl": "http://www.youtube.com/results?search_query=Olivia%20Newton%20John%20-%20Have%20You%20Never%20Been%20Mellow",
    "artist": "Olivia Newton John",
    "songTitle": "Have You Never Been Mellow"
},{
    "rank": "uploads/position/37-pos-top40charts.png",
    "youTubeUrl": "http://www.youtube.com/results?search_query=Barry%20Manilow%20-%20Could%20It%20Be%20Magic",
    "artist": "Barry Manilow",
    "songTitle": "Could It Be Magic"
},{
    "rank": "uploads/position/38-pos-top40charts.png",
    "youTubeUrl": "http://www.youtube.com/results?search_query=Harry%20Chapin%20-%20Cats%20In%20The%20Cradle",
    "artist": "Harry Chapin",
    "songTitle": "Cats In The Cradle"
},{
    "rank": "uploads/position/39-pos-top40charts.png",
    "youTubeUrl": "http://www.youtube.com/results?search_query=Michael%20Murphey%20-%20Wildfire",
    "artist": "Michael Murphey",
    "songTitle": "Wildfire"
},{
    "rank": "uploads/position/40-pos-top40charts.png",
    "youTubeUrl": "http://www.youtube.com/results?search_query=Jessi%20Colter%20-%20I%27m%20Not%20Lisa",
    "artist": "Jessi Colter",
    "songTitle": "I'm Not Lisa"
}