{
    "rank": "uploads/position/1-pos-top40charts.png",
    "youTubeUrl": "http://www.youtube.com/results?search_query=Paul%20McCartney%20Wings%20-%20Silly%20Love%20Songs",
    "artist": "Paul McCartney & Wings",
    "songTitle": "Silly Love Songs"
},{
    "rank": "uploads/position/2-pos-top40charts.png",
    "youTubeUrl": "http://www.youtube.com/results?search_query=Elton%20John%20Kiki%20Dee%20-%20Dont%20Go%20Breaking%20My%20Heart",
    "artist": "Elton John & Kiki Dee",
    "songTitle": "Dont Go Breaking My Heart"
},{
    "rank": "uploads/position/3-pos-top40charts.png",
    "youTubeUrl": "http://www.youtube.com/results?search_query=Johnnie%20Taylor%20-%20Disco%20Lady",
    "artist": "Johnnie Taylor",
    "songTitle": "Disco Lady"
},{
    "rank": "uploads/position/4-pos-top40charts.png",
    "youTubeUrl": "http://www.youtube.com/results?search_query=Four%20Seasons%20-%20December%201963%20(Oh%20What%20A%20Night)",
    "artist": "Four Seasons",
    "songTitle": "December 1963 (Oh What A Night)"
},{
    "rank": "uploads/position/5-pos-top40charts.png",
    "youTubeUrl": "http://www.youtube.com/results?search_query=Wild%20Cherry%20-%20Play%20That%20Funky%20Music",
    "artist": "Wild Cherry",
    "songTitle": "Play That Funky Music"
},{
    "rank": "uploads/position/6-pos-top40charts.png",
    "youTubeUrl": "http://www.youtube.com/results?search_query=Manhattans%20-%20Kiss%20And%20Say%20Goodbye",
    "artist": "Manhattans",
    "songTitle": "Kiss And Say Goodbye"
},{
    "rank": "uploads/position/7-pos-top40charts.png",
    "youTubeUrl": "http://www.youtube.com/results?search_query=Miracles%20-%20Love%20Machine",
    "artist": "Miracles",
    "songTitle": "Love Machine, Pt. 1"
},{
    "rank": "uploads/position/8-pos-top40charts.png",
    "youTubeUrl": "http://www.youtube.com/results?search_query=Paul%20Simon%20-%2050%20Ways%20To%20Leave%20Your%20Lover",
    "artist": "Paul Simon",
    "songTitle": "50 Ways To Leave Your Lover"
},{
    "rank": "uploads/position/9-pos-top40charts.png",
    "youTubeUrl": "http://www.youtube.com/results?search_query=Gary%20Wright%20-%20Love%20Is%20Alive",
    "artist": "Gary Wright",
    "songTitle": "Love Is Alive"
},{
    "rank": "uploads/position/10-pos-top40charts.png",
    "youTubeUrl": "http://www.youtube.com/results?search_query=Walter%20Murphy%20The%20Big%20Apple%20Band%20-%20A%20Fifth%20Of%20Beethoven",
    "artist": "Walter Murphy & The Big Apple Band",
    "songTitle": "A Fifth Of Beethoven"
},{
    "rank": "uploads/position/11-pos-top40charts.png",
    "youTubeUrl": "http://www.youtube.com/results?search_query=Hall%20Oates%20-%20Sara%20Smile",
    "artist": "Hall & Oates",
    "songTitle": "Sara Smile"
},{
    "rank": "uploads/position/12-pos-top40charts.png",
    "youTubeUrl": "http://www.youtube.com/results?search_query=Starland%20Vocal%20Band%20-%20Afternoon%20Delight",
    "artist": "Starland Vocal Band",
    "songTitle": "Afternoon Delight"
},{
    "rank": "uploads/position/13-pos-top40charts.png",
    "youTubeUrl": "http://www.youtube.com/results?search_query=Barry%20Manilow%20-%20I%20Write%20The%20Songs",
    "artist": "Barry Manilow",
    "songTitle": "I Write The Songs"
},{
    "rank": "uploads/position/14-pos-top40charts.png",
    "youTubeUrl": "http://www.youtube.com/results?search_query=Silver%20Convention%20-%20Fly,%20Robin,%20Fly",
    "artist": "Silver Convention",
    "songTitle": "Fly, Robin, Fly"
},{
    "rank": "uploads/position/15-pos-top40charts.png",
    "youTubeUrl": "http://www.youtube.com/results?search_query=Diana%20Ross%20-%20Love%20Hangover",
    "artist": "Diana Ross",
    "songTitle": "Love Hangover"
},{
    "rank": "uploads/position/16-pos-top40charts.png",
    "youTubeUrl": "http://www.youtube.com/results?search_query=Seals%20Crofts%20-%20Get%20Closer",
    "artist": "Seals & Crofts",
    "songTitle": "Get Closer"
},{
    "rank": "uploads/position/17-pos-top40charts.png",
    "youTubeUrl": "http://www.youtube.com/results?search_query=Andrea%20True%20Connection%20-%20More,%20More,%20More",
    "artist": "Andrea True Connection",
    "songTitle": "More, More, More"
},{
    "rank": "uploads/position/18-pos-top40charts.png",
    "youTubeUrl": "http://www.youtube.com/results?search_query=Queen%20-%20Bohemian%20Rhapsody",
    "artist": "Queen",
    "songTitle": "Bohemian Rhapsody"
},{
    "rank": "uploads/position/19-pos-top40charts.png",
    "youTubeUrl": "http://www.youtube.com/results?search_query=Dorothy%20Moore%20-%20Misty%20Blue",
    "artist": "Dorothy Moore",
    "songTitle": "Misty Blue"
},{
    "rank": "uploads/position/20-pos-top40charts.png",
    "youTubeUrl": "http://www.youtube.com/results?search_query=Sylvers%20-%20Boogie%20Fever",
    "artist": "Sylvers",
    "songTitle": "Boogie Fever"
},{
    "rank": "uploads/position/21-pos-top40charts.png",
    "youTubeUrl": "http://www.youtube.com/results?search_query=England%20Dan%20John%20Ford%20Coley%20-%20Id%20Really%20Love%20To%20See",
    "artist": "England Dan & John Ford Coley",
    "songTitle": "Id Really Love To See"
},{
    "rank": "uploads/position/22-pos-top40charts.png",
    "youTubeUrl": "http://www.youtube.com/results?search_query=Hot%20Chocalate%20-%20You%20Sexy%20Thing",
    "artist": "Hot Chocalate",
    "songTitle": "You Sexy Thing"
},{
    "rank": "uploads/position/23-pos-top40charts.png",
    "youTubeUrl": "http://www.youtube.com/results?search_query=Nazareth%20-%20Love%20Hurts",
    "artist": "Nazareth",
    "songTitle": "Love Hurts"
},{
    "rank": "uploads/position/24-pos-top40charts.png",
    "youTubeUrl": "http://www.youtube.com/results?search_query=Silver%20Convention%20-%20Get%20Up%20And%20Boogie",
    "artist": "Silver Convention",
    "songTitle": "Get Up And Boogie"
},{
    "rank": "uploads/position/25-pos-top40charts.png",
    "youTubeUrl": "http://www.youtube.com/results?search_query=Eagles%20-%20Take%20It%20To%20The%20Limit",
    "artist": "Eagles",
    "songTitle": "Take It To The Limit"
},{
    "rank": "uploads/position/26-pos-top40charts.png",
    "youTubeUrl": "http://www.youtube.com/results?search_query=KC%20The%20Sunshine%20Band%20-%20(Shake,%20Shake,%20Shake)",
    "artist": "KC & The Sunshine Band",
    "songTitle": "(Shake, Shake, Shake)"
},{
    "rank": "uploads/position/27-pos-top40charts.png",
    "youTubeUrl": "http://www.youtube.com/results?search_query=The%20Commodores%20-%20Sweet%20Love",
    "artist": "The Commodores",
    "songTitle": "Sweet Love"
},{
    "rank": "uploads/position/28-pos-top40charts.png",
    "youTubeUrl": "http://www.youtube.com/results?search_query=Maxine%20Nightingale%20-%20Right%20Back%20Where%20We%20Started%20From",
    "artist": "Maxine Nightingale",
    "songTitle": "Right Back Where We Started From"
},{
    "rank": "uploads/position/29-pos-top40charts.png",
    "youTubeUrl": "http://www.youtube.com/results?search_query=Rhythm%20Heritage%20-%20Theme%20From%20S.W.A.T",
    "artist": "Rhythm Heritage",
    "songTitle": "Theme From S.W.A.T"
},{
    "rank": "uploads/position/30-pos-top40charts.png",
    "youTubeUrl": "http://www.youtube.com/results?search_query=Ohio%20Players%20-%20Love%20Rollercoaster",
    "artist": "Ohio Players",
    "songTitle": "Love Rollercoaster"
},{
    "rank": "uploads/position/31-pos-top40charts.png",
    "youTubeUrl": "http://www.youtube.com/results?search_query=Bee%20Gees%20-%20You%20Should%20Be%20Dancing",
    "artist": "Bee Gees",
    "songTitle": "You Should Be Dancing"
},{
    "rank": "uploads/position/32-pos-top40charts.png",
    "youTubeUrl": "http://www.youtube.com/results?search_query=Lou%20Raws%20-%20You%27ll%20Never%20Find",
    "artist": "Lou Raws",
    "songTitle": "You'll Never Find"
},{
    "rank": "uploads/position/33-pos-top40charts.png",
    "youTubeUrl": "http://www.youtube.com/results?search_query=David%20Bowie%20-%20Golden%20Years",
    "artist": "David Bowie",
    "songTitle": "Golden Years"
},{
    "rank": "uploads/position/34-pos-top40charts.png",
    "youTubeUrl": "http://www.youtube.com/results?search_query=Starbuck%20-%20Moonlight%20Feels%20Right",
    "artist": "Starbuck",
    "songTitle": "Moonlight Feels Right"
},{
    "rank": "uploads/position/35-pos-top40charts.png",
    "youTubeUrl": "http://www.youtube.com/results?search_query=Dr%20Hook%20-%20Only%20Sixteen",
    "artist": "Dr Hook",
    "songTitle": "Only Sixteen"
},{
    "rank": "uploads/position/36-pos-top40charts.png",
    "youTubeUrl": "http://www.youtube.com/results?search_query=Bellamy%20Brothers%20-%20Let%20Your%20Love%20Flow",
    "artist": "Bellamy Brothers",
    "songTitle": "Let Your Love Flow"
},{
    "rank": "uploads/position/37-pos-top40charts.png",
    "youTubeUrl": "http://www.youtube.com/results?search_query=Gary%20Wright%20-%20Dream%20Weaver",
    "artist": "Gary Wright",
    "songTitle": "Dream Weaver"
},{
    "rank": "uploads/position/38-pos-top40charts.png",
    "youTubeUrl": "http://www.youtube.com/results?search_query=Vicki%20Sue%20Robinson%20-%20Turn%20The%20Beat%20Around",
    "artist": "Vicki Sue Robinson",
    "songTitle": "Turn The Beat Around"
},{
    "rank": "uploads/position/39-pos-top40charts.png",
    "youTubeUrl": "http://www.youtube.com/results?search_query=Captain%20Tennille%20-%20Lonely%20Night%20Angel%20Face",
    "artist": "Captain & Tennille",
    "songTitle": "Lonely Night (Angel Face)"
},{
    "rank": "uploads/position/40-pos-top40charts.png",
    "youTubeUrl": "http://www.youtube.com/results?search_query=Eric%20Carmen%20-%20All%20By%20Myself",
    "artist": "Eric Carmen",
    "songTitle": "All By Myself"
}