{
    "rank": "uploads/position/1-pos-top40charts.png",
    "youTubeUrl": "http://www.youtube.com/results?search_query=Rod%20Stewart%20-%20Tonights%20The%20Night",
    "artist": "Rod Stewart",
    "songTitle": "Tonights The Night"
},{
    "rank": "uploads/position/2-pos-top40charts.png",
    "youTubeUrl": "http://www.youtube.com/results?search_query=Andy%20Gibb%20-%20I%20Just%20Want%20To%20Be%20Your%20Everything",
    "artist": "Andy Gibb",
    "songTitle": "I Just Want To Be Your Everything"
},{
    "rank": "uploads/position/3-pos-top40charts.png",
    "youTubeUrl": "http://www.youtube.com/results?search_query=Emotions%20-%20Best%20Of%20My%20Love",
    "artist": "Emotions",
    "songTitle": "Best Of My Love"
},{
    "rank": "uploads/position/4-pos-top40charts.png",
    "youTubeUrl": "http://www.youtube.com/results?search_query=Barbra%20Streisand%20-%20Theme%20From%20A%20Star%20Is%20Born",
    "artist": "Barbra Streisand",
    "songTitle": "Theme From A Star Is Born"
},{
    "rank": "uploads/position/5-pos-top40charts.png",
    "youTubeUrl": "http://www.youtube.com/results?search_query=Hot%20-%20Angel%20In%20Your%20Arms",
    "artist": "Hot",
    "songTitle": "Angel In Your Arms"
},{
    "rank": "uploads/position/6-pos-top40charts.png",
    "youTubeUrl": "http://www.youtube.com/results?search_query=Kenny%20Nolan%20-%20I%20Like%20Dreamin",
    "artist": "Kenny Nolan",
    "songTitle": "I Like Dreamin'"
},{
    "rank": "uploads/position/7-pos-top40charts.png",
    "youTubeUrl": "http://www.youtube.com/results?search_query=Thelma%20Houston%20-%20Dont%20Leave%20Me%20This%20Way",
    "artist": "Thelma Houston",
    "songTitle": "Dont Leave Me This Way"
},{
    "rank": "uploads/position/8-pos-top40charts.png",
    "youTubeUrl": "http://www.youtube.com/results?search_query=Rita%20Coolidge%20-%20Your%20Love%20Has%20Lifted%20Me%20Higher%20Higher",
    "artist": "Rita Coolidge",
    "songTitle": "(Your Love Has Lifted Me) Higher & Higher"
},{
    "rank": "uploads/position/9-pos-top40charts.png",
    "youTubeUrl": "http://www.youtube.com/results?search_query=Alan%20O%27day%20-%20Undercover%20Angel",
    "artist": "Alan O'day",
    "songTitle": "Undercover Angel"
},{
    "rank": "uploads/position/10-pos-top40charts.png",
    "youTubeUrl": "http://www.youtube.com/results?search_query=Mary%20Macgregor%20-%20Torn%20Between%20Two%20Lovers",
    "artist": "Mary Macgregor",
    "songTitle": "Torn Between Two Lovers"
},{
    "rank": "uploads/position/11-pos-top40charts.png",
    "youTubeUrl": "http://www.youtube.com/results?search_query=KC%20The%20Sunshine%20Band%20-%20Im%20Your%20Boogie%20Man",
    "artist": "KC & The Sunshine Band",
    "songTitle": "Im Your Boogie Man"
},{
    "rank": "uploads/position/12-pos-top40charts.png",
    "youTubeUrl": "http://www.youtube.com/results?search_query=Abba%20-%20Dancing%20Queen",
    "artist": "Abba",
    "songTitle": "Dancing Queen"
},{
    "rank": "uploads/position/13-pos-top40charts.png",
    "youTubeUrl": "http://www.youtube.com/results?search_query=Leo%20Sayer%20-%20You%20Make%20Me%20Feel%20Like%20Dancing",
    "artist": "Leo Sayer",
    "songTitle": "You Make Me Feel Like Dancing"
},{
    "rank": "uploads/position/14-pos-top40charts.png",
    "youTubeUrl": "http://www.youtube.com/results?search_query=Jimmy%20Buffett%20-%20Margaritaville",
    "artist": "Jimmy Buffett",
    "songTitle": "Margaritaville"
},{
    "rank": "uploads/position/15-pos-top40charts.png",
    "youTubeUrl": "http://www.youtube.com/results?search_query=Elo%20-%20Telephone%20Line",
    "artist": "Elo",
    "songTitle": "Telephone Line"
},{
    "rank": "uploads/position/16-pos-top40charts.png",
    "youTubeUrl": "http://www.youtube.com/results?search_query=Pablo%20Cruise%20-%20Whatcha%20Gonna%20Do",
    "artist": "Pablo Cruise",
    "songTitle": "Whatcha Gonna Do"
},{
    "rank": "uploads/position/17-pos-top40charts.png",
    "youTubeUrl": "http://www.youtube.com/results?search_query=Peter%20McCann%20-%20Do%20You%20Wanna%20Make%20Love",
    "artist": "Peter McCann",
    "songTitle": "Do You Wanna Make Love"
},{
    "rank": "uploads/position/18-pos-top40charts.png",
    "youTubeUrl": "http://www.youtube.com/results?search_query=Stevie%20Wonder%20-%20Sir%20Duke",
    "artist": "Stevie Wonder",
    "songTitle": "Sir Duke"
},{
    "rank": "uploads/position/19-pos-top40charts.png",
    "youTubeUrl": "http://www.youtube.com/results?search_query=Eagles%20-%20Hotel%20California",
    "artist": "Eagles",
    "songTitle": "Hotel California"
},{
    "rank": "uploads/position/20-pos-top40charts.png",
    "youTubeUrl": "http://www.youtube.com/results?search_query=Marvin%20Gaye%20-%20Got%20To%20Give%20It%20Up,%20Pt.%201",
    "artist": "Marvin Gaye",
    "songTitle": "Got To Give It Up, Pt. 1"
},{
    "rank": "uploads/position/21-pos-top40charts.png",
    "youTubeUrl": "http://www.youtube.com/results?search_query=Bill%20Conti%20-%20Theme%20From%20Rocky%20(Gonna%20Fly%20Now)",
    "artist": "Bill Conti",
    "songTitle": "Theme From Rocky (Gonna Fly Now)"
},{
    "rank": "uploads/position/22-pos-top40charts.png",
    "youTubeUrl": "http://www.youtube.com/results?search_query=Glen%20Campbell%20-%20Southern%20Nights",
    "artist": "Glen Campbell",
    "songTitle": "Southern Nights"
},{
    "rank": "uploads/position/23-pos-top40charts.png",
    "youTubeUrl": "http://www.youtube.com/results?search_query=Hall%20Oates%20-%20Rich%20Girl",
    "artist": "Hall & Oates",
    "songTitle": "Rich Girl"
},{
    "rank": "uploads/position/24-pos-top40charts.png",
    "youTubeUrl": "http://www.youtube.com/results?search_query=Leo%20Sayer%20-%20When%20I%20Need%20You",
    "artist": "Leo Sayer",
    "songTitle": "When I Need You"
},{
    "rank": "uploads/position/25-pos-top40charts.png",
    "youTubeUrl": "http://www.youtube.com/results?search_query=Sylvers%20-%20Hot%20Line",
    "artist": "Sylvers",
    "songTitle": "Hot Line"
},{
    "rank": "uploads/position/26-pos-top40charts.png",
    "youTubeUrl": "http://www.youtube.com/results?search_query=Rose%20Royce%20-%20Car%20Wash",
    "artist": "Rose Royce",
    "songTitle": "Car Wash"
},{
    "rank": "uploads/position/27-pos-top40charts.png",
    "youTubeUrl": "http://www.youtube.com/results?search_query=Marilyn%20McCoo%20Billy%20Davis,%20Jr.%20-%20You%20Dont%20Have%20To%20Be",
    "artist": "Marilyn McCoo & Billy Davis, Jr.",
    "songTitle": "You Dont Have To Be"
},{
    "rank": "uploads/position/28-pos-top40charts.png",
    "youTubeUrl": "http://www.youtube.com/results?search_query=Steve%20Miller%20Band%20-%20Fly%20Like%20An%20Eagle",
    "artist": "Steve Miller Band",
    "songTitle": "Fly Like An Eagle"
},{
    "rank": "uploads/position/29-pos-top40charts.png",
    "youTubeUrl": "http://www.youtube.com/results?search_query=David%20Soul%20-%20Don%27t%20Give%20Up%20Us",
    "artist": "David Soul",
    "songTitle": "Don't Give Up Us"
},{
    "rank": "uploads/position/30-pos-top40charts.png",
    "youTubeUrl": "http://www.youtube.com/results?search_query=Stephen%20Bishop%20-%20On%20And%20On",
    "artist": "Stephen Bishop",
    "songTitle": "On And On"
},{
    "rank": "uploads/position/31-pos-top40charts.png",
    "youTubeUrl": "http://www.youtube.com/results?search_query=Foreigner%20-%20Feels%20Like%20The%20First%20Time",
    "artist": "Foreigner",
    "songTitle": "Feels Like The First Time"
},{
    "rank": "uploads/position/32-pos-top40charts.png",
    "youTubeUrl": "http://www.youtube.com/results?search_query=Climax%20Blues%20Band%20-%20Couldn%27t%20Get%20It%20Right",
    "artist": "Climax Blues Band",
    "songTitle": "Couldn't Get It Right"
},{
    "rank": "uploads/position/33-pos-top40charts.png",
    "youTubeUrl": "http://www.youtube.com/results?search_query=Commodores%20-%20Easy",
    "artist": "Commodores",
    "songTitle": "Easy"
},{
    "rank": "uploads/position/34-pos-top40charts.png",
    "youTubeUrl": "http://www.youtube.com/results?search_query=Jennifer%20Warnes%20-%20Right%20Time%20Of%20The%20Night",
    "artist": "Jennifer Warnes",
    "songTitle": "Right Time Of The Night"
},{
    "rank": "uploads/position/35-pos-top40charts.png",
    "youTubeUrl": "http://www.youtube.com/results?search_query=Natalie%20Cole%20-%20Ive%20Got%20Love%20On%20My%20Mind",
    "artist": "Natalie Cole",
    "songTitle": "Ive Got Love On My Mind"
},{
    "rank": "uploads/position/36-pos-top40charts.png",
    "youTubeUrl": "http://www.youtube.com/results?search_query=Manfred%20Mann%20-%20Blinded%20By%20The%20Light",
    "artist": "Manfred Mann",
    "songTitle": "Blinded By The Light"
},{
    "rank": "uploads/position/37-pos-top40charts.png",
    "youTubeUrl": "http://www.youtube.com/results?search_query=Barry%20Manilow%20-%20Looks%20Like%20We%20Made%20It",
    "artist": "Barry Manilow",
    "songTitle": "Looks Like We Made It"
},{
    "rank": "uploads/position/38-pos-top40charts.png",
    "youTubeUrl": "http://www.youtube.com/results?search_query=Atlanta%20Rhythm%20Section%20-%20So%20Into%20You",
    "artist": "Atlanta Rhythm Section",
    "songTitle": "So Into You"
},{
    "rank": "uploads/position/39-pos-top40charts.png",
    "youTubeUrl": "http://www.youtube.com/results?search_query=Fleetwood%20Mac%20-%20Dreams",
    "artist": "Fleetwood Mac",
    "songTitle": "Dreams"
},{
    "rank": "uploads/position/40-pos-top40charts.png",
    "youTubeUrl": "http://www.youtube.com/results?search_query=Jacksons%20-%20Enjoy%20Yourself",
    "artist": "Jacksons",
    "songTitle": "Enjoy Yourself"
}