{
    "rank": "uploads/position/1-pos-top40charts.png",
    "youTubeUrl": "http://www.youtube.com/results?search_query=Andy%20Gibb%20-%20Shadow%20Dancing",
    "artist": "Andy Gibb",
    "songTitle": "Shadow Dancing"
},{
    "rank": "uploads/position/2-pos-top40charts.png",
    "youTubeUrl": "http://www.youtube.com/results?search_query=Bee%20Gees%20-%20Night%20Fever",
    "artist": "Bee Gees",
    "songTitle": "Night Fever"
},{
    "rank": "uploads/position/3-pos-top40charts.png",
    "youTubeUrl": "http://www.youtube.com/results?search_query=Debby%20Boone%20-%20You%20Light%20Up%20My%20Life",
    "artist": "Debby Boone",
    "songTitle": "You Light Up My Life"
},{
    "rank": "uploads/position/4-pos-top40charts.png",
    "youTubeUrl": "http://www.youtube.com/results?search_query=Bee%20Gees%20-%20Stayin%20Alive",
    "artist": "Bee Gees",
    "songTitle": "Stayin Alive"
},{
    "rank": "uploads/position/5-pos-top40charts.png",
    "youTubeUrl": "http://www.youtube.com/results?search_query=Exile%20-%20Kiss%20You%20All%20Over",
    "artist": "Exile",
    "songTitle": "Kiss You All Over"
},{
    "rank": "uploads/position/6-pos-top40charts.png",
    "youTubeUrl": "http://www.youtube.com/results?search_query=Bee%20Gees%20-%20How%20Deep%20Is%20Your%20Love",
    "artist": "Bee Gees",
    "songTitle": "How Deep Is Your Love"
},{
    "rank": "uploads/position/7-pos-top40charts.png",
    "youTubeUrl": "http://www.youtube.com/results?search_query=Player%20-%20Baby%20Come%20Back",
    "artist": "Player",
    "songTitle": "Baby Come Back"
},{
    "rank": "uploads/position/8-pos-top40charts.png",
    "youTubeUrl": "http://www.youtube.com/results?search_query=Andy%20Gibb%20-%20Thicker%20Than%20Water",
    "artist": "Andy Gibb",
    "songTitle": "Thicker Than Water"
},{
    "rank": "uploads/position/9-pos-top40charts.png",
    "youTubeUrl": "http://www.youtube.com/results?search_query=A%20Taste%20Of%20Honey%20-%20Boogie%20Oogie%20Oogie",
    "artist": "A Taste Of Honey",
    "songTitle": "Boogie Oogie Oogie"
},{
    "rank": "uploads/position/10-pos-top40charts.png",
    "youTubeUrl": "http://www.youtube.com/results?search_query=Commodores%20-%20Three%20Times%20A%20Lady",
    "artist": "Commodores",
    "songTitle": "Three Times A Lady"
},{
    "rank": "uploads/position/11-pos-top40charts.png",
    "youTubeUrl": "http://www.youtube.com/results?search_query=Frankie%20Valli%20-%20Grease",
    "artist": "Frankie Valli",
    "songTitle": "Grease"
},{
    "rank": "uploads/position/12-pos-top40charts.png",
    "youTubeUrl": "http://www.youtube.com/results?search_query=Paul%20Davis%20-%20I%20Go%20Crazy",
    "artist": "Paul Davis",
    "songTitle": "I Go Crazy"
},{
    "rank": "uploads/position/13-pos-top40charts.png",
    "youTubeUrl": "http://www.youtube.com/results?search_query=John%20Travolta%20Olivia%20Newton%20John%20-%20Youre%20The%20One%20That%20I%20want",
    "artist": "John Travolta & Olivia Newton John",
    "songTitle": "Youre The One That I want"
},{
    "rank": "uploads/position/14-pos-top40charts.png",
    "youTubeUrl": "http://www.youtube.com/results?search_query=Bee%20Gees%20-%20Emotion",
    "artist": "Bee Gees",
    "songTitle": "Emotion"
},{
    "rank": "uploads/position/15-pos-top40charts.png",
    "youTubeUrl": "http://www.youtube.com/results?search_query=Eric%20Clapton%20-%20Lay%20Down%20Sally",
    "artist": "Eric Clapton",
    "songTitle": "Lay Down Sally"
},{
    "rank": "uploads/position/16-pos-top40charts.png",
    "youTubeUrl": "http://www.youtube.com/results?search_query=Rolling%20Stones%20-%20Miss%20You",
    "artist": "Rolling Stones",
    "songTitle": "Miss You"
},{
    "rank": "uploads/position/17-pos-top40charts.png",
    "youTubeUrl": "http://www.youtube.com/results?search_query=Billy%20Joel%20-%20Just%20The%20Way%20You%20Are",
    "artist": "Billy Joel",
    "songTitle": "Just The Way You Are"
},{
    "rank": "uploads/position/18-pos-top40charts.png",
    "youTubeUrl": "http://www.youtube.com/results?search_query=Paul%20McCartney%20Wings%20-%20With%20A%20Little%20Luck",
    "artist": "Paul McCartney & Wings",
    "songTitle": "With A Little Luck"
},{
    "rank": "uploads/position/19-pos-top40charts.png",
    "youTubeUrl": "http://www.youtube.com/results?search_query=Yvonne%20Elliman%20-%20If%20I%20Cant%20Have%20You",
    "artist": "Yvonne Elliman",
    "songTitle": "If I Cant Have You"
},{
    "rank": "uploads/position/20-pos-top40charts.png",
    "youTubeUrl": "http://www.youtube.com/results?search_query=Chic%20-%20Dance%20Dance%20Dance",
    "artist": "Chic",
    "songTitle": "Dance Dance Dance"
},{
    "rank": "uploads/position/21-pos-top40charts.png",
    "youTubeUrl": "http://www.youtube.com/results?search_query=Chuck%20Mangione%20-%20Feels%20So%20Good",
    "artist": "Chuck Mangione",
    "songTitle": "Feels So Good"
},{
    "rank": "uploads/position/22-pos-top40charts.png",
    "youTubeUrl": "http://www.youtube.com/results?search_query=Nick%20Gilder%20-%20Hot%20Child%20In%20The%20City",
    "artist": "Nick Gilder",
    "songTitle": "Hot Child In The City"
},{
    "rank": "uploads/position/23-pos-top40charts.png",
    "youTubeUrl": "http://www.youtube.com/results?search_query=Sweet%20-%20Love%20Is%20Like%20Oxygen",
    "artist": "Sweet",
    "songTitle": "Love Is Like Oxygen"
},{
    "rank": "uploads/position/24-pos-top40charts.png",
    "youTubeUrl": "http://www.youtube.com/results?search_query=Bonnie%20Tyler%20-%20Its%20A%20Heartache",
    "artist": "Bonnie Tyler",
    "songTitle": "Its A Heartache"
},{
    "rank": "uploads/position/25-pos-top40charts.png",
    "youTubeUrl": "http://www.youtube.com/results?search_query=Queen%20-%20We%20Will%20Rock%20You%20-%20We%20Are%20The%20Champions",
    "artist": "Queen",
    "songTitle": "We Are The Champions"
},{
    "rank": "uploads/position/26-pos-top40charts.png",
    "youTubeUrl": "http://www.youtube.com/results?search_query=Gerry%20Rafferty%20-%20Baker%20Street",
    "artist": "Gerry Rafferty",
    "songTitle": "Baker Street"
},{
    "rank": "uploads/position/27-pos-top40charts.png",
    "youTubeUrl": "http://www.youtube.com/results?search_query=Barry%20Manilow%20-%20Cant%20Smile%20Without%20You",
    "artist": "Barry Manilow",
    "songTitle": "Cant Smile Without You"
},{
    "rank": "uploads/position/28-pos-top40charts.png",
    "youTubeUrl": "http://www.youtube.com/results?search_query=Johnny%20Mathis%20Deniece%20Williams%20-%20Too%20Much,%20Too%20Little",
    "artist": "Johnny Mathis & Deniece Williams",
    "songTitle": "Too Much, Too Little"
},{
    "rank": "uploads/position/29-pos-top40charts.png",
    "youTubeUrl": "http://www.youtube.com/results?search_query=Peter%20Brown%20-%20Dance%20With%20Me",
    "artist": "Peter Brown",
    "songTitle": "Dance With Me"
},{
    "rank": "uploads/position/30-pos-top40charts.png",
    "youTubeUrl": "http://www.youtube.com/results?search_query=Meat%20Loaf%20-%20Two%20Out%20Of%20Three%20Aint%20Bad",
    "artist": "Meat Loaf",
    "songTitle": "Two Out Of Three Aint Bad"
},{
    "rank": "uploads/position/31-pos-top40charts.png",
    "youTubeUrl": "http://www.youtube.com/results?search_query=Raydio%20-%20Jack%20And%20Jill",
    "artist": "Raydio",
    "songTitle": "Jack And Jill"
},{
    "rank": "uploads/position/32-pos-top40charts.png",
    "youTubeUrl": "http://www.youtube.com/results?search_query=Abba%20-%20Take%20A%20Chance%20On%20Me",
    "artist": "Abba",
    "songTitle": "Take A Chance On Me"
},{
    "rank": "uploads/position/33-pos-top40charts.png",
    "youTubeUrl": "http://www.youtube.com/results?search_query=Dan%20Hill%20-%20Sometimes%20When%20We%20Touch",
    "artist": "Dan Hill",
    "songTitle": "Sometimes When We Touch"
},{
    "rank": "uploads/position/34-pos-top40charts.png",
    "youTubeUrl": "http://www.youtube.com/results?search_query=Donna%20Summer%20-%20Last%20Dance",
    "artist": "Donna Summer",
    "songTitle": "Last Dance"
},{
    "rank": "uploads/position/35-pos-top40charts.png",
    "youTubeUrl": "http://www.youtube.com/results?search_query=Olivia%20Newton%20John%20-%20Hopelessly%20Devoted%20To%20You",
    "artist": "Olivia Newton John",
    "songTitle": "Hopelessly Devoted To You"
},{
    "rank": "uploads/position/36-pos-top40charts.png",
    "youTubeUrl": "http://www.youtube.com/results?search_query=Foreigner%20-%20Hot%20Blooded",
    "artist": "Foreigner",
    "songTitle": "Hot Blooded"
},{
    "rank": "uploads/position/37-pos-top40charts.png",
    "youTubeUrl": "http://www.youtube.com/results?search_query=Rod%20Stewart%20-%20Youre%20In%20My%20Heart",
    "artist": "Rod Stewart",
    "songTitle": "Youre In My Heart"
},{
    "rank": "uploads/position/38-pos-top40charts.png",
    "youTubeUrl": "http://www.youtube.com/results?search_query=Roberta%20Flack%20Donny%20Hathaway%20-%20The%20Closer%20I%20Get%20To%20You",
    "artist": "Roberta Flack Donny Hathaway",
    "songTitle": "The Closer I Get To You"
},{
    "rank": "uploads/position/39-pos-top40charts.png",
    "youTubeUrl": "http://www.youtube.com/results?search_query=Kansas%20-%20Dust%20In%20The%20Wind",
    "artist": "Kansas",
    "songTitle": "Dust In The Wind"
},{
    "rank": "uploads/position/40-pos-top40charts.png",
    "youTubeUrl": "http://www.youtube.com/results?search_query=Walter%20Egan%20-%20Magnet%20And%20Steel",
    "artist": "Walter Egan",
    "songTitle": "Magnet And Steel"
}