{
    "rank": "uploads/position/1-pos-top40charts.png",
    "youTubeUrl": "http://www.youtube.com/results?search_query=Knack%20-%20My%20Sharona",
    "artist": "Knack",
    "songTitle": "My Sharona"
},{
    "rank": "uploads/position/2-pos-top40charts.png",
    "youTubeUrl": "http://www.youtube.com/results?search_query=Donna%20Summer%20-%20Bad%20Girls",
    "artist": "Donna Summer",
    "songTitle": "Bad Girls"
},{
    "rank": "uploads/position/3-pos-top40charts.png",
    "youTubeUrl": "http://www.youtube.com/results?search_query=Chic%20-%20Le%20Freak",
    "artist": "Chic",
    "songTitle": "Le Freak"
},{
    "rank": "uploads/position/4-pos-top40charts.png",
    "youTubeUrl": "http://www.youtube.com/results?search_query=Rod%20Stewart%20-%20Do%20Ya%20Think%20I%20M%20Sexy",
    "artist": "Rod Stewart",
    "songTitle": "Do Ya Think I M Sexy"
},{
    "rank": "uploads/position/5-pos-top40charts.png",
    "youTubeUrl": "http://www.youtube.com/results?search_query=Peaches%20-%20Herb%20Reunited",
    "artist": "Peaches",
    "songTitle": "Herb Reunited"
},{
    "rank": "uploads/position/6-pos-top40charts.png",
    "youTubeUrl": "http://www.youtube.com/results?search_query=Gloria%20Gaynor%20-%20I%20Will%20Survive",
    "artist": "Gloria Gaynor",
    "songTitle": "I Will Survive"
},{
    "rank": "uploads/position/7-pos-top40charts.png",
    "youTubeUrl": "http://www.youtube.com/results?search_query=Donna%20Summer%20-%20Hot%20Stuff",
    "artist": "Donna Summer",
    "songTitle": "Hot Stuff"
},{
    "rank": "uploads/position/8-pos-top40charts.png",
    "youTubeUrl": "http://www.youtube.com/results?search_query=Village%20People%20-%20Ymca",
    "artist": "Village People",
    "songTitle": "Ymca"
},{
    "rank": "uploads/position/9-pos-top40charts.png",
    "youTubeUrl": "http://www.youtube.com/results?search_query=Anita%20Ward%20-%20Ring%20My%20Bell",
    "artist": "Anita Ward",
    "songTitle": "Ring My Bell"
},{
    "rank": "uploads/position/10-pos-top40charts.png",
    "youTubeUrl": "http://www.youtube.com/results?search_query=Robert%20John%20-%20Sad%20Eyes",
    "artist": "Robert John",
    "songTitle": "Sad Eyes"
},{
    "rank": "uploads/position/11-pos-top40charts.png",
    "youTubeUrl": "http://www.youtube.com/results?search_query=Bee%20Gees%20-%20Too%20Much%20Heaven",
    "artist": "Bee Gees",
    "songTitle": "Too Much Heaven"
},{
    "rank": "uploads/position/12-pos-top40charts.png",
    "youTubeUrl": "http://www.youtube.com/results?search_query=Donna%20Summer%20-%20Macarthur%20Park",
    "artist": "Donna Summer",
    "songTitle": "Macarthur Park"
},{
    "rank": "uploads/position/13-pos-top40charts.png",
    "youTubeUrl": "http://www.youtube.com/results?search_query=Dr%20Hook%20-%20When%20Youre%20In%20Love%20With%20A%20Beautifull%20woman",
    "artist": "Dr Hook",
    "songTitle": "When Youre In Love With A Beautifull woman"
},{
    "rank": "uploads/position/14-pos-top40charts.png",
    "youTubeUrl": "http://www.youtube.com/results?search_query=David%20Naughton%20-%20Makin%20It",
    "artist": "David Naughton",
    "songTitle": "Makin It"
},{
    "rank": "uploads/position/15-pos-top40charts.png",
    "youTubeUrl": "http://www.youtube.com/results?search_query=Pointer%20Sisters%20-%20Fire",
    "artist": "Pointer Sisters",
    "songTitle": "Fire"
},{
    "rank": "uploads/position/16-pos-top40charts.png",
    "youTubeUrl": "http://www.youtube.com/results?search_query=Bee%20Gees%20-%20Tragedy",
    "artist": "Bee Gees",
    "songTitle": "Tragedy"
},{
    "rank": "uploads/position/17-pos-top40charts.png",
    "youTubeUrl": "http://www.youtube.com/results?search_query=Olivia%20Newton%20John%20-%20A%20Little%20More%20Love",
    "artist": "Olivia Newton John",
    "songTitle": "A Little More Love"
},{
    "rank": "uploads/position/18-pos-top40charts.png",
    "youTubeUrl": "http://www.youtube.com/results?search_query=Blondie%20-%20Heart%20Of%20Glass",
    "artist": "Blondie",
    "songTitle": "Heart Of Glass"
},{
    "rank": "uploads/position/19-pos-top40charts.png",
    "youTubeUrl": "http://www.youtube.com/results?search_query=Doobie%20Brothers%20-%20What%20A%20Fool%20Believes",
    "artist": "Doobie Brothers",
    "songTitle": "What A Fool Believes"
},{
    "rank": "uploads/position/20-pos-top40charts.png",
    "youTubeUrl": "http://www.youtube.com/results?search_query=Chic%20-%20Good%20Times",
    "artist": "Chic",
    "songTitle": "Good Times"
},{
    "rank": "uploads/position/21-pos-top40charts.png",
    "youTubeUrl": "http://www.youtube.com/results?search_query=Barbra%20Streisand%20-%20Neil%20Diamond%20-%20You%20Dont%20Bring%20Me%20Flowers",
    "artist": "Neil Diamond & Barbra Streisand",
    "songTitle": "You Dont Bring Me Flowers"
},{
    "rank": "uploads/position/22-pos-top40charts.png",
    "youTubeUrl": "http://www.youtube.com/results?search_query=Amii%20Stewart%20-%20Knock%20On%20Wood",
    "artist": "Amii Stewart",
    "songTitle": "Knock On Wood"
},{
    "rank": "uploads/position/23-pos-top40charts.png",
    "youTubeUrl": "http://www.youtube.com/results?search_query=Suzi%20Quatro%20-%20Chris%20Norman%20-%20Stumblin%20In",
    "artist": "Suzi Quatro Chris Norman",
    "songTitle": "Stumblin In"
},{
    "rank": "uploads/position/24-pos-top40charts.png",
    "youTubeUrl": "http://www.youtube.com/results?search_query=Maxine%20Nightingale%20-%20Lead%20Me%20On",
    "artist": "Maxine Nightingale",
    "songTitle": "Lead Me On"
},{
    "rank": "uploads/position/25-pos-top40charts.png",
    "youTubeUrl": "http://www.youtube.com/results?search_query=Jacksons%20-%20Shake%20Your%20Body",
    "artist": "Jacksons",
    "songTitle": "Shake Your Body"
},{
    "rank": "uploads/position/26-pos-top40charts.png",
    "youTubeUrl": "http://www.youtube.com/results?search_query=Melissa%20Manchester%20-%20Dont%20Cry%20Out%20Loud",
    "artist": "Melissa Manchester",
    "songTitle": "Dont Cry Out Loud"
},{
    "rank": "uploads/position/27-pos-top40charts.png",
    "youTubeUrl": "http://www.youtube.com/results?search_query=Supertramp%20-%20Logical%20Song",
    "artist": "Supertramp",
    "songTitle": "Logical Song"
},{
    "rank": "uploads/position/28-pos-top40charts.png",
    "youTubeUrl": "http://www.youtube.com/results?search_query=Billy%20Joel%20-%20My%20Life",
    "artist": "Billy Joel",
    "songTitle": "My Life"
},{
    "rank": "uploads/position/29-pos-top40charts.png",
    "youTubeUrl": "http://www.youtube.com/results?search_query=Randy%20Vanwrmer%20-%20Just%20When%20I%20Needed%20You%20Most",
    "artist": "Randy Vanwrmer",
    "songTitle": "Just When I Needed You Most"
},{
    "rank": "uploads/position/30-pos-top40charts.png",
    "youTubeUrl": "http://www.youtube.com/results?search_query=Raydio%20-%20You%20Can%27t%20Change%20That",
    "artist": "Raydio",
    "songTitle": "You Can't Change That"
},{
    "rank": "uploads/position/31-pos-top40charts.png",
    "youTubeUrl": "http://www.youtube.com/results?search_query=Peaches%20Herb%20-%20Shake%20Your%20Groove%20Thing",
    "artist": "Peaches & Herb",
    "songTitle": "Shake Your Groove Thing"
},{
    "rank": "uploads/position/32-pos-top40charts.png",
    "youTubeUrl": "http://www.youtube.com/results?search_query=Dionne%20Warwick%20-%20I%27ll%20Never%20Love%20This%20Way%20Again",
    "artist": "Dionne Warwick",
    "songTitle": "I'll Never Love This Way Again"
},{
    "rank": "uploads/position/33-pos-top40charts.png",
    "youTubeUrl": "http://www.youtube.com/results?search_query=Bee%20Gees%20-%20Love%20You%20Inside%20Out",
    "artist": "Bee Gees",
    "songTitle": "Love You Inside Out"
},{
    "rank": "uploads/position/34-pos-top40charts.png",
    "youTubeUrl": "http://www.youtube.com/results?search_query=Cheap%20Trick%20-%20I%20Want%20You%20To%20Want%20Me",
    "artist": "Cheap Trick",
    "songTitle": "I Want You To Want Me"
},{
    "rank": "uploads/position/35-pos-top40charts.png",
    "youTubeUrl": "http://www.youtube.com/results?search_query=Barbra%20Streisand%20-%20The%20Main%20Event",
    "artist": "Barbra Streisand",
    "songTitle": "The Main Event"
},{
    "rank": "uploads/position/36-pos-top40charts.png",
    "youTubeUrl": "http://www.youtube.com/results?search_query=Elton%20John%20-%20Mama%20Can%27t%20Buy%20You%20Love",
    "artist": "Elton John",
    "songTitle": "Mama Can't Buy You Love"
},{
    "rank": "uploads/position/37-pos-top40charts.png",
    "youTubeUrl": "http://www.youtube.com/results?search_query=Leif%20Garrett%20-%20I%20Was%20Made%20For%20Dancin",
    "artist": "Leif Garrett",
    "songTitle": "I Was Made For Dancin'"
},{
    "rank": "uploads/position/38-pos-top40charts.png",
    "youTubeUrl": "http://www.youtube.com/results?search_query=Earth%20Wind%20Fire%20-%20After%20The%20Love%20Has%20Gone",
    "artist": "Earth Wind & Fire",
    "songTitle": "After The Love Has Gone"
},{
    "rank": "uploads/position/39-pos-top40charts.png",
    "youTubeUrl": "http://www.youtube.com/results?search_query=Donna%20Summer%20Brooklyn%20Dreams%20-%20Heaven%20Knows",
    "artist": "Donna Summer & Brooklyn Dreams",
    "songTitle": "Heaven Knows"
},{
    "rank": "uploads/position/40-pos-top40charts.png",
    "youTubeUrl": "http://www.youtube.com/results?search_query=Kenny%20Rogers%20-%20The%20Gambler",
    "artist": "Kenny Rogers",
    "songTitle": "The Gambler"
}