{
    "rank": "uploads/position/1-pos-top40charts.png",
    "youTubeUrl": "http://www.youtube.com/results?search_query=percy%20faith%20theme%20from%20a%20summer%20place",
    "artist": "Percy Faith",
    "songTitle": "Theme From A Summer Place"
},{
    "rank": "uploads/position/2-pos-top40charts.png",
    "youTubeUrl": "http://www.youtube.com/results?search_query=Jim%20Reeves%20-%20He%27ll%20Have%20To%20Go",
    "artist": "Jim Reeves",
    "songTitle": "He'll Have To Go"
},{
    "rank": "uploads/position/3-pos-top40charts.png",
    "youTubeUrl": "http://www.youtube.com/results?search_query=Everly%20Brothers%20-%20Cathy%27s%20Clown",
    "artist": "Everly Brothers",
    "songTitle": "Cathy's Clown"
},{
    "rank": "uploads/position/4-pos-top40charts.png",
    "youTubeUrl": "http://www.youtube.com/results?search_query=Johnny%20Preston%20-%20Running%20Bear",
    "artist": "Johnny Preston",
    "songTitle": "Running Bear"
},{
    "rank": "uploads/position/5-pos-top40charts.png",
    "youTubeUrl": "http://www.youtube.com/results?search_query=Mark%20Dinning%20-%20Teen%20Angel",
    "artist": "Mark Dinning",
    "songTitle": "Teen Angel"
},{
    "rank": "uploads/position/6-pos-top40charts.png",
    "youTubeUrl": "http://www.youtube.com/results?search_query=Elvis%20Presley%20-%20It%27s%20Now%20Or%20Never",
    "artist": "Elvis Presley",
    "songTitle": "It's Now Or Never"
},{
    "rank": "uploads/position/7-pos-top40charts.png",
    "youTubeUrl": "http://www.youtube.com/results?search_query=Jimmy%20Jones%20-%20Handyman",
    "artist": "Jimmy Jones",
    "songTitle": "Handyman"
},{
    "rank": "uploads/position/8-pos-top40charts.png",
    "youTubeUrl": "http://www.youtube.com/results?search_query=Brenda%20Lee%20-%20I%27m%20Sorry",
    "artist": "Brenda Lee",
    "songTitle": "I'm Sorry"
},{
    "rank": "uploads/position/9-pos-top40charts.png",
    "youTubeUrl": "http://www.youtube.com/results?search_query=Elvis%20Presley%20-%20Stuck%20On%20You",
    "artist": "Elvis Presley",
    "songTitle": "Stuck On You"
},{
    "rank": "uploads/position/10-pos-top40charts.png",
    "youTubeUrl": "http://www.youtube.com/results?search_query=Chubby%20Checker%20-%20Twist",
    "artist": "Chubby Checker",
    "songTitle": "Twist"
},{
    "rank": "uploads/position/11-pos-top40charts.png",
    "youTubeUrl": "http://www.youtube.com/results?search_query=Connie%20Francis%20-%20Everybody%27s%20Somebody%27s%20Fool",
    "artist": "Connie Francis",
    "songTitle": "Everybody's Somebody's Fool"
},{
    "rank": "uploads/position/12-pos-top40charts.png",
    "youTubeUrl": "http://www.youtube.com/results?search_query=Bobby%20Rydell%20-%20Wild%20One",
    "artist": "Bobby Rydell",
    "songTitle": "Wild One"
},{
    "rank": "uploads/position/13-pos-top40charts.png",
    "youTubeUrl": "http://www.youtube.com/results?search_query=Brothers%20Four%20-%20Greenfields",
    "artist": "Brothers Four",
    "songTitle": "Greenfields"
},{
    "rank": "uploads/position/14-pos-top40charts.png",
    "youTubeUrl": "http://www.youtube.com/results?search_query=Jack%20Scott%20-%20What%20In%20The%20World%27s%20Come%20Over%20You",
    "artist": "Jack Scott",
    "songTitle": "What In The World's Come Over You"
},{
    "rank": "uploads/position/15-pos-top40charts.png",
    "youTubeUrl": "http://www.youtube.com/results?search_query=Marty%20Robbins%20-%20El%20Paso",
    "artist": "Marty Robbins",
    "songTitle": "El Paso"
},{
    "rank": "uploads/position/16-pos-top40charts.png",
    "youTubeUrl": "http://www.youtube.com/results?search_query=Hollywood%20Argyles%20-%20Alley%20Oop",
    "artist": "Hollywood Argyles",
    "songTitle": "Alley Oop"
},{
    "rank": "uploads/position/17-pos-top40charts.png",
    "youTubeUrl": "http://www.youtube.com/results?search_query=Connie%20Francis%20-%20My%20Heart%20Has%20A%20Mind%20Of%20Its%20Own",
    "artist": "Connie Francis",
    "songTitle": "My Heart Has A Mind Of Its Own"
},{
    "rank": "uploads/position/18-pos-top40charts.png",
    "youTubeUrl": "http://www.youtube.com/results?search_query=Brenda%20Lee%20-%20Sweet%20Nothin%27",
    "artist": "Brenda Lee",
    "songTitle": "Sweet Nothin'"
},{
    "rank": "uploads/position/19-pos-top40charts.png",
    "youTubeUrl": "http://www.youtube.com/results?search_query=Brian%20Hyland%20-%20Itsy%20Bitsy%20Teenie%20Weenie%20Yellow%20Polka",
    "artist": "Brian Hyland",
    "songTitle": "Itsy Bitsy Teenie Weenie Yellow Polk"
},{
    "rank": "uploads/position/20-pos-top40charts.png",
    "youTubeUrl": "http://www.youtube.com/results?search_query=Roy%20Orbison%20-%20Only%20The%20Lonley",
    "artist": "Roy Orbison",
    "songTitle": "Only The Lonley"
},{
    "rank": "uploads/position/21-pos-top40charts.png",
    "youTubeUrl": "http://www.youtube.com/results?search_query=Dion%20And%20The%20Belmonts%20-%20Where%20Or%20When",
    "artist": "Dion And The Belmonts",
    "songTitle": "Where Or When"
},{
    "rank": "uploads/position/22-pos-top40charts.png",
    "youTubeUrl": "http://www.youtube.com/results?search_query=Connie%20Stevens%20-%20Sixteen%20Reasons",
    "artist": "Connie Stevens",
    "songTitle": "Sixteen Reasons"
},{
    "rank": "uploads/position/23-pos-top40charts.png",
    "youTubeUrl": "http://www.youtube.com/results?search_query=Paul%20Anka%20-%20Puppy%20Love",
    "artist": "Paul Anka",
    "songTitle": "Puppy Love"
},{
    "rank": "uploads/position/24-pos-top40charts.png",
    "youTubeUrl": "http://www.youtube.com/results?search_query=Frankie%20Avalon%20-%20Why",
    "artist": "Frankie Avalon",
    "songTitle": "Why"
},{
    "rank": "uploads/position/25-pos-top40charts.png",
    "youTubeUrl": "http://www.youtube.com/results?search_query=Ventures%20-%20Walk,%20Don%27t%20Run",
    "artist": "Ventures",
    "songTitle": "Walk, Don't Run"
},{
    "rank": "uploads/position/26-pos-top40charts.png",
    "youTubeUrl": "http://www.youtube.com/results?search_query=Drifters%20-%20Save%20The%20Last%20Dance%20For%20Me",
    "artist": "Drifters",
    "songTitle": "Save The Last Dance For Me"
},{
    "rank": "uploads/position/27-pos-top40charts.png",
    "youTubeUrl": "http://www.youtube.com/results?search_query=Dinah%20Washington%20Brook%20Benton%20-%20Baby",
    "artist": "Dinah Washington & Brook Benton",
    "songTitle": "Baby (You're Got"
},{
    "rank": "uploads/position/28-pos-top40charts.png",
    "youTubeUrl": "http://www.youtube.com/results?search_query=Johnny%20Horton%20-%20Sink%20The%20Bismark",
    "artist": "Johnny Horton",
    "songTitle": "Sink The Bismark"
},{
    "rank": "uploads/position/29-pos-top40charts.png",
    "youTubeUrl": "http://www.youtube.com/results?search_query=Sam%20Cooke%20-%20Working%20On%20The%20Chain%20Gang",
    "artist": "Sam Cooke",
    "songTitle": "Working On The Chain Gang"
},{
    "rank": "uploads/position/30-pos-top40charts.png",
    "youTubeUrl": "http://www.youtube.com/results?search_query=Everly%20Brothers%20-%20Let%20It%20Be%20Me",
    "artist": "Everly Brothers",
    "songTitle": "Let It Be Me"
},{
    "rank": "uploads/position/31-pos-top40charts.png",
    "youTubeUrl": "http://www.youtube.com/results?search_query=Jimmy%20Jones%20-%20Good%20Timin",
    "artist": "Jimmy Jones",
    "songTitle": "Good Timin"
},{
    "rank": "uploads/position/32-pos-top40charts.png",
    "youTubeUrl": "http://www.youtube.com/results?search_query=Bobby%20Darin%20-%20Beyond%20The%20Sea",
    "artist": "Bobby Darin",
    "songTitle": "Beyond The Sea"
},{
    "rank": "uploads/position/33-pos-top40charts.png",
    "youTubeUrl": "http://www.youtube.com/results?search_query=Jimmy%20Clanton%20-%20Go%20Jimmy%20Go",
    "artist": "Jimmy Clanton",
    "songTitle": "Go Jimmy Go"
},{
    "rank": "uploads/position/34-pos-top40charts.png",
    "youTubeUrl": "http://www.youtube.com/results?search_query=Jackie%20Wilson%20-%20Night",
    "artist": "Jackie Wilson",
    "songTitle": "Night"
},{
    "rank": "uploads/position/35-pos-top40charts.png",
    "youTubeUrl": "http://www.youtube.com/results?search_query=Jack%20Scott%20-%20Burning%20Bridges",
    "artist": "Jack Scott",
    "songTitle": "Burning Bridges"
},{
    "rank": "uploads/position/36-pos-top40charts.png",
    "youTubeUrl": "http://www.youtube.com/results?search_query=Toni%20Fisher%20-%20Big%20Hurt",
    "artist": "Toni Fisher",
    "songTitle": "Big Hurt"
},{
    "rank": "uploads/position/37-pos-top40charts.png",
    "youTubeUrl": "http://www.youtube.com/results?search_query=Duane%20Eddy%20-%20Because%20They%27re%20Young",
    "artist": "Duane Eddy",
    "songTitle": "Because They're Young"
},{
    "rank": "uploads/position/38-pos-top40charts.png",
    "youTubeUrl": "http://www.youtube.com/results?search_query=Conway%20Twitty%20-%20Lonely%20Blue%20Boy",
    "artist": "Conway Twitty",
    "songTitle": "Lonely Blue Boy"
},{
    "rank": "uploads/position/39-pos-top40charts.png",
    "youTubeUrl": "http://www.youtube.com/results?search_query=Steve%20Lawrence%20-%20Pretty%20Blue%20Eyes",
    "artist": "Steve Lawrence",
    "songTitle": "Pretty Blue Eyes"
},{
    "rank": "uploads/position/40-pos-top40charts.png",
    "youTubeUrl": "http://www.youtube.com/results?search_query=Freddy%20Cannon%20-%20Way%20Down%20Yonder%20In%20New%20Orleans",
    "artist": "Freddy Cannon",
    "songTitle": "Way Down Yonder In New Orleans"
}