{
    "rank": "uploads/position/1-pos-top40charts.png",
    "youTubeUrl": "http://www.youtube.com/results?search_query=Tossin%27%20And%20Turnin%27%20-%20Bobby%20Lewis",
    "artist": "Tossin' And Turnin'",
    "songTitle": "Bobby Lewis"
},{
    "rank": "uploads/position/2-pos-top40charts.png",
    "youTubeUrl": "http://www.youtube.com/results?search_query=Patsy%20Cline%20-%20I%20Fall%20To%20Pieces",
    "artist": "Patsy Cline",
    "songTitle": "I Fall To Pieces"
},{
    "rank": "uploads/position/3-pos-top40charts.png",
    "youTubeUrl": "http://www.youtube.com/results?search_query=Highwaymen%20-%20Michael",
    "artist": "Highwaymen",
    "songTitle": "Michael"
},{
    "rank": "uploads/position/4-pos-top40charts.png",
    "youTubeUrl": "http://www.youtube.com/results?search_query=Roy%20Orbison%20-%20Crying",
    "artist": "Roy Orbison",
    "songTitle": "Crying"
},{
    "rank": "uploads/position/5-pos-top40charts.png",
    "youTubeUrl": "http://www.youtube.com/results?search_query=Del%20Shannon%20-%20Runaway",
    "artist": "Del Shannon",
    "songTitle": "Runaway"
},{
    "rank": "uploads/position/6-pos-top40charts.png",
    "youTubeUrl": "http://www.youtube.com/results?search_query=Jive%20Five%20-%20My%20True%20Story",
    "artist": "Jive Five",
    "songTitle": "My True Story"
},{
    "rank": "uploads/position/7-pos-top40charts.png",
    "youTubeUrl": "http://www.youtube.com/results?search_query=Chubby%20Checker%20-%20Pony%20Time",
    "artist": "Chubby Checker",
    "songTitle": "Pony Time"
},{
    "rank": "uploads/position/8-pos-top40charts.png",
    "youTubeUrl": "http://www.youtube.com/results?search_query=String%20-%20A%20-%20Longs%20-%20Wheels",
    "artist": "String A Longs",
    "songTitle": "Wheels"
},{
    "rank": "uploads/position/9-pos-top40charts.png",
    "youTubeUrl": "http://www.youtube.com/results?search_query=Dee%20Clark%20-%20Raindrops",
    "artist": "Dee Clark",
    "songTitle": "Raindrops"
},{
    "rank": "uploads/position/10-pos-top40charts.png",
    "youTubeUrl": "http://www.youtube.com/results?search_query=Joe%20Dowell%20-%20Wooden%20Heart",
    "artist": "Joe Dowell",
    "songTitle": "Wooden Heart"
},{
    "rank": "uploads/position/11-pos-top40charts.png",
    "youTubeUrl": "http://www.youtube.com/results?search_query=Calcutta%20-%20Lawrence%20Welk",
    "artist": "Calcutta",
    "songTitle": "Lawrence Welk"
},{
    "rank": "uploads/position/12-pos-top40charts.png",
    "youTubeUrl": "http://www.youtube.com/results?search_query=Bobby%20Vee%20-%20Take%20Good%20Care%20Of%20My%20Baby",
    "artist": "Bobby Vee",
    "songTitle": "Take Good Care Of My Baby"
},{
    "rank": "uploads/position/13-pos-top40charts.png",
    "youTubeUrl": "http://www.youtube.com/results?search_query=Roy%20Orbison%20-%20Running%20Scared",
    "artist": "Roy Orbison",
    "songTitle": "Running Scared"
},{
    "rank": "uploads/position/14-pos-top40charts.png",
    "youTubeUrl": "http://www.youtube.com/results?search_query=Shirelles%20-%20Dedicated%20To%20The%20One%20I%20Love",
    "artist": "Shirelles",
    "songTitle": "Dedicated To The One I Love"
},{
    "rank": "uploads/position/15-pos-top40charts.png",
    "youTubeUrl": "http://www.youtube.com/results?search_query=Mar%20-%20Keys%20-%20Last%20Night",
    "artist": "MarKeys",
    "songTitle": "Last Night"
},{
    "rank": "uploads/position/16-pos-top40charts.png",
    "youTubeUrl": "http://www.youtube.com/results?search_query=Shirelles%20-%20Will%20You%20Love%20Me%20Tomorrow",
    "artist": "Shirelles",
    "songTitle": "Will You Love Me Tomorrow"
},{
    "rank": "uploads/position/17-pos-top40charts.png",
    "youTubeUrl": "http://www.youtube.com/results?search_query=Ferrante%20And%20Teicher%20-%20Exodus",
    "artist": "Ferrante And Teicher",
    "songTitle": "Exodus"
},{
    "rank": "uploads/position/18-pos-top40charts.png",
    "youTubeUrl": "http://www.youtube.com/results?search_query=Connie%20Francis%20-%20Where%20The%20Boys%20Are",
    "artist": "Connie Francis",
    "songTitle": "Where The Boys Are"
},{
    "rank": "uploads/position/19-pos-top40charts.png",
    "youTubeUrl": "http://www.youtube.com/results?search_query=Ray%20Charles%20-%20Hit%20The%20Road%20Jack",
    "artist": "Ray Charles",
    "songTitle": "Hit The Road Jack"
},{
    "rank": "uploads/position/20-pos-top40charts.png",
    "youTubeUrl": "http://www.youtube.com/results?search_query=Sue%20Thompson%20-%20Sad%20Movies%20Make%20Me%20Cry",
    "artist": "Sue Thompson",
    "songTitle": "Sad Movies Make Me Cry"
},{
    "rank": "uploads/position/21-pos-top40charts.png",
    "youTubeUrl": "http://www.youtube.com/results?search_query=Ernie%20K%20-%20Doe%20-%20Mother%20-%20In%20-%20Law",
    "artist": "Ernie K Doe",
    "songTitle": "Mother In Law"
},{
    "rank": "uploads/position/22-pos-top40charts.png",
    "youTubeUrl": "http://www.youtube.com/results?search_query=Dovells%20-%20Bristol%20Stomp",
    "artist": "Dovells",
    "songTitle": "Bristol Stomp"
},{
    "rank": "uploads/position/23-pos-top40charts.png",
    "youTubeUrl": "http://www.youtube.com/results?search_query=Ricky%20Nelson%20-%20Travelin%27%20Man",
    "artist": "Ricky Nelson",
    "songTitle": "Travelin' Man"
},{
    "rank": "uploads/position/24-pos-top40charts.png",
    "youTubeUrl": "http://www.youtube.com/results?search_query=Miracles%20-%20Shop%20Around",
    "artist": "Miracles",
    "songTitle": "Shop Around"
},{
    "rank": "uploads/position/25-pos-top40charts.png",
    "youTubeUrl": "http://www.youtube.com/results?search_query=Brook%20Benton%20-%20Boll%20Weevil%20Song",
    "artist": "Brook Benton",
    "songTitle": "Boll Weevil Song"
},{
    "rank": "uploads/position/26-pos-top40charts.png",
    "youTubeUrl": "http://www.youtube.com/results?search_query=Gene%20McDaniels%20-%20A%20Hundred%20Pounds%20Of%20Clay",
    "artist": "Gene McDaniels",
    "songTitle": "A Hundred Pounds Of Clay"
},{
    "rank": "uploads/position/27-pos-top40charts.png",
    "youTubeUrl": "http://www.youtube.com/results?search_query=Dick%20And%20Deedee%20-%20Mountain%27s%20High",
    "artist": "Dick And Deedee",
    "songTitle": "Mountain's High"
},{
    "rank": "uploads/position/28-pos-top40charts.png",
    "youTubeUrl": "http://www.youtube.com/results?search_query=Marty%20Robins%20-%20Don%27t%20Worry",
    "artist": "Marty Robins",
    "songTitle": "Don't Worry"
},{
    "rank": "uploads/position/29-pos-top40charts.png",
    "youTubeUrl": "http://www.youtube.com/results?search_query=Floyd%20Kramer%20-%20On%20The%20Rebound",
    "artist": "Floyd Kramer",
    "songTitle": "On The Rebound"
},{
    "rank": "uploads/position/30-pos-top40charts.png",
    "youTubeUrl": "http://www.youtube.com/results?search_query=Steve%20Lawrence%20-%20Portrait%20Of%20My%20Love",
    "artist": "Steve Lawrence",
    "songTitle": "Portrait Of My Love"
},{
    "rank": "uploads/position/31-pos-top40charts.png",
    "youTubeUrl": "http://www.youtube.com/results?search_query=Gary%20Us%20Bonds%20-%20Quarter%20To%20Three",
    "artist": "Gary Us Bonds",
    "songTitle": "Quarter To Three"
},{
    "rank": "uploads/position/32-pos-top40charts.png",
    "youTubeUrl": "http://www.youtube.com/results?search_query=Barry%20Mann%20-%20Who%20Put%20The%20Bomp",
    "artist": "Barry Mann",
    "songTitle": "Who Put The Bomp"
},{
    "rank": "uploads/position/33-pos-top40charts.png",
    "youTubeUrl": "http://www.youtube.com/results?search_query=Neil%20Sedaka%20-%20Calendar%20Girl",
    "artist": "Neil Sedaka",
    "songTitle": "Calendar Girl"
},{
    "rank": "uploads/position/34-pos-top40charts.png",
    "youTubeUrl": "http://www.youtube.com/results?search_query=Chris%20Kenner%20-%20I%20Like%20It%20Like%20That",
    "artist": "Chris Kenner",
    "songTitle": "I Like It Like That"
},{
    "rank": "uploads/position/35-pos-top40charts.png",
    "youTubeUrl": "http://www.youtube.com/results?search_query=Jorgen%20Ingmann%20-%20Apache",
    "artist": "Jorgen Ingmann",
    "songTitle": "Apache"
},{
    "rank": "uploads/position/36-pos-top40charts.png",
    "youTubeUrl": "http://www.youtube.com/results?search_query=Linda%20Scott%20-%20Don%27t%20Bet%20Money%20Honey",
    "artist": "Linda Scott",
    "songTitle": "Don't Bet Money Honey"
},{
    "rank": "uploads/position/37-pos-top40charts.png",
    "youTubeUrl": "http://www.youtube.com/results?search_query=Johnny%20Tillotson%20-%20Without%20You",
    "artist": "Johnny Tillotson",
    "songTitle": "Without You"
},{
    "rank": "uploads/position/38-pos-top40charts.png",
    "youTubeUrl": "http://www.youtube.com/results?search_query=Ferlin%20Husky%20-%20Wings%20Of%20A%20Dove",
    "artist": "Ferlin Husky",
    "songTitle": "Wings Of A Dove"
},{
    "rank": "uploads/position/39-pos-top40charts.png",
    "youTubeUrl": "http://www.youtube.com/results?search_query=Elvis%20Presley%20-%20Little%20Sister",
    "artist": "Elvis Presley",
    "songTitle": "Little Sister"
},{
    "rank": "uploads/position/40-pos-top40charts.png",
    "youTubeUrl": "http://www.youtube.com/results?search_query=Marcels%20-%20Blue%20Moon",
    "artist": "Marcels",
    "songTitle": "Blue Moon"
}