{
    "rank": "uploads/position/1-pos-top40charts.png",
    "youTubeUrl": "http://www.youtube.com/results?search_query=Acker%20Bilk%20-%20Stranger%20On%20The%20Shore",
    "artist": "Acker Bilk",
    "songTitle": "Stranger On The Shore"
},{
    "rank": "uploads/position/2-pos-top40charts.png",
    "youTubeUrl": "http://www.youtube.com/results?search_query=Ray%20Charles%20-%20I%20Can%27t%20Stop%20Loving%20You",
    "artist": "Ray Charles",
    "songTitle": "I Can't Stop Loving You"
},{
    "rank": "uploads/position/3-pos-top40charts.png",
    "youTubeUrl": "http://www.youtube.com/results?search_query=Dee%20Dee%20Sharp%20-%20Mashed%20Potato%20Time",
    "artist": "Dee Dee Sharp",
    "songTitle": "Mashed Potato Time"
},{
    "rank": "uploads/position/4-pos-top40charts.png",
    "youTubeUrl": "http://www.youtube.com/results?search_query=Bobby%20Vinton%20-%20Roses%20Are%20Red",
    "artist": "Bobby Vinton",
    "songTitle": "Roses Are Red"
},{
    "rank": "uploads/position/5-pos-top40charts.png",
    "youTubeUrl": "http://www.youtube.com/results?search_query=David%20Rose%20-%20Stripper",
    "artist": "David Rose",
    "songTitle": "Stripper"
},{
    "rank": "uploads/position/6-pos-top40charts.png",
    "youTubeUrl": "http://www.youtube.com/results?search_query=Shelley%20Fabares%20-%20Johnny%20Angel",
    "artist": "Shelley Fabares",
    "songTitle": "Johnny Angel"
},{
    "rank": "uploads/position/7-pos-top40charts.png",
    "youTubeUrl": "http://www.youtube.com/results?search_query=Little%20Eva%20-%20Loco%20-%20Motion",
    "artist": "Little Eva",
    "songTitle": "Locomotion"
},{
    "rank": "uploads/position/8-pos-top40charts.png",
    "youTubeUrl": "http://www.youtube.com/results?search_query=Sensations%20-%20Let%20Me%20In",
    "artist": "Sensations",
    "songTitle": "Let Me In"
},{
    "rank": "uploads/position/9-pos-top40charts.png",
    "youTubeUrl": "http://www.youtube.com/results?search_query=Chubby%20Checker%20-%20Twist",
    "artist": "Chubby Checker",
    "songTitle": "Twist"
},{
    "rank": "uploads/position/10-pos-top40charts.png",
    "youTubeUrl": "http://www.youtube.com/results?search_query=Shirelles%20-%20Soldier%20Boy",
    "artist": "Shirelles",
    "songTitle": "Soldier Boy"
},{
    "rank": "uploads/position/11-pos-top40charts.png",
    "youTubeUrl": "http://www.youtube.com/results?search_query=Bruce%20Channel%20-%20Hey!%20Baby",
    "artist": "Bruce Channel",
    "songTitle": "Hey! Baby"
},{
    "rank": "uploads/position/12-pos-top40charts.png",
    "youTubeUrl": "http://www.youtube.com/results?search_query=Dion%20-%20Wanderer",
    "artist": "Dion",
    "songTitle": "Wanderer"
},{
    "rank": "uploads/position/13-pos-top40charts.png",
    "youTubeUrl": "http://www.youtube.com/results?search_query=Gene%20Chandler%20-%20Duke%20Of%20Earl",
    "artist": "Gene Chandler",
    "songTitle": "Duke Of Earl"
},{
    "rank": "uploads/position/14-pos-top40charts.png",
    "youTubeUrl": "http://www.youtube.com/results?search_query=Freddy%20Cannon%20-%20Palisades%20Park",
    "artist": "Freddy Cannon",
    "songTitle": "Palisades Park"
},{
    "rank": "uploads/position/15-pos-top40charts.png",
    "youTubeUrl": "http://www.youtube.com/results?search_query=Neil%20Sedaka%20-%20Breaking%20Up%20Is%20Hard%20To%20Do",
    "artist": "Neil Sedaka",
    "songTitle": "Breaking Up Is Hard To Do"
},{
    "rank": "uploads/position/16-pos-top40charts.png",
    "youTubeUrl": "http://www.youtube.com/results?search_query=Claude%20King%20-%20Wolverton%20Mountain",
    "artist": "Claude King",
    "songTitle": "Wolverton Mountain"
},{
    "rank": "uploads/position/17-pos-top40charts.png",
    "youTubeUrl": "http://www.youtube.com/results?search_query=Slow%20Twistin%20-%20Chubby%20Checker",
    "artist": "Slow Twistin",
    "songTitle": "Chubby Checker"
},{
    "rank": "uploads/position/18-pos-top40charts.png",
    "youTubeUrl": "http://www.youtube.com/results?search_query=Johnny%20Tillotson%20-%20It%20Keeps%20Right%20On%20A%20Hurtin",
    "artist": "Johnny Tillotson",
    "songTitle": "It Keeps Right On A Hurtin'"
},{
    "rank": "uploads/position/19-pos-top40charts.png",
    "youTubeUrl": "http://www.youtube.com/results?search_query=Mary%20Wells%20-%20One%20Who%20Really%20Loves%20You",
    "artist": "Mary Wells",
    "songTitle": "One Who Really Loves You"
},{
    "rank": "uploads/position/20-pos-top40charts.png",
    "youTubeUrl": "http://www.youtube.com/results?search_query=Elvis%20Presley%20-%20Good%20Luck%20Charm",
    "artist": "Elvis Presley",
    "songTitle": "Good Luck Charm"
},{
    "rank": "uploads/position/21-pos-top40charts.png",
    "youTubeUrl": "http://www.youtube.com/results?search_query=Bert%20Kaempfert%20-%20Midnight%20In%20Moscow",
    "artist": "Bert Kaempfert",
    "songTitle": "Midnight In Moscow"
},{
    "rank": "uploads/position/22-pos-top40charts.png",
    "youTubeUrl": "http://www.youtube.com/results?search_query=Tommy%20Roe%20-%20Sheila",
    "artist": "Tommy Roe",
    "songTitle": "Sheila"
},{
    "rank": "uploads/position/23-pos-top40charts.png",
    "youTubeUrl": "http://www.youtube.com/results?search_query=Sam%20Cooke%20-%20Twistin%27%20The%20Night%20Away",
    "artist": "Sam Cooke",
    "songTitle": "Twistin' The Night Away"
},{
    "rank": "uploads/position/24-pos-top40charts.png",
    "youTubeUrl": "http://www.youtube.com/results?search_query=Orlons%20-%20Wah%20Watusi",
    "artist": "Orlons",
    "songTitle": "Wah Watusi"
},{
    "rank": "uploads/position/25-pos-top40charts.png",
    "youTubeUrl": "http://www.youtube.com/results?search_query=Joey%20Dee%20-%20Peppermint%20Twist",
    "artist": "Joey Dee",
    "songTitle": "Peppermint Twist"
},{
    "rank": "uploads/position/26-pos-top40charts.png",
    "youTubeUrl": "http://www.youtube.com/results?search_query=Brenda%20Lee%20-%20Break%20It%20To%20Me%20Gently",
    "artist": "Brenda Lee",
    "songTitle": "Break It To Me Gently"
},{
    "rank": "uploads/position/27-pos-top40charts.png",
    "youTubeUrl": "http://www.youtube.com/results?search_query=Marvelettes%20-%20Playboy",
    "artist": "Marvelettes",
    "songTitle": "Playboy"
},{
    "rank": "uploads/position/28-pos-top40charts.png",
    "youTubeUrl": "http://www.youtube.com/results?search_query=Nat%20King%20Cole%20-%20Ramblin%27%20Rose",
    "artist": "Nat King Cole",
    "songTitle": "Ramblin' Rose"
},{
    "rank": "uploads/position/29-pos-top40charts.png",
    "youTubeUrl": "http://www.youtube.com/results?search_query=Brian%20Hyland%20-%20Sealed%20With%20A%20Kiss",
    "artist": "Brian Hyland",
    "songTitle": "Sealed With A Kiss"
},{
    "rank": "uploads/position/30-pos-top40charts.png",
    "youTubeUrl": "http://www.youtube.com/results?search_query=Jay%20And%20The%20Americans%20-%20She%20Cried",
    "artist": "Jay And The Americans",
    "songTitle": "She Cried"
},{
    "rank": "uploads/position/31-pos-top40charts.png",
    "youTubeUrl": "http://www.youtube.com/results?search_query=Connie%20Francis%20-%20Don%27t%20Break%20The%20Heart%20That%20Loves%20You",
    "artist": "Connie Francis",
    "songTitle": "Don't Break The Heart That Loves You"
},{
    "rank": "uploads/position/32-pos-top40charts.png",
    "youTubeUrl": "http://www.youtube.com/results?search_query=Gary%20Us%20Bonds%20-%20Dear%20Lady%20Twist",
    "artist": "Gary Us Bonds",
    "songTitle": "Dear Lady Twist"
},{
    "rank": "uploads/position/33-pos-top40charts.png",
    "youTubeUrl": "http://www.youtube.com/results?search_query=Sue%20Thompson%20-%20Norman",
    "artist": "Sue Thompson",
    "songTitle": "Norman"
},{
    "rank": "uploads/position/34-pos-top40charts.png",
    "youTubeUrl": "http://www.youtube.com/results?search_query=Lester%20Kitty%20-%20Love%20Letters",
    "artist": "Lester Kitty",
    "songTitle": "Love Letters"
},{
    "rank": "uploads/position/35-pos-top40charts.png",
    "youTubeUrl": "http://www.youtube.com/results?search_query=Claudine%20Clark%20-%20Party%20Lights",
    "artist": "Claudine Clark",
    "songTitle": "Party Lights"
},{
    "rank": "uploads/position/36-pos-top40charts.png",
    "youTubeUrl": "http://www.youtube.com/results?search_query=Highwaymen%20-%20Cotton%20Fields",
    "artist": "Highwaymen",
    "songTitle": "Cotton Fields"
},{
    "rank": "uploads/position/37-pos-top40charts.png",
    "youTubeUrl": "http://www.youtube.com/results?search_query=Bent%20Fabric%20-%20Alley%20Cat",
    "artist": "Bent Fabric",
    "songTitle": "Alley Cat"
},{
    "rank": "uploads/position/38-pos-top40charts.png",
    "youTubeUrl": "http://www.youtube.com/results?search_query=Isley%20Brothers%20-%20Twist%20And%20Shout",
    "artist": "Isley Brothers",
    "songTitle": "Twist And Shout"
},{
    "rank": "uploads/position/39-pos-top40charts.png",
    "youTubeUrl": "http://www.youtube.com/results?search_query=Richard%20Chamberlain%20-%20Dr%20Kildare%20Theme",
    "artist": "Richard Chamberlain",
    "songTitle": "Dr Kildare Theme"
},{
    "rank": "uploads/position/40-pos-top40charts.png",
    "youTubeUrl": "http://www.youtube.com/results?search_query=Ace%20Cannon%20-%20Tuff",
    "artist": "Ace Cannon",
    "songTitle": "Tuff"
}