{
    "rank": "uploads/position/1-pos-top40charts.png",
    "youTubeUrl": "http://www.youtube.com/results?search_query=Jimmy%20Gilmer%20Fireballs%20-%20Sugar%20Shack",
    "artist": "Jimmy Gilmer & Fireballs",
    "songTitle": "Sugar Shack"
},{
    "rank": "uploads/position/2-pos-top40charts.png",
    "youTubeUrl": "http://www.youtube.com/results?search_query=Beach%20Boys%20-%20Surfin%27%20Usa",
    "artist": "Beach Boys",
    "songTitle": "Surfin' Usa"
},{
    "rank": "uploads/position/3-pos-top40charts.png",
    "youTubeUrl": "http://www.youtube.com/results?search_query=Skeeter%20Davis%20-%20End%20Of%20The%20World",
    "artist": "Skeeter Davis",
    "songTitle": "End Of The World"
},{
    "rank": "uploads/position/4-pos-top40charts.png",
    "youTubeUrl": "http://www.youtube.com/results?search_query=Cascades%20-%20Rhythm%20Of%20The%20Rain",
    "artist": "Cascades",
    "songTitle": "Rhythm Of The Rain"
},{
    "rank": "uploads/position/5-pos-top40charts.png",
    "youTubeUrl": "http://www.youtube.com/results?search_query=Chiffons%20-%20He%27s%20So%20Fine",
    "artist": "Chiffons",
    "songTitle": "He's So Fine"
},{
    "rank": "uploads/position/6-pos-top40charts.png",
    "youTubeUrl": "http://www.youtube.com/results?search_query=Bobby%20Vinton%20-%20Blue%20Velvet",
    "artist": "Bobby Vinton",
    "songTitle": "Blue Velvet"
},{
    "rank": "uploads/position/7-pos-top40charts.png",
    "youTubeUrl": "http://www.youtube.com/results?search_query=Paul%20And%20Paula%20-%20Hey%20Paula",
    "artist": "Paul And Paula",
    "songTitle": "Hey Paula"
},{
    "rank": "uploads/position/8-pos-top40charts.png",
    "youTubeUrl": "http://www.youtube.com/results?search_query=Little%20Stevie%20Wonder%20-%20Fingertips",
    "artist": "Little Stevie Wonder",
    "songTitle": "Fingertips"
},{
    "rank": "uploads/position/9-pos-top40charts.png",
    "youTubeUrl": "http://www.youtube.com/results?search_query=Village%20Stompers%20-%20Washington%20Square",
    "artist": "Village Stompers",
    "songTitle": "Washington Square"
},{
    "rank": "uploads/position/10-pos-top40charts.png",
    "youTubeUrl": "http://www.youtube.com/results?search_query=Impressions%20-%20It%27s%20All%20Right",
    "artist": "Impressions",
    "songTitle": "It's All Right"
},{
    "rank": "uploads/position/11-pos-top40charts.png",
    "youTubeUrl": "http://www.youtube.com/results?search_query=Andy%20Williams%20-%20Can%27t%20Get%20Used%20To%20Losing%20You",
    "artist": "Andy Williams",
    "songTitle": "Can't Get Used To Losing You"
},{
    "rank": "uploads/position/12-pos-top40charts.png",
    "youTubeUrl": "http://www.youtube.com/results?search_query=Angels%20-%20My%20Boyfriend%20Is%20Back",
    "artist": "Angels",
    "songTitle": "My Boyfriend Is Back"
},{
    "rank": "uploads/position/13-pos-top40charts.png",
    "youTubeUrl": "http://www.youtube.com/results?search_query=Kyu%20Sakamoto%20-%20Sukiyaki",
    "artist": "Kyu Sakamoto",
    "songTitle": "Sukiyaki"
},{
    "rank": "uploads/position/14-pos-top40charts.png",
    "youTubeUrl": "http://www.youtube.com/results?search_query=Lesley%20Gore%20-%20She%27s%20A%20Fool",
    "artist": "Lesley Gore",
    "songTitle": "She's A Fool"
},{
    "rank": "uploads/position/15-pos-top40charts.png",
    "youTubeUrl": "http://www.youtube.com/results?search_query=Tymes%20-%20So%20Much%20In%20Love",
    "artist": "Tymes",
    "songTitle": "So Much In Love"
},{
    "rank": "uploads/position/16-pos-top40charts.png",
    "youTubeUrl": "http://www.youtube.com/results?search_query=Peter,%20Paul,%20And%20Mary%20-%20Puff%20The%20Magic%20Dragon",
    "artist": "Peter, Paul, And Mary",
    "songTitle": "Puff The Magic Dragon"
},{
    "rank": "uploads/position/17-pos-top40charts.png",
    "youTubeUrl": "http://www.youtube.com/results?search_query=Peter,%20Paul,%20And%20Mary%20-%20Blowin%27%20In%20The%20Wind",
    "artist": "Peter, Paul, And Mary",
    "songTitle": "Blowin' In The Wind"
},{
    "rank": "uploads/position/18-pos-top40charts.png",
    "youTubeUrl": "http://www.youtube.com/results?search_query=Dale%20And%20Grace%20-%20I%27m%20Leaving%20It%20Up%20To%20You",
    "artist": "Dale And Grace",
    "songTitle": "I'm Leaving It Up To You"
},{
    "rank": "uploads/position/19-pos-top40charts.png",
    "youTubeUrl": "http://www.youtube.com/results?search_query=Nino%20Tempo%20And%20April%20Stevens%20-%20Deep%20Purple",
    "artist": "Nino Tempo And April Stevens",
    "songTitle": "Deep Purple"
},{
    "rank": "uploads/position/20-pos-top40charts.png",
    "youTubeUrl": "http://www.youtube.com/results?search_query=Surfaris%20-%20Wipeout",
    "artist": "Surfaris",
    "songTitle": "Wipeout"
},{
    "rank": "uploads/position/21-pos-top40charts.png",
    "youTubeUrl": "http://www.youtube.com/results?search_query=Al%20Martino%20-%20I%20Love%20You%20Because",
    "artist": "Al Martino",
    "songTitle": "I Love You Because"
},{
    "rank": "uploads/position/22-pos-top40charts.png",
    "youTubeUrl": "http://www.youtube.com/results?search_query=Rebels%20-%20Wild%20Weekend",
    "artist": "Rebels",
    "songTitle": "Wild Weekend"
},{
    "rank": "uploads/position/23-pos-top40charts.png",
    "youTubeUrl": "http://www.youtube.com/results?search_query=Bobby%20Darin%20-%20You%27re%20The%20Reason%20I%27m%20Living",
    "artist": "Bobby Darin",
    "songTitle": "You're The Reason I'm Living"
},{
    "rank": "uploads/position/24-pos-top40charts.png",
    "youTubeUrl": "http://www.youtube.com/results?search_query=Four%20Seasons%20-%20Walk%20Like%20A%20Man",
    "artist": "Four Seasons",
    "songTitle": "Walk Like A Man"
},{
    "rank": "uploads/position/25-pos-top40charts.png",
    "youTubeUrl": "http://www.youtube.com/results?search_query=Inez%20Foxx%20-%20Mockingbird",
    "artist": "Inez Foxx",
    "songTitle": "Mockingbird"
},{
    "rank": "uploads/position/26-pos-top40charts.png",
    "youTubeUrl": "http://www.youtube.com/results?search_query=Little%20Peggy%20March%20-%20I%20Will%20Follow%20Him",
    "artist": "Little Peggy March",
    "songTitle": "I Will Follow Him"
},{
    "rank": "uploads/position/27-pos-top40charts.png",
    "youTubeUrl": "http://www.youtube.com/results?search_query=Chantays%20-%20Pipeline",
    "artist": "Chantays",
    "songTitle": "Pipeline"
},{
    "rank": "uploads/position/28-pos-top40charts.png",
    "youTubeUrl": "http://www.youtube.com/results?search_query=Jan%20Dean%20-%20Surf%20City",
    "artist": "Jan & Dean",
    "songTitle": "Surf City"
},{
    "rank": "uploads/position/29-pos-top40charts.png",
    "youTubeUrl": "http://www.youtube.com/results?search_query=Lesley%20Gore%20-%20It%27s%20My%20Party",
    "artist": "Lesley Gore",
    "songTitle": "It's My Party"
},{
    "rank": "uploads/position/30-pos-top40charts.png",
    "youTubeUrl": "http://www.youtube.com/results?search_query=Eydie%20Gorme%20-%20Blame%20It%20On%20The%20Bosa%20Nova",
    "artist": "Eydie Gorme",
    "songTitle": "Blame It On The Bosa Nova"
},{
    "rank": "uploads/position/31-pos-top40charts.png",
    "youTubeUrl": "http://www.youtube.com/results?search_query=Dovells%20-%20You%20Can%27t%20Sit%20Down",
    "artist": "Dovells",
    "songTitle": "You Can't Sit Down"
},{
    "rank": "uploads/position/32-pos-top40charts.png",
    "youTubeUrl": "http://www.youtube.com/results?search_query=Martha%20Reeves%20Vandellas%20-%20Heat%20Wave",
    "artist": "Martha Reeves & Vandellas",
    "songTitle": "Heat Wave"
},{
    "rank": "uploads/position/33-pos-top40charts.png",
    "youTubeUrl": "http://www.youtube.com/results?search_query=Randy%20Rainbows%20-%20Denise",
    "artist": "Randy & Rainbows",
    "songTitle": "Denise"
},{
    "rank": "uploads/position/34-pos-top40charts.png",
    "youTubeUrl": "http://www.youtube.com/results?search_query=Rooftop%20Singers%20-%20Walk%20Right%20In",
    "artist": "Rooftop Singers",
    "songTitle": "Walk Right In"
},{
    "rank": "uploads/position/35-pos-top40charts.png",
    "youTubeUrl": "http://www.youtube.com/results?search_query=Jimmy%20Soul%20-%20If%20You%20Wanna%20Be%20Happy",
    "artist": "Jimmy Soul",
    "songTitle": "If You Wanna Be Happy"
},{
    "rank": "uploads/position/36-pos-top40charts.png",
    "youTubeUrl": "http://www.youtube.com/results?search_query=Beach%20Boys%20-%20Surfer%20Girl",
    "artist": "Beach Boys",
    "songTitle": "Surfer Girl"
},{
    "rank": "uploads/position/37-pos-top40charts.png",
    "youTubeUrl": "http://www.youtube.com/results?search_query=Trini%20Lopez%20-%20If%20I%20Had%20A%20Hammer",
    "artist": "Trini Lopez",
    "songTitle": "If I Had A Hammer"
},{
    "rank": "uploads/position/38-pos-top40charts.png",
    "youTubeUrl": "http://www.youtube.com/results?search_query=Tommy%20Roe%20-%20Everybody",
    "artist": "Tommy Roe",
    "songTitle": "Everybody"
},{
    "rank": "uploads/position/39-pos-top40charts.png",
    "youTubeUrl": "http://www.youtube.com/results?search_query=Essex%20-%20Easier%20Said%20Than%20Done",
    "artist": "Essex",
    "songTitle": "Easier Said Than Done"
},{
    "rank": "uploads/position/40-pos-top40charts.png",
    "youTubeUrl": "http://www.youtube.com/results?search_query=Dion%20-%20Ruby%20Baby",
    "artist": "Dion",
    "songTitle": "Ruby Baby"
}