{
    "rank": "uploads/position/1-pos-top40charts.png",
    "youTubeUrl": "http://www.youtube.com/results?search_query=Beatles%20-%20I%20Wanna%20Hold%20Your%20Hand",
    "artist": "Beatles",
    "songTitle": "I Wanna Hold Your Hand"
},{
    "rank": "uploads/position/2-pos-top40charts.png",
    "youTubeUrl": "http://www.youtube.com/results?search_query=Beatles%20-%20She%20Loves%20You",
    "artist": "Beatles",
    "songTitle": "She Loves You"
},{
    "rank": "uploads/position/3-pos-top40charts.png",
    "youTubeUrl": "http://www.youtube.com/results?search_query=Louis%20Armstrong%20-%20Hello%20Dolly",
    "artist": "Louis Armstrong",
    "songTitle": "Hello Dolly"
},{
    "rank": "uploads/position/4-pos-top40charts.png",
    "youTubeUrl": "http://www.youtube.com/results?search_query=Roy%20Orbison%20-%20Pretty%20Woman",
    "artist": "Roy Orbison",
    "songTitle": "Pretty Woman"
},{
    "rank": "uploads/position/5-pos-top40charts.png",
    "youTubeUrl": "http://www.youtube.com/results?search_query=Beach%20Boys%20-%20I%20Get%20Around",
    "artist": "Beach Boys",
    "songTitle": "I Get Around"
},{
    "rank": "uploads/position/6-pos-top40charts.png",
    "youTubeUrl": "http://www.youtube.com/results?search_query=Dean%20Martin%20-%20Everybody%20Loves%20Somebody%20Sometime",
    "artist": "Dean Martin",
    "songTitle": "Everybody Loves Somebody Sometime"
},{
    "rank": "uploads/position/7-pos-top40charts.png",
    "youTubeUrl": "http://www.youtube.com/results?search_query=Mary%20Wells%20-%20My%20Guy",
    "artist": "Mary Wells",
    "songTitle": "My Guy"
},{
    "rank": "uploads/position/8-pos-top40charts.png",
    "youTubeUrl": "http://www.youtube.com/results?search_query=Gale%20Garnett%20-%20We%27ll%20Sing%20In%20The%20Sunshine",
    "artist": "Gale Garnett",
    "songTitle": "We'll Sing In The Sunshine"
},{
    "rank": "uploads/position/9-pos-top40charts.png",
    "youTubeUrl": "http://www.youtube.com/results?search_query=Frankie%20Wilson%20-%20Last%20Kiss",
    "artist": "Frankie Wilson",
    "songTitle": "Last Kiss"
},{
    "rank": "uploads/position/10-pos-top40charts.png",
    "youTubeUrl": "http://www.youtube.com/results?search_query=Supremes%20-%20Where%20Did%20Our%20Love%20Go",
    "artist": "Supremes",
    "songTitle": "Where Did Our Love Go"
},{
    "rank": "uploads/position/11-pos-top40charts.png",
    "youTubeUrl": "http://www.youtube.com/results?search_query=Barbra%20Streisand%20-%20People",
    "artist": "Barbra Streisand",
    "songTitle": "People"
},{
    "rank": "uploads/position/12-pos-top40charts.png",
    "youTubeUrl": "http://www.youtube.com/results?search_query=Al%20Hirt%20-%20Java",
    "artist": "Al Hirt",
    "songTitle": "Java"
},{
    "rank": "uploads/position/13-pos-top40charts.png",
    "youTubeUrl": "http://www.youtube.com/results?search_query=Beatles%20-%20Hard%20Days%20Night",
    "artist": "Beatles",
    "songTitle": "Hard Days Night"
},{
    "rank": "uploads/position/14-pos-top40charts.png",
    "youTubeUrl": "http://www.youtube.com/results?search_query=Beatles%20-%20Love%20Me%20Do",
    "artist": "Beatles",
    "songTitle": "Love Me Do"
},{
    "rank": "uploads/position/15-pos-top40charts.png",
    "youTubeUrl": "http://www.youtube.com/results?search_query=Manfred%20Mann%20-%20Do%20Wah%20Diddy%20Diddy",
    "artist": "Manfred Mann",
    "songTitle": "Do Wah Diddy Diddy"
},{
    "rank": "uploads/position/16-pos-top40charts.png",
    "youTubeUrl": "http://www.youtube.com/results?search_query=Beatles%20-%20Please%20Please%20Me",
    "artist": "Beatles",
    "songTitle": "Please Please Me"
},{
    "rank": "uploads/position/17-pos-top40charts.png",
    "youTubeUrl": "http://www.youtube.com/results?search_query=Martha%20Vandellas%20-%20Dancing%20In%20The%20Street",
    "artist": "Martha & Vandellas",
    "songTitle": "Dancing In The Street"
},{
    "rank": "uploads/position/18-pos-top40charts.png",
    "youTubeUrl": "http://www.youtube.com/results?search_query=Billy%20J%20Kramer%20-%20Little%20Children",
    "artist": "Billy J Kramer",
    "songTitle": "Little Children"
},{
    "rank": "uploads/position/19-pos-top40charts.png",
    "youTubeUrl": "http://www.youtube.com/results?search_query=Ray%20Charles%20Singers%20-%20Love%20Me%20With%20All%20Your%20Heart",
    "artist": "Ray Charles Singers",
    "songTitle": "Love Me With All Your Heart"
},{
    "rank": "uploads/position/20-pos-top40charts.png",
    "youTubeUrl": "http://www.youtube.com/results?search_query=Drifters%20-%20Under%20The%20Boardwalk",
    "artist": "Drifters",
    "songTitle": "Under The Boardwalk"
},{
    "rank": "uploads/position/21-pos-top40charts.png",
    "youTubeUrl": "http://www.youtube.com/results?search_query=Dixie%20Cups%20-%20Chapel%20Of%20Love",
    "artist": "Dixie Cups",
    "songTitle": "Chapel Of Love"
},{
    "rank": "uploads/position/22-pos-top40charts.png",
    "youTubeUrl": "http://www.youtube.com/results?search_query=Terry%20Stafford%20-%20Suspicion",
    "artist": "Terry Stafford",
    "songTitle": "Suspicion"
},{
    "rank": "uploads/position/23-pos-top40charts.png",
    "youTubeUrl": "http://www.youtube.com/results?search_query=Dave%20Clark%20Five%20-%20Glad%20All%20Over",
    "artist": "Dave Clark Five",
    "songTitle": "Glad All Over"
},{
    "rank": "uploads/position/24-pos-top40charts.png",
    "youTubeUrl": "http://www.youtube.com/results?search_query=Four%20Seasons%20-%20Rag%20Doll",
    "artist": "Four Seasons",
    "songTitle": "Rag Doll"
},{
    "rank": "uploads/position/25-pos-top40charts.png",
    "youTubeUrl": "http://www.youtube.com/results?search_query=Four%20Seasons%20-%20Dawn",
    "artist": "Four Seasons",
    "songTitle": "Dawn"
},{
    "rank": "uploads/position/26-pos-top40charts.png",
    "youTubeUrl": "http://www.youtube.com/results?search_query=Newbeats%20-%20Bread%20And%20Butter",
    "artist": "Newbeats",
    "songTitle": "Bread And Butter"
},{
    "rank": "uploads/position/27-pos-top40charts.png",
    "youTubeUrl": "http://www.youtube.com/results?search_query=Gene%20Pitney%20-%20It%20Hurts%20To%20Be%20In%20Love",
    "artist": "Gene Pitney",
    "songTitle": "It Hurts To Be In Love"
},{
    "rank": "uploads/position/28-pos-top40charts.png",
    "youTubeUrl": "http://www.youtube.com/results?search_query=Jan%20And%20Dean%20-%20Dead%20Man%27s%20Curve",
    "artist": "Jan And Dean",
    "songTitle": "Dead Man's Curve"
},{
    "rank": "uploads/position/29-pos-top40charts.png",
    "youTubeUrl": "http://www.youtube.com/results?search_query=Jay%20Americans%20-%20Come%20A%20Little%20Bit%20Closer",
    "artist": "Jay & Americans",
    "songTitle": "Come A Little Bit Closer"
},{
    "rank": "uploads/position/30-pos-top40charts.png",
    "youTubeUrl": "http://www.youtube.com/results?search_query=Peter%20And%20Gordon%20-%20A%20World%20Without%20Love",
    "artist": "Peter And Gordon",
    "songTitle": "A World Without Love"
},{
    "rank": "uploads/position/31-pos-top40charts.png",
    "youTubeUrl": "http://www.youtube.com/results?search_query=Honeycombs%20-%20Have%20I%20The%20Right",
    "artist": "Honeycombs",
    "songTitle": "Have I The Right"
},{
    "rank": "uploads/position/32-pos-top40charts.png",
    "youTubeUrl": "http://www.youtube.com/results?search_query=Serendipity%20Singers%20-%20Don%27t%20Let%20The%20Rain%20Come%20Down",
    "artist": "Serendipity Singers",
    "songTitle": "Don't Let The Rain Come Down"
},{
    "rank": "uploads/position/33-pos-top40charts.png",
    "youTubeUrl": "http://www.youtube.com/results?search_query=Supremes%20-%20Baby%20Love",
    "artist": "Supremes",
    "songTitle": "Baby Love"
},{
    "rank": "uploads/position/34-pos-top40charts.png",
    "youTubeUrl": "http://www.youtube.com/results?search_query=Betty%20Everett%20Jerry%20Butler%20-%20Let%20It%20Be%20Me",
    "artist": "Betty Everett & Jerry Butler",
    "songTitle": "Let It Be Me"
},{
    "rank": "uploads/position/35-pos-top40charts.png",
    "youTubeUrl": "http://www.youtube.com/results?search_query=Dusty%20Springfield%20-%20Wishin%27%20And%20Hopin",
    "artist": "Dusty Springfield",
    "songTitle": "Wishin' And Hopin'"
},{
    "rank": "uploads/position/36-pos-top40charts.png",
    "youTubeUrl": "http://www.youtube.com/results?search_query=Lesley%20Gore%20-%20You%20Don%27t%20Own%20Me",
    "artist": "Lesley Gore",
    "songTitle": "You Don't Own Me"
},{
    "rank": "uploads/position/37-pos-top40charts.png",
    "youTubeUrl": "http://www.youtube.com/results?search_query=Dionne%20Warwick%20-%20Walk%20On%20By",
    "artist": "Dionne Warwick",
    "songTitle": "Walk On By"
},{
    "rank": "uploads/position/38-pos-top40charts.png",
    "youTubeUrl": "http://www.youtube.com/results?search_query=Animals%20-%20House%20Of%20The%20Rising%20Sun",
    "artist": "Animals",
    "songTitle": "House Of The Rising Sun"
},{
    "rank": "uploads/position/39-pos-top40charts.png",
    "youTubeUrl": "http://www.youtube.com/results?search_query=Ronnie%20And%20The%20Daytonas%20-%20Little%20Gto",
    "artist": "Ronnie And The Daytonas",
    "songTitle": "Little Gto"
},{
    "rank": "uploads/position/40-pos-top40charts.png",
    "youTubeUrl": "http://www.youtube.com/results?search_query=Beatles%20-%20Twist%20And%20Shout",
    "artist": "Beatles",
    "songTitle": "Twist And Shout"
}