{
    "rank": "uploads/position/1-pos-top40charts.png",
    "youTubeUrl": "http://www.youtube.com/results?search_query=Sam%20The%20Sham%20Pharaohs%20-%20Wooly%20Bully",
    "artist": "Sam The Sham & Pharaohs",
    "songTitle": "Wooly Bully"
},{
    "rank": "uploads/position/2-pos-top40charts.png",
    "youTubeUrl": "http://www.youtube.com/results?search_query=Four%20Tops%20-%20I%20Can%27t%20Help%20Myself",
    "artist": "Four Tops",
    "songTitle": "I Can't Help Myself"
},{
    "rank": "uploads/position/3-pos-top40charts.png",
    "youTubeUrl": "http://www.youtube.com/results?search_query=Rolling%20Stones%20-%20Satisfaction",
    "artist": "Rolling Stones",
    "songTitle": "Satisfaction"
},{
    "rank": "uploads/position/4-pos-top40charts.png",
    "youTubeUrl": "http://www.youtube.com/results?search_query=We%20Five%20-%20You%20Were%20On%20My%20Mind",
    "artist": "We Five",
    "songTitle": "You Were On My Mind"
},{
    "rank": "uploads/position/5-pos-top40charts.png",
    "youTubeUrl": "http://www.youtube.com/results?search_query=Righteous%20Brothers%20-%20You%27ve%20Lost%20That%20Loving%20Feelin",
    "artist": "Righteous Brothers",
    "songTitle": "You've Lost That Loving Feelin"
},{
    "rank": "uploads/position/6-pos-top40charts.png",
    "youTubeUrl": "http://www.youtube.com/results?search_query=Petula%20Clark%20-%20Downtown",
    "artist": "Petula Clark",
    "songTitle": "Downtown"
},{
    "rank": "uploads/position/7-pos-top40charts.png",
    "youTubeUrl": "http://www.youtube.com/results?search_query=Beatles%20-%20Help",
    "artist": "Beatles",
    "songTitle": "Help"
},{
    "rank": "uploads/position/8-pos-top40charts.png",
    "youTubeUrl": "http://www.youtube.com/results?search_query=Herman%27s%20Hermits%20-%20Can%27t%20You%20Hear%20My%20Heartbeat",
    "artist": "Herman's Hermits",
    "songTitle": "Can't You Hear My Heartbeat"
},{
    "rank": "uploads/position/9-pos-top40charts.png",
    "youTubeUrl": "http://www.youtube.com/results?search_query=Elvis%20Presley%20-%20Crying%20In%20The%20Chapel",
    "artist": "Elvis Presley",
    "songTitle": "Crying In The Chapel"
},{
    "rank": "uploads/position/10-pos-top40charts.png",
    "youTubeUrl": "http://www.youtube.com/results?search_query=Temptations%20-%20My%20Girl",
    "artist": "Temptations",
    "songTitle": "My Girl"
},{
    "rank": "uploads/position/11-pos-top40charts.png",
    "youTubeUrl": "http://www.youtube.com/results?search_query=Beach%20Boys%20-%20Help%20Me%20Rhonda",
    "artist": "Beach Boys",
    "songTitle": "Help Me Rhonda"
},{
    "rank": "uploads/position/12-pos-top40charts.png",
    "youTubeUrl": "http://www.youtube.com/results?search_query=Roger%20Miller%20-%20King%20Of%20The%20Road",
    "artist": "Roger Miller",
    "songTitle": "King Of The Road"
},{
    "rank": "uploads/position/13-pos-top40charts.png",
    "youTubeUrl": "http://www.youtube.com/results?search_query=Jewel%20Akens%20-%20Birds%20And%20The%20Bees",
    "artist": "Jewel Akens",
    "songTitle": "Birds And The Bees"
},{
    "rank": "uploads/position/14-pos-top40charts.png",
    "youTubeUrl": "http://www.youtube.com/results?search_query=Mel%20Carter%20-%20Hold%20Me,%20Thrill%20Me,%20Kiss%20Me",
    "artist": "Mel Carter",
    "songTitle": "Hold Me, Thrill Me, Kiss Me"
},{
    "rank": "uploads/position/15-pos-top40charts.png",
    "youTubeUrl": "http://www.youtube.com/results?search_query=Jr%20Walker%20All%20Stars%20-%20Shotgun",
    "artist": "Jr Walker & All Stars",
    "songTitle": "Shotgun"
},{
    "rank": "uploads/position/16-pos-top40charts.png",
    "youTubeUrl": "http://www.youtube.com/results?search_query=Sonny%20And%20Cher%20-%20I%20Got%20You%20Babe",
    "artist": "Sonny And Cher",
    "songTitle": "I Got You Babe"
},{
    "rank": "uploads/position/17-pos-top40charts.png",
    "youTubeUrl": "http://www.youtube.com/results?search_query=Gary%20Lewis%20Playboys%20-%20This%20Diamond%20Ring",
    "artist": "Gary Lewis & Playboys",
    "songTitle": "This Diamond Ring"
},{
    "rank": "uploads/position/18-pos-top40charts.png",
    "youTubeUrl": "http://www.youtube.com/results?search_query=Ramsey%20Lewis%20Trio%20-%20The%20In%20Crowd",
    "artist": "Ramsey Lewis Trio",
    "songTitle": "The In Crowd"
},{
    "rank": "uploads/position/19-pos-top40charts.png",
    "youTubeUrl": "http://www.youtube.com/results?search_query=Hermans%20Hermits%20-%20Mrs%20Brown%20You%27ve%20Got%20A%20Lovely%20Daughter",
    "artist": "Hermans Hermits",
    "songTitle": "Mrs Brown You've Got A Lovely Daughter"
},{
    "rank": "uploads/position/20-pos-top40charts.png",
    "youTubeUrl": "http://www.youtube.com/results?search_query=Supremes%20-%20Stop%20In%20The%20Name%20Of%20Love",
    "artist": "Supremes",
    "songTitle": "Stop In The Name Of Love"
},{
    "rank": "uploads/position/21-pos-top40charts.png",
    "youTubeUrl": "http://www.youtube.com/results?search_query=Righteous%20Brothers%20-%20Unchained%20Melody",
    "artist": "Righteous Brothers",
    "songTitle": "Unchained Melody"
},{
    "rank": "uploads/position/22-pos-top40charts.png",
    "youTubeUrl": "http://www.youtube.com/results?search_query=Herman%27s%20Hermits%20-%20Silhouettes",
    "artist": "Herman's Hermits",
    "songTitle": "Silhouettes"
},{
    "rank": "uploads/position/23-pos-top40charts.png",
    "youTubeUrl": "http://www.youtube.com/results?search_query=Seekers%20-%20I%27ll%20Never%20Find%20Another%20You",
    "artist": "Seekers",
    "songTitle": "I'll Never Find Another You"
},{
    "rank": "uploads/position/24-pos-top40charts.png",
    "youTubeUrl": "http://www.youtube.com/results?search_query=Jay%20Americans%20-%20Cara%20Mia",
    "artist": "Jay & Americans",
    "songTitle": "Cara Mia"
},{
    "rank": "uploads/position/25-pos-top40charts.png",
    "youTubeUrl": "http://www.youtube.com/results?search_query=Byrds%20-%20Mr%20Tambourine%20Man",
    "artist": "Byrds",
    "songTitle": "Mr Tambourine Man"
},{
    "rank": "uploads/position/26-pos-top40charts.png",
    "youTubeUrl": "http://www.youtube.com/results?search_query=Sounds%20Orchestral%20-%20Cast%20Your%20Fate%20To%20The%20Wind",
    "artist": "Sounds Orchestral",
    "songTitle": "Cast Your Fate To The Wind"
},{
    "rank": "uploads/position/27-pos-top40charts.png",
    "youTubeUrl": "http://www.youtube.com/results?search_query=Barbara%20Mason%20-%20Yes%20I%27m%20Ready",
    "artist": "Barbara Mason",
    "songTitle": "Yes I'm Ready"
},{
    "rank": "uploads/position/28-pos-top40charts.png",
    "youTubeUrl": "http://www.youtube.com/results?search_query=Tom%20Jones%20-%20Whats%20New%20Pussycat",
    "artist": "Tom Jones",
    "songTitle": "Whats New Pussycat"
},{
    "rank": "uploads/position/29-pos-top40charts.png",
    "youTubeUrl": "http://www.youtube.com/results?search_query=Barry%20McGuire%20-%20Eve%20Of%20Destruction",
    "artist": "Barry McGuire",
    "songTitle": "Eve Of Destruction"
},{
    "rank": "uploads/position/30-pos-top40charts.png",
    "youTubeUrl": "http://www.youtube.com/results?search_query=McCoys%20-%20Hang%20On%20Sloopy",
    "artist": "McCoys",
    "songTitle": "Hang On Sloopy"
},{
    "rank": "uploads/position/31-pos-top40charts.png",
    "youTubeUrl": "http://www.youtube.com/results?search_query=Beatles%20-%20Ticket%20To%20Ride",
    "artist": "Beatles",
    "songTitle": "Ticket To Ride"
},{
    "rank": "uploads/position/32-pos-top40charts.png",
    "youTubeUrl": "http://www.youtube.com/results?search_query=Bert%20Kaempfert%20-%20Red%20Roses%20For%20A%20Blue%20Lady",
    "artist": "Bert Kaempfert",
    "songTitle": "Red Roses For A Blue Lady"
},{
    "rank": "uploads/position/33-pos-top40charts.png",
    "youTubeUrl": "http://www.youtube.com/results?search_query=James%20Brown%20-%20Papas%20Got%20A%20Brand%20New%20Bag",
    "artist": "James Brown",
    "songTitle": "Papas Got A Brand New Bag"
},{
    "rank": "uploads/position/34-pos-top40charts.png",
    "youTubeUrl": "http://www.youtube.com/results?search_query=Wayne%20Fontana%20The%20Mindbenders%20-%20Game%20Of%20Love",
    "artist": "Wayne Fontana & The Mindbenders",
    "songTitle": "Game Of Love"
},{
    "rank": "uploads/position/35-pos-top40charts.png",
    "youTubeUrl": "http://www.youtube.com/results?search_query=Shirley%20Ellis%20-%20Name%20Game",
    "artist": "Shirley Ellis",
    "songTitle": "Name Game"
},{
    "rank": "uploads/position/36-pos-top40charts.png",
    "youTubeUrl": "http://www.youtube.com/results?search_query=Petula%20Clark%20-%20I%20Know%20A%20Place",
    "artist": "Petula Clark",
    "songTitle": "I Know A Place"
},{
    "rank": "uploads/position/37-pos-top40charts.png",
    "youTubeUrl": "http://www.youtube.com/results?search_query=Supremes%20-%20Back%20In%20My%20Arms%20Again",
    "artist": "Supremes",
    "songTitle": "Back In My Arms Again"
},{
    "rank": "uploads/position/38-pos-top40charts.png",
    "youTubeUrl": "http://www.youtube.com/results?search_query=Barbara%20Lewis%20-%20Baby,%20I%27m%20Yours",
    "artist": "Barbara Lewis",
    "songTitle": "Baby, I'm Yours"
},{
    "rank": "uploads/position/39-pos-top40charts.png",
    "youTubeUrl": "http://www.youtube.com/results?search_query=Kingsmen%20-%20Jolly%20Green%20Giant",
    "artist": "Kingsmen",
    "songTitle": "Jolly Green Giant"
},{
    "rank": "uploads/position/40-pos-top40charts.png",
    "youTubeUrl": "http://www.youtube.com/results?search_query=Patti%20Page%20-%20Hush%20Hush%20Sweet%20Charlotte",
    "artist": "Patti Page",
    "songTitle": "Hush Hush Sweet Charlotte"
}