{
    "rank": "uploads/position/1-pos-top40charts.png",
    "youTubeUrl": "http://www.youtube.com/results?search_query=Sgt%20Barry%20Sadler%20-%20Ballad%20Of%20The%20Green%20Beret",
    "artist": "Sgt Barry Sadler",
    "songTitle": "Ballad Of The Green Beret"
},{
    "rank": "uploads/position/2-pos-top40charts.png",
    "youTubeUrl": "http://www.youtube.com/results?search_query=Associations%20-%20Cherish",
    "artist": "Associations",
    "songTitle": "Cherish"
},{
    "rank": "uploads/position/3-pos-top40charts.png",
    "youTubeUrl": "http://www.youtube.com/results?search_query=Righteous%20Brothers%20-%20Soul%20And%20Inspiration",
    "artist": "Righteous Brothers",
    "songTitle": "Soul And Inspiration"
},{
    "rank": "uploads/position/4-pos-top40charts.png",
    "youTubeUrl": "http://www.youtube.com/results?search_query=Four%20Tops%20-%20Reach%20Out,%20I%27ll%20Be%20There",
    "artist": "Four Tops",
    "songTitle": "Reach Out, I'll Be There"
},{
    "rank": "uploads/position/5-pos-top40charts.png",
    "youTubeUrl": "http://www.youtube.com/results?search_query=Question%20Mark%20The%20Mysterians%20-%2096%20Tears",
    "artist": "Question Mark & The Mysterians",
    "songTitle": "96 Tears"
},{
    "rank": "uploads/position/6-pos-top40charts.png",
    "youTubeUrl": "http://www.youtube.com/results?search_query=Monkees%20-%20Last%20Train%20To%20Clarksville",
    "artist": "Monkees",
    "songTitle": "Last Train To Clarksville"
},{
    "rank": "uploads/position/7-pos-top40charts.png",
    "youTubeUrl": "http://www.youtube.com/results?search_query=Mamas%20The%20Papas%20-%20Monday,%20Monday",
    "artist": "Mamas & The Papas",
    "songTitle": "Monday, Monday"
},{
    "rank": "uploads/position/8-pos-top40charts.png",
    "youTubeUrl": "http://www.youtube.com/results?search_query=The%20Supremes%20-%20You%20Can%27t%20Hurry%20Love",
    "artist": "The Supremes",
    "songTitle": "You Can't Hurry Love"
},{
    "rank": "uploads/position/9-pos-top40charts.png",
    "youTubeUrl": "http://www.youtube.com/results?search_query=Johnny%20Rivers%20-%20Poor%20Side%20Of%20Town",
    "artist": "Johnny Rivers",
    "songTitle": "Poor Side Of Town"
},{
    "rank": "uploads/position/10-pos-top40charts.png",
    "youTubeUrl": "http://www.youtube.com/results?search_query=Mamas%20The%20Papas%20-%20California%20Dreamin",
    "artist": "Mamas & The Papas",
    "songTitle": "California Dreamin'"
},{
    "rank": "uploads/position/11-pos-top40charts.png",
    "youTubeUrl": "http://www.youtube.com/results?search_query=Lovin%27%20Spoonful%20-%20Summer%20In%20The%20City",
    "artist": "Lovin' Spoonful",
    "songTitle": "Summer In The City"
},{
    "rank": "uploads/position/12-pos-top40charts.png",
    "youTubeUrl": "http://www.youtube.com/results?search_query=Roger%20Williams%20-%20Born%20Free",
    "artist": "Roger Williams",
    "songTitle": "Born Free"
},{
    "rank": "uploads/position/13-pos-top40charts.png",
    "youTubeUrl": "http://www.youtube.com/results?search_query=Nancy%20Sinatra%20-%20These%20Boots%20Are%20Made%20For%20Walking",
    "artist": "Nancy Sinatra",
    "songTitle": "These Boots Are Made For Walking"
},{
    "rank": "uploads/position/14-pos-top40charts.png",
    "youTubeUrl": "http://www.youtube.com/results?search_query=David%20Ruffin%20-%20What%20Becomes%20Of%20The%20Brokenhearted",
    "artist": "David Ruffin",
    "songTitle": "What Becomes Of The Brokenhearted"
},{
    "rank": "uploads/position/15-pos-top40charts.png",
    "youTubeUrl": "http://www.youtube.com/results?search_query=Frank%20Sinatra%20-%20Strangers%20In%20The%20Night",
    "artist": "Frank Sinatra",
    "songTitle": "Strangers In The Night"
},{
    "rank": "uploads/position/16-pos-top40charts.png",
    "youTubeUrl": "http://www.youtube.com/results?search_query=Beatles%20-%20We%20Can%20Work%20It%20Out",
    "artist": "Beatles",
    "songTitle": "We Can Work It Out"
},{
    "rank": "uploads/position/17-pos-top40charts.png",
    "youTubeUrl": "http://www.youtube.com/results?search_query=Young%20Rascals%20-%20Good%20Lovin",
    "artist": "Young Rascals",
    "songTitle": "Good Lovin'"
},{
    "rank": "uploads/position/18-pos-top40charts.png",
    "youTubeUrl": "http://www.youtube.com/results?search_query=New%20Vaudeville%20Band%20-%20Winchester%20Cathedral",
    "artist": "New Vaudeville Band",
    "songTitle": "Winchester Cathedral"
},{
    "rank": "uploads/position/19-pos-top40charts.png",
    "youTubeUrl": "http://www.youtube.com/results?search_query=Tommy%20James%20The%20Shondells%20-%20Hanky%20Panky",
    "artist": "Tommy James & The Shondells",
    "songTitle": "Hanky Panky"
},{
    "rank": "uploads/position/20-pos-top40charts.png",
    "youTubeUrl": "http://www.youtube.com/results?search_query=Percy%20Sledge%20-%20When%20A%20Man%20Loves%20A%20Woman",
    "artist": "Percy Sledge",
    "songTitle": "When A Man Loves A Woman"
},{
    "rank": "uploads/position/21-pos-top40charts.png",
    "youTubeUrl": "http://www.youtube.com/results?search_query=Rolling%20Stones%20-%20Paint%20It%20Black",
    "artist": "Rolling Stones",
    "songTitle": "Paint It Black"
},{
    "rank": "uploads/position/22-pos-top40charts.png",
    "youTubeUrl": "http://www.youtube.com/results?search_query=Petula%20Clark%20-%20My%20Love",
    "artist": "Petula Clark",
    "songTitle": "My Love"
},{
    "rank": "uploads/position/23-pos-top40charts.png",
    "youTubeUrl": "http://www.youtube.com/results?search_query=Lou%20Christie%20-%20Lightin%27%20Strikes",
    "artist": "Lou Christie",
    "songTitle": "Lightin' Strikes"
},{
    "rank": "uploads/position/24-pos-top40charts.png",
    "youTubeUrl": "http://www.youtube.com/results?search_query=Troggs%20-%20Wild%20Thing",
    "artist": "Troggs",
    "songTitle": "Wild Thing"
},{
    "rank": "uploads/position/25-pos-top40charts.png",
    "youTubeUrl": "http://www.youtube.com/results?search_query=Paul%20Revere%20The%20Raiders%20-%20Kicks",
    "artist": "Paul Revere & The Raiders",
    "songTitle": "Kicks"
},{
    "rank": "uploads/position/26-pos-top40charts.png",
    "youTubeUrl": "http://www.youtube.com/results?search_query=Donovan%20-%20Sunshine%20Superman",
    "artist": "Donovan",
    "songTitle": "Sunshine Superman"
},{
    "rank": "uploads/position/27-pos-top40charts.png",
    "youTubeUrl": "http://www.youtube.com/results?search_query=Bobby%20Hebb%20-%20Sunny",
    "artist": "Bobby Hebb",
    "songTitle": "Sunny"
},{
    "rank": "uploads/position/28-pos-top40charts.png",
    "youTubeUrl": "http://www.youtube.com/results?search_query=Beatles%20-%20Paperback%20Writer",
    "artist": "Beatles",
    "songTitle": "Paperback Writer"
},{
    "rank": "uploads/position/29-pos-top40charts.png",
    "youTubeUrl": "http://www.youtube.com/results?search_query=Happenings%20-%20See%20You%20In%20September",
    "artist": "Happenings",
    "songTitle": "See You In September"
},{
    "rank": "uploads/position/30-pos-top40charts.png",
    "youTubeUrl": "http://www.youtube.com/results?search_query=The%20Supremes%20-%20You%20Keep%20Me%20Hungin%27%20On",
    "artist": "The Supremes",
    "songTitle": "You Keep Me Hungin' On"
},{
    "rank": "uploads/position/31-pos-top40charts.png",
    "youTubeUrl": "http://www.youtube.com/results?search_query=Sam%20The%20Sham%20The%20Pharaohs%20-%20Lil%27%20Red%20Riding%20Hood",
    "artist": "Sam The Sham & The Pharaohs",
    "songTitle": "Lil' Red Riding Hood"
},{
    "rank": "uploads/position/32-pos-top40charts.png",
    "youTubeUrl": "http://www.youtube.com/results?search_query=Mitch%20Ryder%20The%20Detroit%20Wheels%20-%20Devil%20With%20A%20Blue",
    "artist": "Mitch Ryder & The Detroit Wheels",
    "songTitle": "Devil With A Blue"
},{
    "rank": "uploads/position/33-pos-top40charts.png",
    "youTubeUrl": "http://www.youtube.com/results?search_query=Beach%20Boys%20-%20Good%20Vibrations",
    "artist": "Beach Boys",
    "songTitle": "Good Vibrations"
},{
    "rank": "uploads/position/34-pos-top40charts.png",
    "youTubeUrl": "http://www.youtube.com/results?search_query=Mindbenders%20-%20A%20Groovy%20Kind%20Of%20Love",
    "artist": "Mindbenders",
    "songTitle": "A Groovy Kind Of Love"
},{
    "rank": "uploads/position/35-pos-top40charts.png",
    "youTubeUrl": "http://www.youtube.com/results?search_query=Dusty%20Springfield%20-%20You%20Don%27t%20Have%20To%20Say%20You%20Love%20Me",
    "artist": "Dusty Springfield",
    "songTitle": "You Don't Have To Say You Love Me"
},{
    "rank": "uploads/position/36-pos-top40charts.png",
    "youTubeUrl": "http://www.youtube.com/results?search_query=Capitols%20-%20Cool%20Jerk",
    "artist": "Capitols",
    "songTitle": "Cool Jerk"
},{
    "rank": "uploads/position/37-pos-top40charts.png",
    "youTubeUrl": "http://www.youtube.com/results?search_query=Sandy%20Posey%20-%20Born%20A%20Woman",
    "artist": "Sandy Posey",
    "songTitle": "Born A Woman"
},{
    "rank": "uploads/position/38-pos-top40charts.png",
    "youTubeUrl": "http://www.youtube.com/results?search_query=Crykle%20-%20Red%20Rubber%20Ball",
    "artist": "Crykle",
    "songTitle": "Red Rubber Ball"
},{
    "rank": "uploads/position/39-pos-top40charts.png",
    "youTubeUrl": "http://www.youtube.com/results?search_query=Carla%20Thomas%20-%20B%20-%20A%20-%20B%20-%20Y",
    "artist": "Carla Thomas",
    "songTitle": "B A B Y"
},{
    "rank": "uploads/position/40-pos-top40charts.png",
    "youTubeUrl": "http://www.youtube.com/results?search_query=Left%20Bank%20-%20Walk%20Away%20Renee",
    "artist": "Left Bank",
    "songTitle": "Walk Away Renee"
}