{
    "rank": "uploads/position/1-pos-top40charts.png",
    "youTubeUrl": "http://www.youtube.com/results?search_query=Lulu%20-%20To%20Sir%20With%20Love",
    "artist": "Lulu",
    "songTitle": "To Sir With Love"
},{
    "rank": "uploads/position/2-pos-top40charts.png",
    "youTubeUrl": "http://www.youtube.com/results?search_query=Box%20Tops%20-%20The%20Letter",
    "artist": "Box Tops",
    "songTitle": "The Letter"
},{
    "rank": "uploads/position/3-pos-top40charts.png",
    "youTubeUrl": "http://www.youtube.com/results?search_query=Bobbie%20Gentry%20-%20Ode%20To%20Billie%20Joe",
    "artist": "Bobbie Gentry",
    "songTitle": "Ode To Billie Joe"
},{
    "rank": "uploads/position/4-pos-top40charts.png",
    "youTubeUrl": "http://www.youtube.com/results?search_query=Association%20-%20Windy",
    "artist": "Association",
    "songTitle": "Windy"
},{
    "rank": "uploads/position/5-pos-top40charts.png",
    "youTubeUrl": "http://www.youtube.com/results?search_query=Monkees%20-%20I%27m%20A%20Believer",
    "artist": "Monkees",
    "songTitle": "I'm A Believer"
},{
    "rank": "uploads/position/6-pos-top40charts.png",
    "youTubeUrl": "http://www.youtube.com/results?search_query=Doors%20-%20Light%20My%20Fire",
    "artist": "Doors",
    "songTitle": "Light My Fire"
},{
    "rank": "uploads/position/7-pos-top40charts.png",
    "youTubeUrl": "http://www.youtube.com/results?search_query=Nancy%20Sinatra%20Frank%20Sinatra%20-%20Somethin%27%20Stupid",
    "artist": "Nancy Sinatra & Frank Sinatra",
    "songTitle": "Somethin' Stupid"
},{
    "rank": "uploads/position/8-pos-top40charts.png",
    "youTubeUrl": "http://www.youtube.com/results?search_query=Turtles%20-%20Happy%20Together",
    "artist": "Turtles",
    "songTitle": "Happy Together"
},{
    "rank": "uploads/position/9-pos-top40charts.png",
    "youTubeUrl": "http://www.youtube.com/results?search_query=Young%20Rascals%20-%20Groovin",
    "artist": "Young Rascals",
    "songTitle": "Groovin'"
},{
    "rank": "uploads/position/10-pos-top40charts.png",
    "youTubeUrl": "http://www.youtube.com/results?search_query=Frankie%20Valli%20-%20Can%27t%20Take%20My%20Eyes%20Off%20You",
    "artist": "Frankie Valli",
    "songTitle": "Can't Take My Eyes Off You"
},{
    "rank": "uploads/position/11-pos-top40charts.png",
    "youTubeUrl": "http://www.youtube.com/results?search_query=Music%20Explosion%20-%20Little%20Bit%20O%27soul",
    "artist": "Music Explosion",
    "songTitle": "Little Bit O'soul"
},{
    "rank": "uploads/position/12-pos-top40charts.png",
    "youTubeUrl": "http://www.youtube.com/results?search_query=Tommy%20James%20The%20Shondells%20-%20I%20Think%20We%27re%20Alone%20Now",
    "artist": "Tommy James & The Shondells",
    "songTitle": "I Think We're Alone Now"
},{
    "rank": "uploads/position/13-pos-top40charts.png",
    "youTubeUrl": "http://www.youtube.com/results?search_query=Arethra%20Franklin%20-%20Respect",
    "artist": "Arethra Franklin",
    "songTitle": "Respect"
},{
    "rank": "uploads/position/14-pos-top40charts.png",
    "youTubeUrl": "http://www.youtube.com/results?search_query=Stevie%20Wonder%20-%20I%20Was%20Made%20To%20Love%20Her",
    "artist": "Stevie Wonder",
    "songTitle": "I Was Made To Love Her"
},{
    "rank": "uploads/position/15-pos-top40charts.png",
    "youTubeUrl": "http://www.youtube.com/results?search_query=Bobby%20Vee%20The%20Strangers%20-%20Come%20Back%20When%20You%20Grow",
    "artist": "Bobby Vee & The Strangers",
    "songTitle": "Come Back When You Grow"
},{
    "rank": "uploads/position/16-pos-top40charts.png",
    "youTubeUrl": "http://www.youtube.com/results?search_query=Buckinghams%20-%20Kind%20Of%20A%20Drag",
    "artist": "Buckinghams",
    "songTitle": "Kind Of A Drag"
},{
    "rank": "uploads/position/17-pos-top40charts.png",
    "youTubeUrl": "http://www.youtube.com/results?search_query=Arthur%20Conley%20-%20Sweet%20Soul%20Music",
    "artist": "Arthur Conley",
    "songTitle": "Sweet Soul Music"
},{
    "rank": "uploads/position/18-pos-top40charts.png",
    "youTubeUrl": "http://www.youtube.com/results?search_query=Soul%20Survivors%20-%20Expressway%20To%20Your%20Heart",
    "artist": "Soul Survivors",
    "songTitle": "Expressway To Your Heart"
},{
    "rank": "uploads/position/19-pos-top40charts.png",
    "youTubeUrl": "http://www.youtube.com/results?search_query=Sam%20Dave%20-%20Soul%20Man",
    "artist": "Sam & Dave",
    "songTitle": "Soul Man"
},{
    "rank": "uploads/position/20-pos-top40charts.png",
    "youTubeUrl": "http://www.youtube.com/results?search_query=Association%20-%20Never%20My%20Love",
    "artist": "Association",
    "songTitle": "Never My Love"
},{
    "rank": "uploads/position/21-pos-top40charts.png",
    "youTubeUrl": "http://www.youtube.com/results?search_query=Jay%20The%20Techniques%20-%20Apples,%20Peaches,%20Pumpkin%20Pie",
    "artist": "Jay & The Techniques",
    "songTitle": "Apples, Peaches, Pumpkin Pie"
},{
    "rank": "uploads/position/22-pos-top40charts.png",
    "youTubeUrl": "http://www.youtube.com/results?search_query=Every%20Mother%27s%20Son%20-%20Come%20On%20Down%20To%20My%20Boat",
    "artist": "Every Mother's Son",
    "songTitle": "Come On Down To My Boat"
},{
    "rank": "uploads/position/23-pos-top40charts.png",
    "youTubeUrl": "http://www.youtube.com/results?search_query=Strawberry%20Alarm%20Clock%20-%20Incense%20Peppermints",
    "artist": "Strawberry Alarm Clock",
    "songTitle": "Incense & Peppermints"
},{
    "rank": "uploads/position/24-pos-top40charts.png",
    "youTubeUrl": "http://www.youtube.com/results?search_query=Rolling%20Stones%20-%20Ruby%20Tuesday",
    "artist": "Rolling Stones",
    "songTitle": "Ruby Tuesday"
},{
    "rank": "uploads/position/25-pos-top40charts.png",
    "youTubeUrl": "http://www.youtube.com/results?search_query=Vikki%20Carr%20-%20It%20Must%20Be%20Him",
    "artist": "Vikki Carr",
    "songTitle": "It Must Be Him"
},{
    "rank": "uploads/position/26-pos-top40charts.png",
    "youTubeUrl": "http://www.youtube.com/results?search_query=Supremes%20-%20Love%20Is%20Here%20Now%20You%27re%20Gone",
    "artist": "Supremes",
    "songTitle": "Love Is Here & Now You're Gone"
},{
    "rank": "uploads/position/27-pos-top40charts.png",
    "youTubeUrl": "http://www.youtube.com/results?search_query=Buffalo%20Springfield%20-%20For%20What%20It%27s%20Worth",
    "artist": "Buffalo Springfield",
    "songTitle": "For What It's Worth"
},{
    "rank": "uploads/position/28-pos-top40charts.png",
    "youTubeUrl": "http://www.youtube.com/results?search_query=Brenton%20Wood%20-%20Gimme%20Little%20Sign",
    "artist": "Brenton Wood",
    "songTitle": "Gimme Little Sign"
},{
    "rank": "uploads/position/29-pos-top40charts.png",
    "youTubeUrl": "http://www.youtube.com/results?search_query=Supremes%20-%20The%20Happening",
    "artist": "Supremes",
    "songTitle": "The Happening"
},{
    "rank": "uploads/position/30-pos-top40charts.png",
    "youTubeUrl": "http://www.youtube.com/results?search_query=Beatles%20-%20All%20You%20Need%20Is%20Love",
    "artist": "Beatles",
    "songTitle": "All You Need Is Love"
},{
    "rank": "uploads/position/31-pos-top40charts.png",
    "youTubeUrl": "http://www.youtube.com/results?search_query=Engelbert%20Humperdinck%20-%20Release%20Me",
    "artist": "Engelbert Humperdinck",
    "songTitle": "Release Me"
},{
    "rank": "uploads/position/32-pos-top40charts.png",
    "youTubeUrl": "http://www.youtube.com/results?search_query=Marvin%20Gaye%20Tammi%20Terrell%20-%20Your%20Precious%20Love",
    "artist": "Marvin Gaye & Tammi Terrell",
    "songTitle": "Your Precious Love"
},{
    "rank": "uploads/position/33-pos-top40charts.png",
    "youTubeUrl": "http://www.youtube.com/results?search_query=Jefferson%20Airplane%20-%20Somebody%20To%20Love",
    "artist": "Jefferson Airplane",
    "songTitle": "Somebody To Love"
},{
    "rank": "uploads/position/34-pos-top40charts.png",
    "youTubeUrl": "http://www.youtube.com/results?search_query=Esquires%20-%20Get%20On%20Up",
    "artist": "Esquires",
    "songTitle": "Get On Up"
},{
    "rank": "uploads/position/35-pos-top40charts.png",
    "youTubeUrl": "http://www.youtube.com/results?search_query=Van%20Morrison%20-%20Brown%20Eyed%20Girl",
    "artist": "Van Morrison",
    "songTitle": "Brown Eyed Girl"
},{
    "rank": "uploads/position/36-pos-top40charts.png",
    "youTubeUrl": "http://www.youtube.com/results?search_query=Martha%20The%20Vandellas%20-%20Jimmy%20Mack",
    "artist": "Martha & The Vandellas",
    "songTitle": "Jimmy Mack"
},{
    "rank": "uploads/position/37-pos-top40charts.png",
    "youTubeUrl": "http://www.youtube.com/results?search_query=Happenings%20-%20I%20Got%20Rhythm",
    "artist": "Happenings",
    "songTitle": "I Got Rhythm"
},{
    "rank": "uploads/position/38-pos-top40charts.png",
    "youTubeUrl": "http://www.youtube.com/results?search_query=Procol%20Harum%20-%20A%20Whiter%20Shade%20Of%20Pale",
    "artist": "Procol Harum",
    "songTitle": "A Whiter Shade Of Pale"
},{
    "rank": "uploads/position/39-pos-top40charts.png",
    "youTubeUrl": "http://www.youtube.com/results?search_query=Buckinghams%20-%20Don%27t%20You%20Care",
    "artist": "Buckinghams",
    "songTitle": "Don't You Care"
},{
    "rank": "uploads/position/40-pos-top40charts.png",
    "youTubeUrl": "http://www.youtube.com/results?search_query=Casinos%20-%20Then%20You%20Can%20Tell%20Me%20Goodbye",
    "artist": "Casinos",
    "songTitle": "Then You Can Tell Me Goodbye"
}