{
    "rank": "uploads/position/1-pos-top40charts.png",
    "youTubeUrl": "http://www.youtube.com/results?search_query=Beatles%20-%20Hey%20Jude",
    "artist": "Beatles",
    "songTitle": "Hey Jude"
},{
    "rank": "uploads/position/2-pos-top40charts.png",
    "youTubeUrl": "http://www.youtube.com/results?search_query=Paul%20Mauriat%20-%20Love%20Is%20Blue%20(L%27amour%20Est%20Bleu)",
    "artist": "Paul Mauriat",
    "songTitle": "Love Is Blue (L'amour Est Bleu)"
},{
    "rank": "uploads/position/3-pos-top40charts.png",
    "youTubeUrl": "http://www.youtube.com/results?search_query=Bobby%20Goldsboro%20-%20Honey",
    "artist": "Bobby Goldsboro",
    "songTitle": "Honey"
},{
    "rank": "uploads/position/4-pos-top40charts.png",
    "youTubeUrl": "http://www.youtube.com/results?search_query=Otis%20Redding%20-%20(Sittin%27%20On)%20Dock%20Of%20The%20Bay",
    "artist": "Otis Redding",
    "songTitle": "(Sittin' On) Dock Of The Bay"
},{
    "rank": "uploads/position/5-pos-top40charts.png",
    "youTubeUrl": "http://www.youtube.com/results?search_query=Rascals%20-%20People%20Got%20To%20Be%20Free",
    "artist": "Rascals",
    "songTitle": "People Got To Be Free"
},{
    "rank": "uploads/position/6-pos-top40charts.png",
    "youTubeUrl": "http://www.youtube.com/results?search_query=Cream%20-%20Sunshine%20Of%20Your%20Love",
    "artist": "Cream",
    "songTitle": "Sunshine Of Your Love"
},{
    "rank": "uploads/position/7-pos-top40charts.png",
    "youTubeUrl": "http://www.youtube.com/results?search_query=Herb%20Alpert%20The%20Tijuana%20Brass%20-%20This%20Guy%27s%20In%20Love",
    "artist": "Herb Alpert & The Tijuana Brass",
    "songTitle": "This Guy's In Love"
},{
    "rank": "uploads/position/8-pos-top40charts.png",
    "youTubeUrl": "http://www.youtube.com/results?search_query=Hugo%20Montenegro%20-%20The%20Good,%20The%20Bad%20And%20The%20Ugly",
    "artist": "Hugo Montenegro",
    "songTitle": "The Good, The Bad And The Ugly"
},{
    "rank": "uploads/position/9-pos-top40charts.png",
    "youTubeUrl": "http://www.youtube.com/results?search_query=Simon%20Garfunkel%20-%20Mrs%20Robinson",
    "artist": "Simon & Garfunkel",
    "songTitle": "Mrs Robinson"
},{
    "rank": "uploads/position/10-pos-top40charts.png",
    "youTubeUrl": "http://www.youtube.com/results?search_query=Archie%20Bell%20The%20Drells%20-%20Tighten%20Up",
    "artist": "Archie Bell & The Drells",
    "songTitle": "Tighten Up"
},{
    "rank": "uploads/position/11-pos-top40charts.png",
    "youTubeUrl": "http://www.youtube.com/results?search_query=Jeannie%20C%20Riley%20-%20Harper%20Valley%20P.T.A",
    "artist": "Jeannie C Riley",
    "songTitle": "Harper Valley P.T.A"
},{
    "rank": "uploads/position/12-pos-top40charts.png",
    "youTubeUrl": "http://www.youtube.com/results?search_query=O%20C%20Smith%20-%20Little%20Green%20Apples",
    "artist": "O C Smith",
    "songTitle": "Little Green Apples"
},{
    "rank": "uploads/position/13-pos-top40charts.png",
    "youTubeUrl": "http://www.youtube.com/results?search_query=Tommy%20James%20The%20Shondells%20-%20Mony%20Mony",
    "artist": "Tommy James & The Shondells",
    "songTitle": "Mony Mony"
},{
    "rank": "uploads/position/14-pos-top40charts.png",
    "youTubeUrl": "http://www.youtube.com/results?search_query=The%20Doors%20-%20Hello,%20I%20Love%20You",
    "artist": "The Doors",
    "songTitle": "Hello, I Love You"
},{
    "rank": "uploads/position/15-pos-top40charts.png",
    "youTubeUrl": "http://www.youtube.com/results?search_query=Gary%20Puckett%20Union%20Gap%20-%20Young%20Girl",
    "artist": "Gary Puckett & Union Gap",
    "songTitle": "Young Girl"
},{
    "rank": "uploads/position/16-pos-top40charts.png",
    "youTubeUrl": "http://www.youtube.com/results?search_query=Box%20Tops%20-%20Cry%20Like%20A%20Baby",
    "artist": "Box Tops",
    "songTitle": "Cry Like A Baby"
},{
    "rank": "uploads/position/17-pos-top40charts.png",
    "youTubeUrl": "http://www.youtube.com/results?search_query=5th%20Dimension%20-%20Stoned%20Soul%20Picnic",
    "artist": "5th Dimension",
    "songTitle": "Stoned Soul Picnic"
},{
    "rank": "uploads/position/18-pos-top40charts.png",
    "youTubeUrl": "http://www.youtube.com/results?search_query=Hugh%20Masekela%20-%20Grazing%20In%20The%20Grass",
    "artist": "Hugh Masekela",
    "songTitle": "Grazing In The Grass"
},{
    "rank": "uploads/position/19-pos-top40charts.png",
    "youTubeUrl": "http://www.youtube.com/results?search_query=Grass%20Roots%20-%20Midnight%20Confessions",
    "artist": "Grass Roots",
    "songTitle": "Midnight Confessions"
},{
    "rank": "uploads/position/20-pos-top40charts.png",
    "youTubeUrl": "http://www.youtube.com/results?search_query=Sly%20The%20Family%20Stone%20-%20Dance%20To%20The%20Music",
    "artist": "Sly & The Family Stone",
    "songTitle": "Dance To The Music"
},{
    "rank": "uploads/position/21-pos-top40charts.png",
    "youTubeUrl": "http://www.youtube.com/results?search_query=Cliff%20Nobles%20And%20Co%20-%20The%20Horse",
    "artist": "Cliff Nobles And Co",
    "songTitle": "The Horse"
},{
    "rank": "uploads/position/22-pos-top40charts.png",
    "youTubeUrl": "http://www.youtube.com/results?search_query=Temptations%20-%20I%20Wish%20It%20Would%20Rain",
    "artist": "Temptations",
    "songTitle": "I Wish It Would Rain"
},{
    "rank": "uploads/position/23-pos-top40charts.png",
    "youTubeUrl": "http://www.youtube.com/results?search_query=Delfonics%20-%20La%20-%20La%20Means%20I%20Love%20You",
    "artist": "Delfonics",
    "songTitle": "La La Means I Love You"
},{
    "rank": "uploads/position/24-pos-top40charts.png",
    "youTubeUrl": "http://www.youtube.com/results?search_query=Vogues%20-%20Turn%20Around,%20Look%20At%20Me",
    "artist": "Vogues",
    "songTitle": "Turn Around, Look At Me"
},{
    "rank": "uploads/position/25-pos-top40charts.png",
    "youTubeUrl": "http://www.youtube.com/results?search_query=John%20Fred%20His%20Playboy%20Band%20-%20Judy%20In%20Disguise",
    "artist": "John Fred & His Playboy Band",
    "songTitle": "Judy In Disguise"
},{
    "rank": "uploads/position/26-pos-top40charts.png",
    "youTubeUrl": "http://www.youtube.com/results?search_query=Classics%20Iv%20-%20Spooky",
    "artist": "Classics Iv",
    "songTitle": "Spooky"
},{
    "rank": "uploads/position/27-pos-top40charts.png",
    "youTubeUrl": "http://www.youtube.com/results?search_query=Diana%20Ross%20The%20Supremes%20-%20Love%20Child",
    "artist": "Diana Ross & The Supremes",
    "songTitle": "Love Child"
},{
    "rank": "uploads/position/28-pos-top40charts.png",
    "youTubeUrl": "http://www.youtube.com/results?search_query=Merrilee%20Rush%20-%20Angel%20Of%20The%20Morning",
    "artist": "Merrilee Rush",
    "songTitle": "Angel Of The Morning"
},{
    "rank": "uploads/position/29-pos-top40charts.png",
    "youTubeUrl": "http://www.youtube.com/results?search_query=Georgie%20Fame%20-%20The%20Ballad%20Of%20Bonnie%20And%20Clyde",
    "artist": "Georgie Fame",
    "songTitle": "The Ballad Of Bonnie And Clyde"
},{
    "rank": "uploads/position/30-pos-top40charts.png",
    "youTubeUrl": "http://www.youtube.com/results?search_query=Mary%20Hopkin%20-%20Those%20Were%20The%20Days",
    "artist": "Mary Hopkin",
    "songTitle": "Those Were The Days"
},{
    "rank": "uploads/position/31-pos-top40charts.png",
    "youTubeUrl": "http://www.youtube.com/results?search_query=Steppenwolf%20-%20Born%20To%20Be%20Wild",
    "artist": "Steppenwolf",
    "songTitle": "Born To Be Wild"
},{
    "rank": "uploads/position/32-pos-top40charts.png",
    "youTubeUrl": "http://www.youtube.com/results?search_query=Intruders%20-%20Cowboys%20To%20Girls",
    "artist": "Intruders",
    "songTitle": "Cowboys To Girls"
},{
    "rank": "uploads/position/33-pos-top40charts.png",
    "youTubeUrl": "http://www.youtube.com/results?search_query=1910%20Fruitgum%20Company%20-%20Simon%20Says",
    "artist": "1910 Fruitgum Company",
    "songTitle": "Simon Says"
},{
    "rank": "uploads/position/34-pos-top40charts.png",
    "youTubeUrl": "http://www.youtube.com/results?search_query=Gary%20Puckett%20Union%20Gap%20-%20Lady%20Willpower",
    "artist": "Gary Puckett & Union Gap",
    "songTitle": "Lady Willpower"
},{
    "rank": "uploads/position/35-pos-top40charts.png",
    "youTubeUrl": "http://www.youtube.com/results?search_query=Rascals%20-%20A%20Beautiful%20Morning",
    "artist": "Rascals",
    "songTitle": "A Beautiful Morning"
},{
    "rank": "uploads/position/36-pos-top40charts.png",
    "youTubeUrl": "http://www.youtube.com/results?search_query=Sergio%20Mendes%20Brasil%20%2766%20-%20The%20Look%20Of%20Love",
    "artist": "Sergio Mendes & Brasil '66",
    "songTitle": "The Look Of Love"
},{
    "rank": "uploads/position/37-pos-top40charts.png",
    "youTubeUrl": "http://www.youtube.com/results?search_query=Johnny%20Nash%20-%20Hold%20Me%20Tight",
    "artist": "Johnny Nash",
    "songTitle": "Hold Me Tight"
},{
    "rank": "uploads/position/38-pos-top40charts.png",
    "youTubeUrl": "http://www.youtube.com/results?search_query=Ohio%20Express%20-%20Yummy%20Yummy%20Yummy",
    "artist": "Ohio Express",
    "songTitle": "Yummy Yummy Yummy"
},{
    "rank": "uploads/position/39-pos-top40charts.png",
    "youTubeUrl": "http://www.youtube.com/results?search_query=Crazy%20World%20Of%20Arthur%20Brown%20-%20Fire",
    "artist": "Crazy World Of Arthur Brown",
    "songTitle": "Fire"
},{
    "rank": "uploads/position/40-pos-top40charts.png",
    "youTubeUrl": "http://www.youtube.com/results?search_query=Troggs%20-%20Love%20Is%20All%20Around",
    "artist": "Troggs",
    "songTitle": "Love Is All Around"
}