{
    "rank": "uploads/position/1-pos-top40charts.png",
    "youTubeUrl": "http://www.youtube.com/results?search_query=Archies%20-%20Sugar%20Sugar",
    "artist": "Archies",
    "songTitle": "Sugar Sugar"
},{
    "rank": "uploads/position/2-pos-top40charts.png",
    "youTubeUrl": "http://www.youtube.com/results?search_query=5th%20Dimension%20-%20Aquarius%20Let%20The%20Sunshine%20In",
    "artist": "5th Dimension",
    "songTitle": "Aquarius Let The Sunshine In"
},{
    "rank": "uploads/position/3-pos-top40charts.png",
    "youTubeUrl": "http://www.youtube.com/results?search_query=Temptations%20-%20I%20Can%27t%20Get%20Next%20To%20You",
    "artist": "Temptations",
    "songTitle": "I Can't Get Next To You"
},{
    "rank": "uploads/position/4-pos-top40charts.png",
    "youTubeUrl": "http://www.youtube.com/results?search_query=Rolling%20Stones%20-%20Honky%20Tonk%20Women",
    "artist": "Rolling Stones",
    "songTitle": "Honky Tonk Women"
},{
    "rank": "uploads/position/5-pos-top40charts.png",
    "youTubeUrl": "http://www.youtube.com/results?search_query=Sly%20The%20Family%20Stone%20-%20Everyday%20People",
    "artist": "Sly & The Family Stone",
    "songTitle": "Everyday People"
},{
    "rank": "uploads/position/6-pos-top40charts.png",
    "youTubeUrl": "http://www.youtube.com/results?search_query=Tommy%20Roe%20-%20Dizzy",
    "artist": "Tommy Roe",
    "songTitle": "Dizzy"
},{
    "rank": "uploads/position/7-pos-top40charts.png",
    "youTubeUrl": "http://www.youtube.com/results?search_query=Tom%20Jones%20-%20I%27ll%20Never%20Fall%20In%20Love%20Again",
    "artist": "Tom Jones",
    "songTitle": "I'll Never Fall In Love Again"
},{
    "rank": "uploads/position/8-pos-top40charts.png",
    "youTubeUrl": "http://www.youtube.com/results?search_query=Foundations%20-%20Build%20Me%20Up%20Buttercup",
    "artist": "Foundations",
    "songTitle": "Build Me Up Buttercup"
},{
    "rank": "uploads/position/9-pos-top40charts.png",
    "youTubeUrl": "http://www.youtube.com/results?search_query=Tommy%20James%20The%20Shondells%20-%20Crimson%20And%20Clover",
    "artist": "Tommy James & The Shondells",
    "songTitle": "Crimson And Clover"
},{
    "rank": "uploads/position/10-pos-top40charts.png",
    "youTubeUrl": "http://www.youtube.com/results?search_query=Three%20Dog%20Night%20-%20One",
    "artist": "Three Dog Night",
    "songTitle": "One"
},{
    "rank": "uploads/position/11-pos-top40charts.png",
    "youTubeUrl": "http://www.youtube.com/results?search_query=Tommy%20James%20The%20Shondells%20-%20Crystal%20Blue%20Persuasion",
    "artist": "Tommy James & The Shondells",
    "songTitle": "Crystal Blue Persuasion"
},{
    "rank": "uploads/position/12-pos-top40charts.png",
    "youTubeUrl": "http://www.youtube.com/results?search_query=Cowsills%20-%20Hair",
    "artist": "Cowsills",
    "songTitle": "Hair"
},{
    "rank": "uploads/position/13-pos-top40charts.png",
    "youTubeUrl": "http://www.youtube.com/results?search_query=Marvin%20Gaye%20-%20Too%20Busy%20Thinking%20About%20My%20Baby",
    "artist": "Marvin Gaye",
    "songTitle": "Too Busy Thinking About My Baby"
},{
    "rank": "uploads/position/14-pos-top40charts.png",
    "youTubeUrl": "http://www.youtube.com/results?search_query=Henry%20Mancini%20-%20Love%20Theme%20From%20Romeo%20And%20Juliet",
    "artist": "Henry Mancini",
    "songTitle": "Love Theme From Romeo And Juliet"
},{
    "rank": "uploads/position/15-pos-top40charts.png",
    "youTubeUrl": "http://www.youtube.com/results?search_query=Youngbloods%20-%20Let%27s%20Get%20Together",
    "artist": "Youngbloods",
    "songTitle": "Let's Get Together"
},{
    "rank": "uploads/position/16-pos-top40charts.png",
    "youTubeUrl": "http://www.youtube.com/results?search_query=Friends%20Of%20Distinction%20-%20Grazing%20In%20The%20Grass",
    "artist": "Friends Of Distinction",
    "songTitle": "Grazing In The Grass"
},{
    "rank": "uploads/position/17-pos-top40charts.png",
    "youTubeUrl": "http://www.youtube.com/results?search_query=Elvis%20Presley%20-%20Suspicious%20Minds",
    "artist": "Elvis Presley",
    "songTitle": "Suspicious Minds"
},{
    "rank": "uploads/position/18-pos-top40charts.png",
    "youTubeUrl": "http://www.youtube.com/results?search_query=Creedence%20Clearwater%20Revival%20-%20Proud%20Mary",
    "artist": "Creedence Clearwater Revival",
    "songTitle": "Proud Mary"
},{
    "rank": "uploads/position/19-pos-top40charts.png",
    "youTubeUrl": "http://www.youtube.com/results?search_query=Jr%20Walker%20The%20All%20Stars%20-%20What%20Does%20It%20Take",
    "artist": "Jr Walker & The All Stars",
    "songTitle": "What Does It Take"
},{
    "rank": "uploads/position/20-pos-top40charts.png",
    "youTubeUrl": "http://www.youtube.com/results?search_query=Isley%20Brothers%20-%20It%27s%20Your%20Thing",
    "artist": "Isley Brothers",
    "songTitle": "It's Your Thing"
},{
    "rank": "uploads/position/21-pos-top40charts.png",
    "youTubeUrl": "http://www.youtube.com/results?search_query=Neil%20Diamond%20-%20Sweet%20Caroline",
    "artist": "Neil Diamond",
    "songTitle": "Sweet Caroline"
},{
    "rank": "uploads/position/22-pos-top40charts.png",
    "youTubeUrl": "http://www.youtube.com/results?search_query=Oliver%20-%20Jean",
    "artist": "Oliver",
    "songTitle": "Jean"
},{
    "rank": "uploads/position/23-pos-top40charts.png",
    "youTubeUrl": "http://www.youtube.com/results?search_query=Creedence%20Clearwater%20Revival%20-%20Bad%20Moon%20Rising",
    "artist": "Creedence Clearwater Revival",
    "songTitle": "Bad Moon Rising"
},{
    "rank": "uploads/position/24-pos-top40charts.png",
    "youTubeUrl": "http://www.youtube.com/results?search_query=Beatles%20-%20Get%20Back",
    "artist": "Beatles",
    "songTitle": "Get Back"
},{
    "rank": "uploads/position/25-pos-top40charts.png",
    "youTubeUrl": "http://www.youtube.com/results?search_query=Zager%20Evans%20-%20In%20The%20Year%202525",
    "artist": "Zager & Evans",
    "songTitle": "In The Year 2525"
},{
    "rank": "uploads/position/26-pos-top40charts.png",
    "youTubeUrl": "http://www.youtube.com/results?search_query=Blood%20Sweat%20Tears%20-%20Spinning%20Wheel",
    "artist": "Blood Sweat & Tears",
    "songTitle": "Spinning Wheel"
},{
    "rank": "uploads/position/27-pos-top40charts.png",
    "youTubeUrl": "http://www.youtube.com/results?search_query=Andy%20Kim%20-%20Baby%20I%20Love%20You",
    "artist": "Andy Kim",
    "songTitle": "Baby I Love You"
},{
    "rank": "uploads/position/28-pos-top40charts.png",
    "youTubeUrl": "http://www.youtube.com/results?search_query=Friends%20Of%20Distinction%20-%20Going%20In%20Circles",
    "artist": "Friends Of Distinction",
    "songTitle": "Going In Circles"
},{
    "rank": "uploads/position/29-pos-top40charts.png",
    "youTubeUrl": "http://www.youtube.com/results?search_query=Lettermen%20-%20Hurt%20So%20Bad",
    "artist": "Lettermen",
    "songTitle": "Hurt So Bad"
},{
    "rank": "uploads/position/30-pos-top40charts.png",
    "youTubeUrl": "http://www.youtube.com/results?search_query=Creedence%20Clearwater%20Revival%20-%20Green%20River",
    "artist": "Creedence Clearwater Revival",
    "songTitle": "Green River"
},{
    "rank": "uploads/position/31-pos-top40charts.png",
    "youTubeUrl": "http://www.youtube.com/results?search_query=Stevie%20Wonder%20-%20My%20Cherie%20Amour",
    "artist": "Stevie Wonder",
    "songTitle": "My Cherie Amour"
},{
    "rank": "uploads/position/32-pos-top40charts.png",
    "youTubeUrl": "http://www.youtube.com/results?search_query=Three%20Dog%20Night%20-%20Easy%20To%20Be%20Hard",
    "artist": "Three Dog Night",
    "songTitle": "Easy To Be Hard"
},{
    "rank": "uploads/position/33-pos-top40charts.png",
    "youTubeUrl": "http://www.youtube.com/results?search_query=Smith%20-%20Baby%20It%27s%20You",
    "artist": "Smith",
    "songTitle": "Baby It's You"
},{
    "rank": "uploads/position/34-pos-top40charts.png",
    "youTubeUrl": "http://www.youtube.com/results?search_query=Johnny%20Cash%20-%20A%20Boy%20Named%20Sue",
    "artist": "Johnny Cash",
    "songTitle": "A Boy Named Sue"
},{
    "rank": "uploads/position/35-pos-top40charts.png",
    "youTubeUrl": "http://www.youtube.com/results?search_query=Smokey%20Robinson%20The%20Miracles%20-%20Baby%20Baby%20Don%27t%20Cry",
    "artist": "Smokey Robinson & The Miracles",
    "songTitle": "Baby Baby Don't Cry"
},{
    "rank": "uploads/position/36-pos-top40charts.png",
    "youTubeUrl": "http://www.youtube.com/results?search_query=Jerry%20Butler%20-%20Only%20The%20Strong%20Survive",
    "artist": "Jerry Butler",
    "songTitle": "Only The Strong Survive"
},{
    "rank": "uploads/position/37-pos-top40charts.png",
    "youTubeUrl": "http://www.youtube.com/results?search_query=Zombies%20-%20Time%20Of%20The%20Season",
    "artist": "Zombies",
    "songTitle": "Time Of The Season"
},{
    "rank": "uploads/position/38-pos-top40charts.png",
    "youTubeUrl": "http://www.youtube.com/results?search_query=5th%20Dimension%20-%20Wedding%20Bell%20Blues",
    "artist": "5th Dimension",
    "songTitle": "Wedding Bell Blues"
}