{
    "rank": "uploads/position/1-pos-top40charts.png",
    "youTubeUrl": "http://www.youtube.com/results?search_query=Wilson%20Phillips%20-%20Hold%20On",
    "artist": "Wilson Phillips",
    "songTitle": "Hold On"
},{
    "rank": "uploads/position/2-pos-top40charts.png",
    "youTubeUrl": "http://www.youtube.com/results?search_query=Roxette%20It%20Must%20Have%20Been%20Love",
    "artist": "Roxette",
    "songTitle": "It Must Have Been Love"
},{
    "rank": "uploads/position/3-pos-top40charts.png",
    "youTubeUrl": "http://www.youtube.com/results?search_query=Sinead%20O%27connor%20Nothing%20Compares%202%20U",
    "artist": "Sinead O'connor",
    "songTitle": "Nothing Compares 2 U"
},{
    "rank": "uploads/position/4-pos-top40charts.png",
    "youTubeUrl": "http://www.youtube.com/results?search_query=Bell%20Biv%20Devoe%20-%20Poison",
    "artist": "Bell Biv Devoe",
    "songTitle": "Poison"
},{
    "rank": "uploads/position/5-pos-top40charts.png",
    "youTubeUrl": "http://www.youtube.com/results?search_query=Madonna%20Vogue",
    "artist": "Madonna",
    "songTitle": "Vogue"
},{
    "rank": "uploads/position/6-pos-top40charts.png",
    "youTubeUrl": "http://www.youtube.com/results?search_query=Mariah%20Carey%20Vision%20Of%20Love",
    "artist": "Mariah Carey",
    "songTitle": "Vision Of Love"
},{
    "rank": "uploads/position/7-pos-top40charts.png",
    "youTubeUrl": "http://www.youtube.com/results?search_query=Phil%20Collins%20Another%20Day%20In%20Paradise",
    "artist": "Phil Collins",
    "songTitle": "Another Day In Paradise"
},{
    "rank": "uploads/position/8-pos-top40charts.png",
    "youTubeUrl": "http://www.youtube.com/results?search_query=Envogue%20-%20Hold%20On",
    "artist": "Envogue",
    "songTitle": "Hold On"
},{
    "rank": "uploads/position/9-pos-top40charts.png",
    "youTubeUrl": "http://www.youtube.com/results?search_query=Billy%20Idol%20Cradle%20Of%20Love",
    "artist": "Billy Idol",
    "songTitle": "Cradle Of Love"
},{
    "rank": "uploads/position/10-pos-top40charts.png",
    "youTubeUrl": "http://www.youtube.com/results?search_query=Bon%20Jovi%20Blaze%20Of%20Glory",
    "artist": "Bon Jovi",
    "songTitle": "Blaze Of Glory"
},{
    "rank": "uploads/position/11-pos-top40charts.png",
    "youTubeUrl": "http://www.youtube.com/results?search_query=Bell%20Biv%20Devoe%20-%20Do%20Me",
    "artist": "Bell Biv Devoe",
    "songTitle": "Do Me"
},{
    "rank": "uploads/position/12-pos-top40charts.png",
    "youTubeUrl": "http://www.youtube.com/results?search_query=Michael%20Bolton%20How%20Am%20I%20Supposed%20To%20Live%20Without%20You",
    "artist": "Michael Bolton",
    "songTitle": "How Am I Supposed To Live Without You"
},{
    "rank": "uploads/position/13-pos-top40charts.png",
    "youTubeUrl": "http://www.youtube.com/results?search_query=Technotronic%20-%20Pump%20Up%20The%20Jam",
    "artist": "Technotronic",
    "songTitle": "Pump Up The Jam"
},{
    "rank": "uploads/position/14-pos-top40charts.png",
    "youTubeUrl": "http://www.youtube.com/results?search_query=Paula%20Abdul%20Opposites%20Attract",
    "artist": "Paula Abdul",
    "songTitle": "Opposites Attract"
},{
    "rank": "uploads/position/15-pos-top40charts.png",
    "youTubeUrl": "http://www.youtube.com/results?search_query=Janet%20Jackson%20Escapade",
    "artist": "Janet Jackson",
    "songTitle": "Escapade"
},{
    "rank": "uploads/position/16-pos-top40charts.png",
    "youTubeUrl": "http://www.youtube.com/results?search_query=Heart%20All%20I%20Wanna%20Do%20Is%20Make%20Love%20To%20You",
    "artist": "Heart",
    "songTitle": "All I Wanna Do Is Make Love To You"
},{
    "rank": "uploads/position/17-pos-top40charts.png",
    "youTubeUrl": "http://www.youtube.com/results?search_query=Maxi%20Priest%20Close%20To%20You",
    "artist": "Maxi Priest",
    "songTitle": "Close To You"
},{
    "rank": "uploads/position/18-pos-top40charts.png",
    "youTubeUrl": "http://www.youtube.com/results?search_query=Alannah%20Myles%20Black%20Velvet",
    "artist": "Alannah Myles",
    "songTitle": "Black Velvet"
},{
    "rank": "uploads/position/19-pos-top40charts.png",
    "youTubeUrl": "http://www.youtube.com/results?search_query=Wilson%20Phillips%20-%20Release%20Me",
    "artist": "Wilson Phillips",
    "songTitle": "Release Me"
},{
    "rank": "uploads/position/20-pos-top40charts.png",
    "youTubeUrl": "http://www.youtube.com/results?search_query=Linda%20Ronstadt%20Aaron%20Neville%20Don%27t%20Know%20Much",
    "artist": "Linda Ronstadt & Aaron Neville",
    "songTitle": "Don't Know Much"
},{
    "rank": "uploads/position/21-pos-top40charts.png",
    "youTubeUrl": "http://www.youtube.com/results?search_query=Lisa%20Stansfield%20All%20Around%20The%20World",
    "artist": "Lisa Stansfield",
    "songTitle": "All Around The World"
},{
    "rank": "uploads/position/22-pos-top40charts.png",
    "youTubeUrl": "http://www.youtube.com/results?search_query=Calloway%20-%20I%20Wanna%20Be%20Rich",
    "artist": "Calloway",
    "songTitle": "I Wanna Be Rich"
},{
    "rank": "uploads/position/23-pos-top40charts.png",
    "youTubeUrl": "http://www.youtube.com/results?search_query=Johnny%20Gill%20-%20Rub%20You%20The%20Right%20Way",
    "artist": "Johnny Gill",
    "songTitle": "Rub You The Right Way"
},{
    "rank": "uploads/position/24-pos-top40charts.png",
    "youTubeUrl": "http://www.youtube.com/results?search_query=Glenn%20Medeiros%20And%20Bobby%20Brown%20-%20She%20Ain%27t%20Worth%20It",
    "artist": "Glenn Medeiros And Bobby Brown",
    "songTitle": "She Ain't Worth It"
},{
    "rank": "uploads/position/25-pos-top40charts.png",
    "youTubeUrl": "http://www.youtube.com/results?search_query=Sweet%20Sensation%20If%20Wishes%20Came%20True",
    "artist": "Sweet Sensation",
    "songTitle": "If Wishes Came True"
},{
    "rank": "uploads/position/26-pos-top40charts.png",
    "youTubeUrl": "http://www.youtube.com/results?search_query=Snap%20The%20Power",
    "artist": "Snap",
    "songTitle": "The Power"
},{
    "rank": "uploads/position/27-pos-top40charts.png",
    "youTubeUrl": "http://www.youtube.com/results?search_query=Nelson%20(Can%27t%20Live%20Without%20Your)%20Love%20And%20Affection",
    "artist": "Nelson",
    "songTitle": "(Can't Live Without Your) Love And Affection"
},{
    "rank": "uploads/position/28-pos-top40charts.png",
    "youTubeUrl": "http://www.youtube.com/results?search_query=Taylor%20Dayne%20Love%20Will%20Lead%20You%20Back",
    "artist": "Taylor Dayne",
    "songTitle": "Love Will Lead You Back"
},{
    "rank": "uploads/position/29-pos-top40charts.png",
    "youTubeUrl": "http://www.youtube.com/results?search_query=Jane%20Child%20-%20Don%27t%20Wanna%20Fall%20In%20Love",
    "artist": "Jane Child",
    "songTitle": "Don't Wanna Fall In Love"
},{
    "rank": "uploads/position/30-pos-top40charts.png",
    "youTubeUrl": "http://www.youtube.com/results?search_query=Seduction%20-%20Two%20To%20Make%20It%20Right",
    "artist": "Seduction",
    "songTitle": "Two To Make It Right"
},{
    "rank": "uploads/position/31-pos-top40charts.png",
    "youTubeUrl": "http://www.youtube.com/results?search_query=Linear%20Sending%20All%20My%20Love",
    "artist": "Linear",
    "songTitle": "Sending All My Love"
},{
    "rank": "uploads/position/32-pos-top40charts.png",
    "youTubeUrl": "http://www.youtube.com/results?search_query=Poison%20-%20Unskinny%20Bop",
    "artist": "Poison",
    "songTitle": "Unskinny Bop"
},{
    "rank": "uploads/position/33-pos-top40charts.png",
    "youTubeUrl": "http://www.youtube.com/results?search_query=Nkotb%20-%20Step%20By%20Step",
    "artist": "Nkotb",
    "songTitle": "Step By Step"
},{
    "rank": "uploads/position/34-pos-top40charts.png",
    "youTubeUrl": "http://www.youtube.com/results?search_query=Roxette%20Dangerous",
    "artist": "Roxette",
    "songTitle": "Dangerous"
},{
    "rank": "uploads/position/35-pos-top40charts.png",
    "youTubeUrl": "http://www.youtube.com/results?search_query=Billy%20Joel%20We%20Didn%27t%20Start%20The%20Fire",
    "artist": "Billy Joel",
    "songTitle": "We Didn't Start The Fire"
},{
    "rank": "uploads/position/36-pos-top40charts.png",
    "youTubeUrl": "http://www.youtube.com/results?search_query=James%20Ingram%20-%20I%20Don%27t%20Have%20The%20Heart",
    "artist": "James Ingram",
    "songTitle": "I Don't Have The Heart"
},{
    "rank": "uploads/position/37-pos-top40charts.png",
    "youTubeUrl": "http://www.youtube.com/results?search_query=Rod%20Stewart%20-%20Downtown%20Train",
    "artist": "Rod Stewart",
    "songTitle": "Downtown Train"
},{
    "rank": "uploads/position/38-pos-top40charts.png",
    "youTubeUrl": "http://www.youtube.com/results?search_query=Janet%20Jackson%20Rhythm%20Nation",
    "artist": "Janet Jackson",
    "songTitle": "Rhythm Nation"
},{
    "rank": "uploads/position/39-pos-top40charts.png",
    "youTubeUrl": "http://www.youtube.com/results?search_query=Tommy%20Page%20-%20I%27ll%20Be%20Your%20Everything",
    "artist": "Tommy Page",
    "songTitle": "I'll Be Your Everything"
},{
    "rank": "uploads/position/40-pos-top40charts.png",
    "youTubeUrl": "http://www.youtube.com/results?search_query=B52%27s%20-%20Roam",
    "artist": "B52's",
    "songTitle": "Roam"
}