{
    "rank": "uploads/position/1-pos-top40charts.png",
    "youTubeUrl": "http://www.youtube.com/results?search_query=Bryan%20Adams%20(Everything%20I%20Do)%20I%20Do%20For%20You",
    "artist": "Bryan Adams",
    "songTitle": "(Everything I Do) I Do For You"
},{
    "rank": "uploads/position/2-pos-top40charts.png",
    "youTubeUrl": "http://www.youtube.com/results?search_query=Color%20Me%20Badd%20I%20Wanna%20Sex%20You%20Up",
    "artist": "Color Me Badd",
    "songTitle": "I Wanna Sex You Up"
},{
    "rank": "uploads/position/3-pos-top40charts.png",
    "youTubeUrl": "http://www.youtube.com/results?search_query=C%20C%20Music%20Factory%20Freedom%20Williams%20Gonna%20Make%20You",
    "artist": "C & C Music Factory & Freedom Williams",
    "songTitle": "Gonna Make You"
},{
    "rank": "uploads/position/4-pos-top40charts.png",
    "youTubeUrl": "http://www.youtube.com/results?search_query=Paula%20Abdul%20-%20Rush%20Rush",
    "artist": "Paula Abdul",
    "songTitle": "Rush Rush"
},{
    "rank": "uploads/position/5-pos-top40charts.png",
    "youTubeUrl": "http://www.youtube.com/results?search_query=Timmy%20T.%20-%20One%20More%20Try",
    "artist": "Timmy T.",
    "songTitle": "One More Try"
},{
    "rank": "uploads/position/6-pos-top40charts.png",
    "youTubeUrl": "http://www.youtube.com/results?search_query=Emf%20Unbelievable",
    "artist": "Emf",
    "songTitle": "Unbelievable"
},{
    "rank": "uploads/position/7-pos-top40charts.png",
    "youTubeUrl": "http://www.youtube.com/results?search_query=Extreme%20-%20More%20Than%20Words",
    "artist": "Extreme",
    "songTitle": "More Than Words"
},{
    "rank": "uploads/position/8-pos-top40charts.png",
    "youTubeUrl": "http://www.youtube.com/results?search_query=Hi%20Five%20-%20I%20Like%20The%20Way%20(The%20Kissing%20Game)",
    "artist": "Hi Five",
    "songTitle": "I Like The Way (The Kissing Game)"
},{
    "rank": "uploads/position/9-pos-top40charts.png",
    "youTubeUrl": "http://www.youtube.com/results?search_query=Surface%20The%20First%20Time",
    "artist": "Surface",
    "songTitle": "The First Time"
},{
    "rank": "uploads/position/10-pos-top40charts.png",
    "youTubeUrl": "http://www.youtube.com/results?search_query=Amy%20Grant%20Baby%20Baby",
    "artist": "Amy Grant",
    "songTitle": "Baby Baby"
},{
    "rank": "uploads/position/11-pos-top40charts.png",
    "youTubeUrl": "http://www.youtube.com/results?search_query=Boyziimen%20Motownphilly",
    "artist": "Boyziimen",
    "songTitle": "Motownphilly"
},{
    "rank": "uploads/position/12-pos-top40charts.png",
    "youTubeUrl": "http://www.youtube.com/results?search_query=Stevie%20B%20-%20Because%20I%20Love%20You%20(Postman%20Song)",
    "artist": "Stevie B",
    "songTitle": "Because I Love You (Postman Song)"
},{
    "rank": "uploads/position/13-pos-top40charts.png",
    "youTubeUrl": "http://www.youtube.com/results?search_query=Mariah%20Carey%20Someday",
    "artist": "Mariah Carey",
    "songTitle": "Someday"
},{
    "rank": "uploads/position/14-pos-top40charts.png",
    "youTubeUrl": "http://www.youtube.com/results?search_query=Damn%20Yankees%20High%20Enough",
    "artist": "Damn Yankees",
    "songTitle": "High Enough"
},{
    "rank": "uploads/position/15-pos-top40charts.png",
    "youTubeUrl": "http://www.youtube.com/results?search_query=Bette%20Midler%20From%20A%20Distance",
    "artist": "Bette Midler From A Distance",
    "songTitle": "From A Distance"
},{
    "rank": "uploads/position/16-pos-top40charts.png",
    "youTubeUrl": "http://www.youtube.com/results?search_query=Whitney%20Houston%20-%20All%20The%20Man%20That%20I%20Need",
    "artist": "Whitney Houston",
    "songTitle": "All The Man That I Need"
},{
    "rank": "uploads/position/17-pos-top40charts.png",
    "youTubeUrl": "http://www.youtube.com/results?search_query=Jesus%20Jones%20Right%20Here%20Right%20Now",
    "artist": "Jesus Jones",
    "songTitle": "Right Here Right Now"
},{
    "rank": "uploads/position/18-pos-top40charts.png",
    "youTubeUrl": "http://www.youtube.com/results?search_query=Color%20Me%20Badd%20I%20Adore%20Mi%20Amore",
    "artist": "Color Me Badd",
    "songTitle": "I Adore Mi Amore"
},{
    "rank": "uploads/position/19-pos-top40charts.png",
    "youTubeUrl": "http://www.youtube.com/results?search_query=Janet%20Jackson%20Love%20Will%20Never%20Do%20(Without%20You)",
    "artist": "Janet Jackson Love",
    "songTitle": "Will Never Do (Without You)"
},{
    "rank": "uploads/position/20-pos-top40charts.png",
    "youTubeUrl": "http://www.youtube.com/results?search_query=Marky%20Mark%20Funky%20Bunch%20Good%20Vibrations",
    "artist": "Marky Mark & Funky Bunch",
    "songTitle": "Good Vibrations"
},{
    "rank": "uploads/position/21-pos-top40charts.png",
    "youTubeUrl": "http://www.youtube.com/results?search_query=Madonna%20Justify%20My%20Love",
    "artist": "Madonna",
    "songTitle": "Justify My Love"
},{
    "rank": "uploads/position/22-pos-top40charts.png",
    "youTubeUrl": "http://www.youtube.com/results?search_query=Mariah%20Carey%20Emotions",
    "artist": "Mariah Carey",
    "songTitle": "Emotions"
},{
    "rank": "uploads/position/23-pos-top40charts.png",
    "youTubeUrl": "http://www.youtube.com/results?search_query=Roxette%20Joyride",
    "artist": "Roxette",
    "songTitle": "Joyride"
},{
    "rank": "uploads/position/24-pos-top40charts.png",
    "youTubeUrl": "http://www.youtube.com/results?search_query=Karyn%20White%20-%20Romantic",
    "artist": "Karyn White",
    "songTitle": "Romantic"
},{
    "rank": "uploads/position/25-pos-top40charts.png",
    "youTubeUrl": "http://www.youtube.com/results?search_query=Tara%20Kemp%20-%20Hold%20You%20Tight",
    "artist": "Tara Kemp",
    "songTitle": "Hold You Tight"
},{
    "rank": "uploads/position/26-pos-top40charts.png",
    "youTubeUrl": "http://www.youtube.com/results?search_query=Mariah%20Carey%20I%20Don%27t%20Wanna%20Cry",
    "artist": "Mariah Carey",
    "songTitle": "I Don't Wanna Cry"
},{
    "rank": "uploads/position/27-pos-top40charts.png",
    "youTubeUrl": "http://www.youtube.com/results?search_query=Wilson%20Phillips%20-%20You%27re%20In%20Love",
    "artist": "Wilson Phillips",
    "songTitle": "You're In Love"
},{
    "rank": "uploads/position/28-pos-top40charts.png",
    "youTubeUrl": "http://www.youtube.com/results?search_query=Amy%20Grant%20-%20Every%20Heartbeat",
    "artist": "Amy Grant",
    "songTitle": "Every Heartbeat"
},{
    "rank": "uploads/position/29-pos-top40charts.png",
    "youTubeUrl": "http://www.youtube.com/results?search_query=Ralph%20Tresvant%20-%20Sensitivity",
    "artist": "Ralph Tresvant",
    "songTitle": "Sensitivity"
},{
    "rank": "uploads/position/30-pos-top40charts.png",
    "youTubeUrl": "http://www.youtube.com/results?search_query=Cathy%20Dennis%20Touch%20Me%20All%20Night%20Long",
    "artist": "Cathy Dennis",
    "songTitle": "Touch Me (All Night Long)"
},{
    "rank": "uploads/position/31-pos-top40charts.png",
    "youTubeUrl": "http://www.youtube.com/results?search_query=Londonbeat%20-%20I%27ve%20Been%20Thinking%20About%20You",
    "artist": "Londonbeat",
    "songTitle": "I've Been Thinking About You"
},{
    "rank": "uploads/position/32-pos-top40charts.png",
    "youTubeUrl": "http://www.youtube.com/results?search_query=Natural%20Selection%20Niki%20Harris%20-%20Do%20Anything",
    "artist": "Natural Selection And Niki Harris",
    "songTitle": "Do Anything"
},{
    "rank": "uploads/position/33-pos-top40charts.png",
    "youTubeUrl": "http://www.youtube.com/results?search_query=R%20E%20M%20Losing%20My%20Religion",
    "artist": "R E M",
    "songTitle": "Losing My Religion"
},{
    "rank": "uploads/position/34-pos-top40charts.png",
    "youTubeUrl": "http://www.youtube.com/results?search_query=Gloria%20Estefan%20-%20Coming%20Out%20Of%20The%20Dark",
    "artist": "Gloria Estefan",
    "songTitle": "Coming Out Of The Dark"
},{
    "rank": "uploads/position/35-pos-top40charts.png",
    "youTubeUrl": "http://www.youtube.com/results?search_query=Lenny%20Kravitz%20It%20Ain%27t%20Over%20Til%20It%27s%20Over",
    "artist": "Lenny Kravitz",
    "songTitle": "It Ain't Over Til It's Over"
},{
    "rank": "uploads/position/36-pos-top40charts.png",
    "youTubeUrl": "http://www.youtube.com/results?search_query=C%20C%20Music%20Factory%20-%20Here%20We%20Go,%20Let%27s%20Rock%20And%20Roll",
    "artist": "C & C Music Factory",
    "songTitle": "Here We Go, Let's Rock And Roll"
},{
    "rank": "uploads/position/37-pos-top40charts.png",
    "youTubeUrl": "http://www.youtube.com/results?search_query=Celine%20Dion%20Where%20Does%20My%20Heart%20Beat%20Now",
    "artist": "Celine Dion",
    "songTitle": "Where Does My Heart Beat Now"
},{
    "rank": "uploads/position/38-pos-top40charts.png",
    "youTubeUrl": "http://www.youtube.com/results?search_query=DJ%20Jazzy%20Fresh%20Prince%20Summertime",
    "artist": "DJ Jazzy & Fresh Prince",
    "songTitle": "Summertime"
},{
    "rank": "uploads/position/39-pos-top40charts.png",
    "youTubeUrl": "http://www.youtube.com/results?search_query=Scorpions%20Wind%20Of%20Change",
    "artist": "Scorpions",
    "songTitle": "Wind Of Change"
},{
    "rank": "uploads/position/40-pos-top40charts.png",
    "youTubeUrl": "http://www.youtube.com/results?search_query=Rhythm%20Syndicate%20-%20P.A.S.S.I.O.N.",
    "artist": "Rhythm Syndicate",
    "songTitle": "P.A.S.S.I.O.N."
}