{
    "rank": "uploads/position/1-pos-top40charts.png",
    "youTubeUrl": "http://www.youtube.com/results?search_query=Boyziimen%20End%20Of%20The%20Road",
    "artist": "Boyziimen",
    "songTitle": "End Of The Road"
},{
    "rank": "uploads/position/2-pos-top40charts.png",
    "youTubeUrl": "http://www.youtube.com/results?search_query=Sir%20Mix%20A%20Lot%20-%20Baby%20Got%20Back",
    "artist": "Sir Mix A Lot",
    "songTitle": "Baby Got Back"
},{
    "rank": "uploads/position/3-pos-top40charts.png",
    "youTubeUrl": "http://www.youtube.com/results?search_query=Kriss%20Kross%20-%20Jump",
    "artist": "Kriss Kross",
    "songTitle": "Jump"
},{
    "rank": "uploads/position/4-pos-top40charts.png",
    "youTubeUrl": "http://www.youtube.com/results?search_query=Vanessa%20Williams%20-%20Save%20The%20Best%20For%20Last",
    "artist": "Vanessa Williams",
    "songTitle": "Save The Best For Last"
},{
    "rank": "uploads/position/5-pos-top40charts.png",
    "youTubeUrl": "http://www.youtube.com/results?search_query=Tlc%20-%20Baby%20Baby%20Baby",
    "artist": "Tlc",
    "songTitle": "Baby Baby Baby"
},{
    "rank": "uploads/position/6-pos-top40charts.png",
    "youTubeUrl": "http://www.youtube.com/results?search_query=Eric%20Clapton%20Tears%20In%20Heaven",
    "artist": "Eric Clapton",
    "songTitle": "Tears In Heaven"
},{
    "rank": "uploads/position/7-pos-top40charts.png",
    "youTubeUrl": "http://www.youtube.com/results?search_query=En%20Vogue%20My%20Lovin%27%20(You%27re%20Never%20Gonna%20Get%20It)",
    "artist": "En Vogue",
    "songTitle": "My Lovin' (You're Never Gonna Get It)"
},{
    "rank": "uploads/position/8-pos-top40charts.png",
    "youTubeUrl": "http://www.youtube.com/results?search_query=Red%20Hot%20Chili%20Peppers%20Under%20The%20Bridge",
    "artist": "Red Hot Chili Peppers",
    "songTitle": "Under The Bridge"
},{
    "rank": "uploads/position/9-pos-top40charts.png",
    "youTubeUrl": "http://www.youtube.com/results?search_query=Color%20Me%20Badd%20All%204%20Love",
    "artist": "Color Me Badd",
    "songTitle": "All 4 Love"
},{
    "rank": "uploads/position/10-pos-top40charts.png",
    "youTubeUrl": "http://www.youtube.com/results?search_query=Color%20Me%20Badd%20Color%20Me%20Bad",
    "artist": "Color Me Badd",
    "songTitle": "Color Me Bad"
},{
    "rank": "uploads/position/11-pos-top40charts.png",
    "youTubeUrl": "http://www.youtube.com/results?search_query=Jon%20Secada%20Just%20Another%20Day",
    "artist": "Jon Secada",
    "songTitle": "Just Another Day"
},{
    "rank": "uploads/position/12-pos-top40charts.png",
    "youTubeUrl": "http://www.youtube.com/results?search_query=Shanice%20I%20Love%20Your%20Smile",
    "artist": "Shanice",
    "songTitle": "I Love Your Smile"
},{
    "rank": "uploads/position/13-pos-top40charts.png",
    "youTubeUrl": "http://www.youtube.com/results?search_query=Mr%20Big%20-%20To%20Be%20With%20You",
    "artist": "Mr Big",
    "songTitle": "To Be With You"
},{
    "rank": "uploads/position/14-pos-top40charts.png",
    "youTubeUrl": "http://www.youtube.com/results?search_query=Right%20Said%20Fred%20I%27m%20Too%20Sexy",
    "artist": "Right Said Fred",
    "songTitle": "I'm Too Sexy"
},{
    "rank": "uploads/position/15-pos-top40charts.png",
    "youTubeUrl": "http://www.youtube.com/results?search_query=Michael%20Jackson%20Black%20White",
    "artist": "Michael Jackson",
    "songTitle": "Black & White"
},{
    "rank": "uploads/position/16-pos-top40charts.png",
    "youTubeUrl": "http://www.youtube.com/results?search_query=Billy%20Ray%20Cyrus%20Achy%20Breaky%20Heart",
    "artist": "Billy Ray Cyrus",
    "songTitle": "Achy Breaky Heart"
},{
    "rank": "uploads/position/17-pos-top40charts.png",
    "youTubeUrl": "http://www.youtube.com/results?search_query=Mariah%20Carey%20I%27ll%20Be%20There",
    "artist": "Mariah Carey",
    "songTitle": "I'll Be There"
},{
    "rank": "uploads/position/18-pos-top40charts.png",
    "youTubeUrl": "http://www.youtube.com/results?search_query=Guns%20%27n%27%20Roses%20November%20Rain",
    "artist": "Guns 'n' Roses",
    "songTitle": "November Rain"
},{
    "rank": "uploads/position/19-pos-top40charts.png",
    "youTubeUrl": "http://www.youtube.com/results?search_query=Tom%20Cochrane%20-%20Life%20Is%20A%20Highway",
    "artist": "Tom Cochrane",
    "songTitle": "Life Is A Highway"
},{
    "rank": "uploads/position/20-pos-top40charts.png",
    "youTubeUrl": "http://www.youtube.com/results?search_query=Michael%20Jackson%20Remember%20The%20Time",
    "artist": "Michael Jackson",
    "songTitle": "Remember The Time"
},{
    "rank": "uploads/position/21-pos-top40charts.png",
    "youTubeUrl": "http://www.youtube.com/results?search_query=Ce%20Ce%20Peniston%20-%20Finally",
    "artist": "Ce Ce Peniston",
    "songTitle": "Finally"
},{
    "rank": "uploads/position/22-pos-top40charts.png",
    "youTubeUrl": "http://www.youtube.com/results?search_query=Madonna%20This%20Used%20To%20Be%20My%20Playground",
    "artist": "Madonna",
    "songTitle": "This Used To Be My Playground"
},{
    "rank": "uploads/position/23-pos-top40charts.png",
    "youTubeUrl": "http://www.youtube.com/results?search_query=Patti%20Smyth%20And%20Don%20Henley%20-%20Sometimes%20Love%20Just%20Aint",
    "artist": "Patti Smyth And Don Henley",
    "songTitle": "Sometimes Love Just Aint"
},{
    "rank": "uploads/position/24-pos-top40charts.png",
    "youTubeUrl": "http://www.youtube.com/results?search_query=Mariah%20Carey%20Can%27t%20Let%20Go",
    "artist": "Mariah Carey",
    "songTitle": "Can't Let Go"
},{
    "rank": "uploads/position/25-pos-top40charts.png",
    "youTubeUrl": "http://www.youtube.com/results?search_query=House%20Of%20Pain%20-%20Jump%20Around",
    "artist": "House Of Pain",
    "songTitle": "Jump Around"
},{
    "rank": "uploads/position/26-pos-top40charts.png",
    "youTubeUrl": "http://www.youtube.com/results?search_query=Prince%20The%20Npg%20-%20Diamonds%20And%20Pearls",
    "artist": "Prince & The Npg",
    "songTitle": "Diamonds And Pearls"
},{
    "rank": "uploads/position/27-pos-top40charts.png",
    "youTubeUrl": "http://www.youtube.com/results?search_query=George%20Michael%20Elton%20John%20Don%27t%20Let%20The%20Sun%20Go%20Down",
    "artist": "George Michael & Elton John",
    "songTitle": "Don't Let The Sun Go Down"
},{
    "rank": "uploads/position/28-pos-top40charts.png",
    "youTubeUrl": "http://www.youtube.com/results?search_query=Atlantic%20Starr%20-%20Masterpiece",
    "artist": "Atlantic Starr",
    "songTitle": "Masterpiece"
},{
    "rank": "uploads/position/29-pos-top40charts.png",
    "youTubeUrl": "http://www.youtube.com/results?search_query=Celine%20Dion%20If%20You%20Asked%20Me%20To",
    "artist": "Celine Dion",
    "songTitle": "If You Asked Me To"
},{
    "rank": "uploads/position/30-pos-top40charts.png",
    "youTubeUrl": "http://www.youtube.com/results?search_query=En%20Vogue%20Giving%20Him%20Something%20He%20Can%20Feel",
    "artist": "En Vogue",
    "songTitle": "Giving Him Something He Can Feel"
},{
    "rank": "uploads/position/31-pos-top40charts.png",
    "youTubeUrl": "http://www.youtube.com/results?search_query=Joe%20Public%20-%20Live%20And%20Learn",
    "artist": "Joe Public",
    "songTitle": "Live And Learn"
},{
    "rank": "uploads/position/32-pos-top40charts.png",
    "youTubeUrl": "http://www.youtube.com/results?search_query=Jodeci%20Come%20And%20Talk%20To%20Me",
    "artist": "Jodeci",
    "songTitle": "Come And Talk To Me"
},{
    "rank": "uploads/position/33-pos-top40charts.png",
    "youTubeUrl": "http://www.youtube.com/results?search_query=Nirvana%20Smells%20Like%20Teen%20Spirit",
    "artist": "Nirvana",
    "songTitle": "Smells Like Teen Spirit"
},{
    "rank": "uploads/position/34-pos-top40charts.png",
    "youTubeUrl": "http://www.youtube.com/results?search_query=Bobby%20Brown%20-%20Humpin%27%20Around",
    "artist": "Bobby Brown",
    "songTitle": "Humpin' Around"
},{
    "rank": "uploads/position/35-pos-top40charts.png",
    "youTubeUrl": "http://www.youtube.com/results?search_query=Sophie%20B%20Hawkins%20-%20Damn%20I%20Wish%20I%20Was%20Your%20Lover",
    "artist": "Sophie B Hawkins",
    "songTitle": "Damn I Wish I Was Your Lover"
},{
    "rank": "uploads/position/36-pos-top40charts.png",
    "youTubeUrl": "http://www.youtube.com/results?search_query=Tevin%20Campbell%20-%20Tell%20Me%20What%20You%20Want%20Me%20To%20Do",
    "artist": "Tevin Campbell",
    "songTitle": "Tell Me What You Want Me To Do"
},{
    "rank": "uploads/position/37-pos-top40charts.png",
    "youTubeUrl": "http://www.youtube.com/results?search_query=Tlc%20-%20Ain%27t%202%20Proud%202%20Beg",
    "artist": "Tlc",
    "songTitle": "Ain't 2 Proud 2 Beg"
},{
    "rank": "uploads/position/38-pos-top40charts.png",
    "youTubeUrl": "http://www.youtube.com/results?search_query=Boyziimen%20It%27s%20Hard%20To%20Say%20Goodbye%20To%20Yesterday",
    "artist": "Boyziimen",
    "songTitle": "It's Hard To Say Goodbye To Yesterday"
},{
    "rank": "uploads/position/39-pos-top40charts.png",
    "youTubeUrl": "http://www.youtube.com/results?search_query=Technotronic%20Move%20This",
    "artist": "Technotronic",
    "songTitle": "Move This"
},{
    "rank": "uploads/position/40-pos-top40charts.png",
    "youTubeUrl": "http://www.youtube.com/results?search_query=Queen%20Bohemian%20Rhapsody",
    "artist": "Queen",
    "songTitle": "Bohemian Rhapsody"
}