{
    "rank": "uploads/position/1-pos-top40charts.png",
    "youTubeUrl": "http://www.youtube.com/results?search_query=Whitney%20Houston%20I%20Will%20Always%20Love%20You",
    "artist": "Whitney Houston",
    "songTitle": "I Will Always Love You"
},{
    "rank": "uploads/position/2-pos-top40charts.png",
    "youTubeUrl": "http://www.youtube.com/results?search_query=Tag%20Team%20-%20Whoomp!%20There%20It%20Is",
    "artist": "Tag Team",
    "songTitle": "Whoomp! There It Is"
},{
    "rank": "uploads/position/3-pos-top40charts.png",
    "youTubeUrl": "http://www.youtube.com/results?search_query=Ub40%20Can%27t%20Help%20Falling%20In%20Love",
    "artist": "Ub40",
    "songTitle": "Can't Help Falling In Love"
},{
    "rank": "uploads/position/4-pos-top40charts.png",
    "youTubeUrl": "http://www.youtube.com/results?search_query=Janet%20Jackson%20That%27s%20The%20Way%20Love%20Goes",
    "artist": "Janet Jackson",
    "songTitle": "That's The Way Love Goes"
},{
    "rank": "uploads/position/5-pos-top40charts.png",
    "youTubeUrl": "http://www.youtube.com/results?search_query=Silk%20-%20Freak%20Me",
    "artist": "Silk",
    "songTitle": "Freak Me"
},{
    "rank": "uploads/position/6-pos-top40charts.png",
    "youTubeUrl": "http://www.youtube.com/results?search_query=Swv%20-%20Weak",
    "artist": "Swv",
    "songTitle": "Weak"
},{
    "rank": "uploads/position/7-pos-top40charts.png",
    "youTubeUrl": "http://www.youtube.com/results?search_query=Shai%20If%20I%20Ever%20Fall%20In%20Love",
    "artist": "Shai",
    "songTitle": "If I Ever Fall In Love"
},{
    "rank": "uploads/position/8-pos-top40charts.png",
    "youTubeUrl": "http://www.youtube.com/results?search_query=Mariah%20Carey%20Dream%20Lover",
    "artist": "Mariah Carey",
    "songTitle": "Dream Lover"
},{
    "rank": "uploads/position/9-pos-top40charts.png",
    "youTubeUrl": "http://www.youtube.com/results?search_query=Wreckx%20-%20N%20-%20Effect%20-%20Rump%20Shaker",
    "artist": "Wreckx N Effect",
    "songTitle": "Rump Shaker"
},{
    "rank": "uploads/position/10-pos-top40charts.png",
    "youTubeUrl": "http://www.youtube.com/results?search_query=Snow%20Informer",
    "artist": "Snow",
    "songTitle": "Informer"
},{
    "rank": "uploads/position/11-pos-top40charts.png",
    "youTubeUrl": "http://www.youtube.com/results?search_query=Dr%20Dre%20Nothing%20But%20A%20G%20Thang",
    "artist": "Dr Dre",
    "songTitle": "Nothing But A G Thang"
},{
    "rank": "uploads/position/12-pos-top40charts.png",
    "youTubeUrl": "http://www.youtube.com/results?search_query=Boyziimen%20In%20The%20Still%20Of%20The%20Night",
    "artist": "Boyziimen",
    "songTitle": "In The Still Of The Night (I'll Remember)"
},{
    "rank": "uploads/position/13-pos-top40charts.png",
    "youTubeUrl": "http://www.youtube.com/results?search_query=Jade%20-%20Don%27t%20Walk%20Away",
    "artist": "Jade",
    "songTitle": "Don't Walk Away"
},{
    "rank": "uploads/position/14-pos-top40charts.png",
    "youTubeUrl": "http://www.youtube.com/results?search_query=H%20Town%20-%20Knockin%27%20Da%20Boots",
    "artist": "H Town",
    "songTitle": "Knockin' Da Boots"
},{
    "rank": "uploads/position/15-pos-top40charts.png",
    "youTubeUrl": "http://www.youtube.com/results?search_query=Jodeci%20-%20Lately",
    "artist": "Jodeci",
    "songTitle": "Lately"
},{
    "rank": "uploads/position/16-pos-top40charts.png",
    "youTubeUrl": "http://www.youtube.com/results?search_query=Duice%20Dazzey%20Duks",
    "artist": "Duice",
    "songTitle": "Dazzey Duks"
},{
    "rank": "uploads/position/17-pos-top40charts.png",
    "youTubeUrl": "http://www.youtube.com/results?search_query=Robin%20S%20Show%20Me%20Love",
    "artist": "Robin S",
    "songTitle": "Show Me Love"
},{
    "rank": "uploads/position/18-pos-top40charts.png",
    "youTubeUrl": "http://www.youtube.com/results?search_query=Peabo%20Bryson%20Regina%20Bell%20A%20Whole%20New%20World",
    "artist": "Peabo Bryson & Regina Bell",
    "songTitle": "A Whole New World (Aladdin)"
},{
    "rank": "uploads/position/19-pos-top40charts.png",
    "youTubeUrl": "http://www.youtube.com/results?search_query=Janet%20Jackson%20-%20If",
    "artist": "Janet Jackson",
    "songTitle": "If"
},{
    "rank": "uploads/position/20-pos-top40charts.png",
    "youTubeUrl": "http://www.youtube.com/results?search_query=Swv%20-%20I%27m%20So%20Into%20You",
    "artist": "Swv",
    "songTitle": "I'm So Into You"
},{
    "rank": "uploads/position/21-pos-top40charts.png",
    "youTubeUrl": "http://www.youtube.com/results?search_query=Vanessa%20Williams%20Brian%20McKnight%20Love%20Is",
    "artist": "Vanessa Williams & Brian McKnight",
    "songTitle": "Love Is"
},{
    "rank": "uploads/position/22-pos-top40charts.png",
    "youTubeUrl": "http://www.youtube.com/results?search_query=Soul%20Asylum%20Runaway%20Train",
    "artist": "Soul Asylum",
    "songTitle": "Runaway Train"
},{
    "rank": "uploads/position/23-pos-top40charts.png",
    "youTubeUrl": "http://www.youtube.com/results?search_query=Expose%20-%20I%27ll%20Never%20Get%20Over%20You%20Getting%20Over%20Me",
    "artist": "Expose",
    "songTitle": "I'll Never Get Over You Getting Over Me"
},{
    "rank": "uploads/position/24-pos-top40charts.png",
    "youTubeUrl": "http://www.youtube.com/results?search_query=Paperboy%20-%20Ditty",
    "artist": "Paperboy",
    "songTitle": "Ditty"
},{
    "rank": "uploads/position/25-pos-top40charts.png",
    "youTubeUrl": "http://www.youtube.com/results?search_query=Snap!%20Rhythm%20Is%20A%20Dancer",
    "artist": "Snap!",
    "songTitle": "Rhythm Is A Dancer"
},{
    "rank": "uploads/position/26-pos-top40charts.png",
    "youTubeUrl": "http://www.youtube.com/results?search_query=Billy%20Joel%20The%20River%20Of%20Dreams",
    "artist": "Billy Joel",
    "songTitle": "The River Of Dreams"
},{
    "rank": "uploads/position/27-pos-top40charts.png",
    "youTubeUrl": "http://www.youtube.com/results?search_query=Proclaimers%20-%20I%27m%20Gonna%20Be%20(500%20Miles)",
    "artist": "Proclaimers",
    "songTitle": "I'm Gonna Be (500 Miles)"
},{
    "rank": "uploads/position/28-pos-top40charts.png",
    "youTubeUrl": "http://www.youtube.com/results?search_query=Spin%20Doctors%20Two%20Princes",
    "artist": "Spin Doctors",
    "songTitle": "Two Princes"
},{
    "rank": "uploads/position/29-pos-top40charts.png",
    "youTubeUrl": "http://www.youtube.com/results?search_query=Swv%20-%20Right%20Here",
    "artist": "Swv",
    "songTitle": "Right Here"
},{
    "rank": "uploads/position/30-pos-top40charts.png",
    "youTubeUrl": "http://www.youtube.com/results?search_query=Whitney%20Houston%20I%20Have%20Nothing",
    "artist": "Whitney Houston",
    "songTitle": "I Have Nothing"
},{
    "rank": "uploads/position/31-pos-top40charts.png",
    "youTubeUrl": "http://www.youtube.com/results?search_query=Arrested%20Development%20Mr%20Wendal",
    "artist": "Arrested Development",
    "songTitle": "Mr Wendal"
},{
    "rank": "uploads/position/32-pos-top40charts.png",
    "youTubeUrl": "http://www.youtube.com/results?search_query=Rod%20Stewart%20Have%20I%20Told%20You%20Lately%20(That%20I%20Love%20You)",
    "artist": "Rod Stewart",
    "songTitle": "Have I Told You Lately (That I Love You)"
},{
    "rank": "uploads/position/33-pos-top40charts.png",
    "youTubeUrl": "http://www.youtube.com/results?search_query=Shanice%20-%20Saving%20Forever%20For%20You",
    "artist": "Shanice",
    "songTitle": "Saving Forever For You"
},{
    "rank": "uploads/position/34-pos-top40charts.png",
    "youTubeUrl": "http://www.youtube.com/results?search_query=Duran%20Duran%20Ordinary%20World",
    "artist": "Duran Duran",
    "songTitle": "Ordinary World"
},{
    "rank": "uploads/position/35-pos-top40charts.png",
    "youTubeUrl": "http://www.youtube.com/results?search_query=Tony%20Toni%20Tone%20-%20If%20I%20Had%20No%20Loot",
    "artist": "Tony Toni Tone",
    "songTitle": "If I Had No Loot"
},{
    "rank": "uploads/position/36-pos-top40charts.png",
    "youTubeUrl": "http://www.youtube.com/results?search_query=Meatloaf%20I%27d%20Do%20Anything%20For%20Love",
    "artist": "Meatloaf",
    "songTitle": "I'd Do Anything For Love"
},{
    "rank": "uploads/position/37-pos-top40charts.png",
    "youTubeUrl": "http://www.youtube.com/results?search_query=Onyx%20-%20Slam",
    "artist": "Onyx",
    "songTitle": "Slam"
},{
    "rank": "uploads/position/38-pos-top40charts.png",
    "youTubeUrl": "http://www.youtube.com/results?search_query=P%20M%20Dawn%20Looking%20Through%20Patient%20Eyes",
    "artist": "P M Dawn",
    "songTitle": "Looking Through Patient Eyes"
},{
    "rank": "uploads/position/39-pos-top40charts.png",
    "youTubeUrl": "http://www.youtube.com/results?search_query=Whitney%20Houston%20I%27m%20Every%20Woman",
    "artist": "Whitney Houston",
    "songTitle": "I'm Every Woman"
},{
    "rank": "uploads/position/40-pos-top40charts.png",
    "youTubeUrl": "http://www.youtube.com/results?search_query=Shai%20-%20Baby%20I%27m%20Yours",
    "artist": "Shai",
    "songTitle": "Baby I'm Yours"
}