{
    "rank": "uploads/position/1-pos-top40charts.png",
    "youTubeUrl": "http://www.youtube.com/results?search_query=Ace%20Of%20Base%20The%20Sign",
    "artist": "Ace Of Base",
    "songTitle": "The Sign"
},{
    "rank": "uploads/position/2-pos-top40charts.png",
    "youTubeUrl": "http://www.youtube.com/results?search_query=All%20-%204%20-%20One%20-%20I%20Swear",
    "artist": "All 4 One",
    "songTitle": "I Swear"
},{
    "rank": "uploads/position/3-pos-top40charts.png",
    "youTubeUrl": "http://www.youtube.com/results?search_query=Boyziimen%20I%27ll%20Make%20Love%20To%20You",
    "artist": "Boyziimen",
    "songTitle": "I'll Make Love To You"
},{
    "rank": "uploads/position/4-pos-top40charts.png",
    "youTubeUrl": "http://www.youtube.com/results?search_query=Celine%20Dion%20The%20Power%20Of%20Love",
    "artist": "Celine Dion",
    "songTitle": "The Power Of Love"
},{
    "rank": "uploads/position/5-pos-top40charts.png",
    "youTubeUrl": "http://www.youtube.com/results?search_query=Mariah%20Carey%20Hero",
    "artist": "Mariah Carey",
    "songTitle": "Hero"
},{
    "rank": "uploads/position/6-pos-top40charts.png",
    "youTubeUrl": "http://www.youtube.com/results?search_query=Lisa%20Loeb%20Nine%20Stories%20-%20Stay",
    "artist": "Lisa Loeb & Nine Stories",
    "songTitle": "Stay"
},{
    "rank": "uploads/position/7-pos-top40charts.png",
    "youTubeUrl": "http://www.youtube.com/results?search_query=Toni%20Braxton%20-%20Breathe%20Again",
    "artist": "Toni Braxton",
    "songTitle": "Breathe Again"
},{
    "rank": "uploads/position/8-pos-top40charts.png",
    "youTubeUrl": "http://www.youtube.com/results?search_query=Bryan%20Adams%20Rod%20Stewart%20Sting%20All%20For%20Love",
    "artist": "Bryan Adams & Rod Stewart & Sting",
    "songTitle": "All For Love"
},{
    "rank": "uploads/position/9-pos-top40charts.png",
    "youTubeUrl": "http://www.youtube.com/results?search_query=Ace%20Of%20Base%20All%20That%20She%20Wants",
    "artist": "Ace Of Base",
    "songTitle": "All That She Wants"
},{
    "rank": "uploads/position/10-pos-top40charts.png",
    "youTubeUrl": "http://www.youtube.com/results?search_query=Ace%20Of%20Base%20Don%27t%20Turn%20Around",
    "artist": "Ace Of Base",
    "songTitle": "Don't Turn Around"
},{
    "rank": "uploads/position/11-pos-top40charts.png",
    "youTubeUrl": "http://www.youtube.com/results?search_query=R%20Kelly%20Bump%20N%27%20Grind",
    "artist": "R Kelly",
    "songTitle": "Bump N' Grind"
},{
    "rank": "uploads/position/12-pos-top40charts.png",
    "youTubeUrl": "http://www.youtube.com/results?search_query=Janet%20Jackson%20Again",
    "artist": "Janet Jackson",
    "songTitle": "Again"
},{
    "rank": "uploads/position/13-pos-top40charts.png",
    "youTubeUrl": "http://www.youtube.com/results?search_query=Madonna%20I%27ll%20Remenber",
    "artist": "Madonna",
    "songTitle": "I'll Remenber"
},{
    "rank": "uploads/position/14-pos-top40charts.png",
    "youTubeUrl": "http://www.youtube.com/results?search_query=Salt%20N%20Pepa%20Envogue%20-%20Whatta%20Man",
    "artist": "Salt N Pepa & Envogue",
    "songTitle": "Whatta Man"
},{
    "rank": "uploads/position/15-pos-top40charts.png",
    "youTubeUrl": "http://www.youtube.com/results?search_query=John%20Mellenkamp%20Wild%20Night",
    "artist": "John Mellenkamp",
    "songTitle": "Wild Night"
},{
    "rank": "uploads/position/16-pos-top40charts.png",
    "youTubeUrl": "http://www.youtube.com/results?search_query=Mariah%20Carey%20Never%20Forget%20You",
    "artist": "Mariah Carey",
    "songTitle": "Never Forget You"
},{
    "rank": "uploads/position/17-pos-top40charts.png",
    "youTubeUrl": "http://www.youtube.com/results?search_query=Mariah%20Carey%20Without%20You",
    "artist": "Mariah Carey",
    "songTitle": "Without You"
},{
    "rank": "uploads/position/18-pos-top40charts.png",
    "youTubeUrl": "http://www.youtube.com/results?search_query=Toni%20Braxton%20-%20You%20Mean%20The%20World%20To%20Me",
    "artist": "Toni Braxton",
    "songTitle": "You Mean The World To Me"
},{
    "rank": "uploads/position/19-pos-top40charts.png",
    "youTubeUrl": "http://www.youtube.com/results?search_query=Elton%20John%20Can%20You%20Feel%20The%20Love%20Tonight",
    "artist": "Elton John",
    "songTitle": "Can You Feel The Love Tonight"
},{
    "rank": "uploads/position/20-pos-top40charts.png",
    "youTubeUrl": "http://www.youtube.com/results?search_query=Prince%20-%20The%20Most%20Beautiful%20Girl%20In%20The%20World",
    "artist": "Prince",
    "songTitle": "The Most Beautiful Girl In The World"
},{
    "rank": "uploads/position/21-pos-top40charts.png",
    "youTubeUrl": "http://www.youtube.com/results?search_query=Coolio%20-%20Fantastic%20Voyage",
    "artist": "Coolio",
    "songTitle": "Fantastic Voyage"
},{
    "rank": "uploads/position/22-pos-top40charts.png",
    "youTubeUrl": "http://www.youtube.com/results?search_query=Big%20Mountain%20-%20Baby%20I%20Love%20Your%20Way",
    "artist": "Big Mountain",
    "songTitle": "Baby I Love Your Way"
},{
    "rank": "uploads/position/23-pos-top40charts.png",
    "youTubeUrl": "http://www.youtube.com/results?search_query=Warren%20G%20Nate%20Dog%20-%20Regulate",
    "artist": "Warren G & Nate Dog",
    "songTitle": "Regulate"
},{
    "rank": "uploads/position/24-pos-top40charts.png",
    "youTubeUrl": "http://www.youtube.com/results?search_query=Jon%20Secada%20-%20If%20You%20Go",
    "artist": "Jon Secada",
    "songTitle": "If You Go"
},{
    "rank": "uploads/position/25-pos-top40charts.png",
    "youTubeUrl": "http://www.youtube.com/results?search_query=Aaliyah%20Back%20Forth",
    "artist": "Aaliyah",
    "songTitle": "Back & Forth"
},{
    "rank": "uploads/position/26-pos-top40charts.png",
    "youTubeUrl": "http://www.youtube.com/results?search_query=Richard%20Marx%20Now%20And%20Forever",
    "artist": "Richard Marx",
    "songTitle": "Now And Forever"
},{
    "rank": "uploads/position/27-pos-top40charts.png",
    "youTubeUrl": "http://www.youtube.com/results?search_query=Babyface%20-%20When%20Can%20I%20See%20You",
    "artist": "Babyface",
    "songTitle": "When Can I See You"
},{
    "rank": "uploads/position/28-pos-top40charts.png",
    "youTubeUrl": "http://www.youtube.com/results?search_query=Bryan%20Adams%20Please%20Forgive%20Me",
    "artist": "Bryan Adams",
    "songTitle": "Please Forgive Me"
},{
    "rank": "uploads/position/29-pos-top40charts.png",
    "youTubeUrl": "http://www.youtube.com/results?search_query=All%204%20One%20-%20So%20Much%20In%20Love",
    "artist": "All 4 One",
    "songTitle": "So Much In Love"
},{
    "rank": "uploads/position/30-pos-top40charts.png",
    "youTubeUrl": "http://www.youtube.com/results?search_query=Salt%20%27n%20Pepa%20Shoop",
    "artist": "Salt 'n Pepa",
    "songTitle": "Shoop"
},{
    "rank": "uploads/position/31-pos-top40charts.png",
    "youTubeUrl": "http://www.youtube.com/results?search_query=Janet%20Jackson%20-%20Any%20Time,%20Any%20Place",
    "artist": "Janet Jackson",
    "songTitle": "Any Time, Any Place"
},{
    "rank": "uploads/position/32-pos-top40charts.png",
    "youTubeUrl": "http://www.youtube.com/results?search_query=Janet%20Jackson%20-%20And%20On%20And%20On",
    "artist": "Janet Jackson",
    "songTitle": "And On And On"
},{
    "rank": "uploads/position/33-pos-top40charts.png",
    "youTubeUrl": "http://www.youtube.com/results?search_query=Collective%20Soul%20Shine",
    "artist": "Collective Soul",
    "songTitle": "Shine"
},{
    "rank": "uploads/position/34-pos-top40charts.png",
    "youTubeUrl": "http://www.youtube.com/results?search_query=Michael%20Bolton%20Said%20I%20Loved%20You%20But%20I%20Lied",
    "artist": "Michael Bolton",
    "songTitle": "Said I Loved You But I Lied"
},{
    "rank": "uploads/position/35-pos-top40charts.png",
    "youTubeUrl": "http://www.youtube.com/results?search_query=Enigma%20Return%20To%20Innocence",
    "artist": "Enigma",
    "songTitle": "Return To Innocence"
},{
    "rank": "uploads/position/36-pos-top40charts.png",
    "youTubeUrl": "http://www.youtube.com/results?search_query=Sheryl%20Crow%20All%20I%20Wanna%20Do",
    "artist": "Sheryl Crow",
    "songTitle": "All I Wanna Do"
},{
    "rank": "uploads/position/37-pos-top40charts.png",
    "youTubeUrl": "http://www.youtube.com/results?search_query=Snoop%20Doggy%20Dogg%20Gin%20And%20Juice",
    "artist": "Snoop Doggy Dogg",
    "songTitle": "Gin And Juice"
},{
    "rank": "uploads/position/38-pos-top40charts.png",
    "youTubeUrl": "http://www.youtube.com/results?search_query=Crash%20Test%20Dummies%20Mmm%20Mmm%20Mmm%20Mmm",
    "artist": "Crash Test Dummies",
    "songTitle": "Mmm Mmm Mmm Mmm"
},{
    "rank": "uploads/position/39-pos-top40charts.png",
    "youTubeUrl": "http://www.youtube.com/results?search_query=Tevin%20Campbell%20-%20Can%20We%20Talk",
    "artist": "Tevin Campbell",
    "songTitle": "Can We Talk"
},{
    "rank": "uploads/position/40-pos-top40charts.png",
    "youTubeUrl": "http://www.youtube.com/results?search_query=Da%20Brat%20-%20Funkdafied",
    "artist": "Da Brat",
    "songTitle": "Funkdafied"
}