{
    "rank": "uploads/position/1-pos-top40charts.png",
    "youTubeUrl": "http://www.youtube.com/results?search_query=Coolio%20ft.%20L.V.%20-%20Gangsta%27s%20Paradise",
    "artist": "Coolio ft. L.V.",
    "songTitle": "Gangsta's Paradise"
},{
    "rank": "uploads/position/2-pos-top40charts.png",
    "youTubeUrl": "http://www.youtube.com/results?search_query=Tlc%20-%20Waterfalls",
    "artist": "Tlc",
    "songTitle": "Waterfalls"
},{
    "rank": "uploads/position/3-pos-top40charts.png",
    "youTubeUrl": "http://www.youtube.com/results?search_query=Tlc%20-%20Creep",
    "artist": "Tlc",
    "songTitle": "Creep"
},{
    "rank": "uploads/position/4-pos-top40charts.png",
    "youTubeUrl": "http://www.youtube.com/results?search_query=Seal%20-%20Kiss%20From%20A%20Rose",
    "artist": "Seal",
    "songTitle": "Kiss From A Rose"
},{
    "rank": "uploads/position/5-pos-top40charts.png",
    "youTubeUrl": "http://www.youtube.com/results?search_query=Boyz%20II%20Men%20-%20On%20Bended%20Knee",
    "artist": "Boyz II Men",
    "songTitle": "On Bended Knee"
},{
    "rank": "uploads/position/6-pos-top40charts.png",
    "youTubeUrl": "http://www.youtube.com/results?search_query=Real%20McCoy%20-%20Another%20Night",
    "artist": "Real McCoy",
    "songTitle": "Another Night"
},{
    "rank": "uploads/position/7-pos-top40charts.png",
    "youTubeUrl": "http://www.youtube.com/results?search_query=Mariah%20Carey%20-%20Fantasy",
    "artist": "Mariah Carey",
    "songTitle": "Fantasy"
},{
    "rank": "uploads/position/8-pos-top40charts.png",
    "youTubeUrl": "http://www.youtube.com/results?search_query=Madonna%20-%20Take%20A%20Bow",
    "artist": "Madonna",
    "songTitle": "Take A Bow"
},{
    "rank": "uploads/position/9-pos-top40charts.png",
    "youTubeUrl": "http://www.youtube.com/results?search_query=Monica%20-%20Don%27t%20Take%20It%20Personal%20(Just%20One%20Of%20Dem)",
    "artist": "Monica",
    "songTitle": "Don't Take It Personal (Just One Of Dem)"
},{
    "rank": "uploads/position/10-pos-top40charts.png",
    "youTubeUrl": "http://www.youtube.com/results?search_query=Montell%20Jordan%20-%20This%20Is%20How%20We%20Do%20It",
    "artist": "Montell Jordan",
    "songTitle": "This Is How We Do It"
},{
    "rank": "uploads/position/11-pos-top40charts.png",
    "youTubeUrl": "http://www.youtube.com/results?search_query=Dionne%20Farris%20-%20I%20Know",
    "artist": "Dionne Farris",
    "songTitle": "I Know"
},{
    "rank": "uploads/position/12-pos-top40charts.png",
    "youTubeUrl": "http://www.youtube.com/results?search_query=Boyz%20II%20Men%20-%20Water%20Runs%20Dry",
    "artist": "Boyz II Men",
    "songTitle": "Water Runs Dry"
},{
    "rank": "uploads/position/13-pos-top40charts.png",
    "youTubeUrl": "http://www.youtube.com/results?search_query=Adina%20Howard%20-%20Freak%20Like%20Me",
    "artist": "Adina Howard",
    "songTitle": "Freak Like Me"
},{
    "rank": "uploads/position/14-pos-top40charts.png",
    "youTubeUrl": "http://www.youtube.com/results?search_query=Blues%20Traveler%20-%20Run%20-%20Around",
    "artist": "Blues Traveler",
    "songTitle": "Run Around"
},{
    "rank": "uploads/position/15-pos-top40charts.png",
    "youTubeUrl": "http://www.youtube.com/results?search_query=All%20-%204%20-%20One%20-%20I%20Can%20Love%20You%20Like%20That",
    "artist": "All 4 One",
    "songTitle": "I Can Love You Like That"
},{
    "rank": "uploads/position/16-pos-top40charts.png",
    "youTubeUrl": "http://www.youtube.com/results?search_query=Bryan%20Adams%20-%20Have%20You%20Ever%20Really%20Loved%20A%20Woman",
    "artist": "Bryan Adams",
    "songTitle": "Have You Ever Really Loved A Woman"
},{
    "rank": "uploads/position/17-pos-top40charts.png",
    "youTubeUrl": "http://www.youtube.com/results?search_query=Bon%20Jovi%20-%20Always",
    "artist": "Bon Jovi",
    "songTitle": "Always"
},{
    "rank": "uploads/position/18-pos-top40charts.png",
    "youTubeUrl": "http://www.youtube.com/results?search_query=Shaggy%20-%20Bombastic",
    "artist": "Shaggy",
    "songTitle": "Bombastic"
},{
    "rank": "uploads/position/19-pos-top40charts.png",
    "youTubeUrl": "http://www.youtube.com/results?search_query=Nicki%20French%20-%20Total%20Eclipse%20Of%20The%20Heart",
    "artist": "Nicki French",
    "songTitle": "Total Eclipse Of The Heart"
},{
    "rank": "uploads/position/20-pos-top40charts.png",
    "youTubeUrl": "http://www.youtube.com/results?search_query=Des%27ree%20-%20You%20Gotta%20Be",
    "artist": "Des'ree",
    "songTitle": "You Gotta Be"
},{
    "rank": "uploads/position/21-pos-top40charts.png",
    "youTubeUrl": "http://www.youtube.com/results?search_query=Michael%20Jackson%20-%20You%20Are%20Not%20Alone",
    "artist": "Michael Jackson",
    "songTitle": "You Are Not Alone"
},{
    "rank": "uploads/position/22-pos-top40charts.png",
    "youTubeUrl": "http://www.youtube.com/results?search_query=Hootie%20The%20Blowfish%20-%20Hold%20My%20Hand",
    "artist": "Hootie & The Blowfish",
    "songTitle": "Hold My Hand"
},{
    "rank": "uploads/position/23-pos-top40charts.png",
    "youTubeUrl": "http://www.youtube.com/results?search_query=Notorious%20B.I.G.%20-%20One%20More%20Chance",
    "artist": "Notorious B.I.G.",
    "songTitle": "One More Chance"
},{
    "rank": "uploads/position/24-pos-top40charts.png",
    "youTubeUrl": "http://www.youtube.com/results?search_query=Ini%20Kamoze%20-%20Here%20Comes%20The%20Hotstepper",
    "artist": "Ini Kamoze",
    "songTitle": "Here Comes The Hotstepper"
},{
    "rank": "uploads/position/25-pos-top40charts.png",
    "youTubeUrl": "http://www.youtube.com/results?search_query=Soul%20For%20Real%20-%20Candy%20Rain",
    "artist": "Soul For Real",
    "songTitle": "Candy Rain"
},{
    "rank": "uploads/position/26-pos-top40charts.png",
    "youTubeUrl": "http://www.youtube.com/results?search_query=Hootie%20The%20Blowfish%20-%20Let%20Her%20Cry",
    "artist": "Hootie & The Blowfish",
    "songTitle": "Let Her Cry"
},{
    "rank": "uploads/position/27-pos-top40charts.png",
    "youTubeUrl": "http://www.youtube.com/results?search_query=Blessid%20Union%20Of%20Souls%20-%20I%20Believe",
    "artist": "Blessid Union Of Souls",
    "songTitle": "I Believe"
},{
    "rank": "uploads/position/28-pos-top40charts.png",
    "youTubeUrl": "http://www.youtube.com/results?search_query=Tlc%20-%20Red%20Light%20Special",
    "artist": "Tlc",
    "songTitle": "Red Light Special"
},{
    "rank": "uploads/position/29-pos-top40charts.png",
    "youTubeUrl": "http://www.youtube.com/results?search_query=Janet%20Jackson%20-%20Runaway",
    "artist": "Janet Jackson",
    "songTitle": "Runaway"
},{
    "rank": "uploads/position/30-pos-top40charts.png",
    "youTubeUrl": "http://www.youtube.com/results?search_query=Sheryl%20Crow%20-%20Strong%20Enough",
    "artist": "Sheryl Crow",
    "songTitle": "Strong Enough"
},{
    "rank": "uploads/position/31-pos-top40charts.png",
    "youTubeUrl": "http://www.youtube.com/results?search_query=Vanessa%20Williams%20-%20Colors%20Of%20The%20Wind",
    "artist": "Vanessa Williams",
    "songTitle": "Colors Of The Wind"
},{
    "rank": "uploads/position/32-pos-top40charts.png",
    "youTubeUrl": "http://www.youtube.com/results?search_query=Jon%20B.%20ft.%20Babyface%20-%20Someone%20To%20Love",
    "artist": "Jon B. ft. Babyface",
    "songTitle": "Someone To Love"
},{
    "rank": "uploads/position/33-pos-top40charts.png",
    "youTubeUrl": "http://www.youtube.com/results?search_query=Hootie%20The%20Blowfish%20-%20Only%20Wanna%20Be%20With%20You",
    "artist": "Hootie & The Blowfish",
    "songTitle": "Only Wanna Be With You"
},{
    "rank": "uploads/position/34-pos-top40charts.png",
    "youTubeUrl": "http://www.youtube.com/results?search_query=Brownstone%20-%20If%20You%20Love%20Me",
    "artist": "Brownstone",
    "songTitle": "If You Love Me"
},{
    "rank": "uploads/position/35-pos-top40charts.png",
    "youTubeUrl": "http://www.youtube.com/results?search_query=Martin%20Page%20-%20In%20The%20House%20Of%20Stone%20And%20Light",
    "artist": "Martin Page",
    "songTitle": "In The House Of Stone And Light"
},{
    "rank": "uploads/position/36-pos-top40charts.png",
    "youTubeUrl": "http://www.youtube.com/results?search_query=Luniz%20-%20I%20Got%205%20On%20It",
    "artist": "Luniz",
    "songTitle": "I Got 5 On It"
},{
    "rank": "uploads/position/37-pos-top40charts.png",
    "youTubeUrl": "http://www.youtube.com/results?search_query=Brandy%20-%20Baby",
    "artist": "Brandy",
    "songTitle": "Baby"
},{
    "rank": "uploads/position/38-pos-top40charts.png",
    "youTubeUrl": "http://www.youtube.com/results?search_query=Real%20McCoy%20-%20Run%20Away",
    "artist": "Real McCoy",
    "songTitle": "Run Away"
},{
    "rank": "uploads/position/39-pos-top40charts.png",
    "youTubeUrl": "http://www.youtube.com/results?search_query=Sophie%20B.%20Hawkins%20-%20As%20I%20Lay%20Me%20Down",
    "artist": "Sophie B. Hawkins",
    "songTitle": "As I Lay Me Down"
},{
    "rank": "uploads/position/40-pos-top40charts.png",
    "youTubeUrl": "http://www.youtube.com/results?search_query=Mokenstef%20-%20He%27s%20Mine",
    "artist": "Mokenstef",
    "songTitle": "He's Mine"
}