{
    "rank": "uploads/position/1-pos-top40charts.png",
    "youTubeUrl": "http://www.youtube.com/results?search_query=Elton%20John%20-%20Candle%20In%20The%20Wind",
    "artist": "Elton John",
    "songTitle": "Candle In The Wind (1997)"
},{
    "rank": "uploads/position/2-pos-top40charts.png",
    "youTubeUrl": "http://www.youtube.com/results?search_query=Elton%20John%20-%20Something%20About%20The%20Way%20You%20Look%20Tonight",
    "artist": "Elton John",
    "songTitle": "Something About The Way You Look Tonight"
},{
    "rank": "uploads/position/3-pos-top40charts.png",
    "youTubeUrl": "http://www.youtube.com/results?search_query=Jewel%20-%20You%20Were%20Meant%20For%20Me",
    "artist": "Jewel",
    "songTitle": "You Were Meant For Me"
},{
    "rank": "uploads/position/4-pos-top40charts.png",
    "youTubeUrl": "http://www.youtube.com/results?search_query=Puff%20Daddy%20Faith%20Evans%20112%20-%20I%27ll%20Be%20Missing%20You",
    "artist": "Puff Daddy & Faith Evans & 112",
    "songTitle": "I'll Be Missing You"
},{
    "rank": "uploads/position/5-pos-top40charts.png",
    "youTubeUrl": "http://www.youtube.com/results?search_query=Toni%20Braxton%20-%20Un%20Break%20My%20Heart",
    "artist": "Toni Braxton",
    "songTitle": "Un Break My Heart"
},{
    "rank": "uploads/position/6-pos-top40charts.png",
    "youTubeUrl": "http://www.youtube.com/results?search_query=Puff%20Daddy%20The%20Family%20-%20Can%27t%20Nobody%20Hold%20Me%20Down",
    "artist": "Puff Daddy & The Family",
    "songTitle": "Can't Nobody Hold Me Down"
},{
    "rank": "uploads/position/7-pos-top40charts.png",
    "youTubeUrl": "http://www.youtube.com/results?search_query=R.%20Kelly%20-%20I%20Believe%20I%20Can%20Fly",
    "artist": "R. Kelly",
    "songTitle": "I Believe I Can Fly"
},{
    "rank": "uploads/position/8-pos-top40charts.png",
    "youTubeUrl": "http://www.youtube.com/results?search_query=En%20Vogue%20-%20Don%27t%20Let%20Go%20(Love)",
    "artist": "En Vogue",
    "songTitle": "Don't Let Go (Love)"
},{
    "rank": "uploads/position/9-pos-top40charts.png",
    "youTubeUrl": "http://www.youtube.com/results?search_query=Mark%20Morrison%20-%20Return%20Of%20The%20Mack",
    "artist": "Mark Morrison",
    "songTitle": "Return Of The Mack"
},{
    "rank": "uploads/position/10-pos-top40charts.png",
    "youTubeUrl": "http://www.youtube.com/results?search_query=Leann%20Rimes%20-%20How%20Do%20I%20Live",
    "artist": "Leann Rimes",
    "songTitle": "How Do I Live"
},{
    "rank": "uploads/position/11-pos-top40charts.png",
    "youTubeUrl": "http://www.youtube.com/results?search_query=Spice%20Girls%20-%20Wannabe",
    "artist": "Spice Girls",
    "songTitle": "Wannabe"
},{
    "rank": "uploads/position/12-pos-top40charts.png",
    "youTubeUrl": "http://www.youtube.com/results?search_query=Backstreet%20Boys%20-%20Quit%20Playing%20Games",
    "artist": "Backstreet Boys",
    "songTitle": "Quit Playing Games (With My Heart)"
},{
    "rank": "uploads/position/13-pos-top40charts.png",
    "youTubeUrl": "http://www.youtube.com/results?search_query=Hanson%20-%20Mmmbop",
    "artist": "Hanson",
    "songTitle": "Mmmbop"
},{
    "rank": "uploads/position/14-pos-top40charts.png",
    "youTubeUrl": "http://www.youtube.com/results?search_query=Monica%20-%20For%20You%20I%20Will",
    "artist": "Monica",
    "songTitle": "For You I Will"
},{
    "rank": "uploads/position/15-pos-top40charts.png",
    "youTubeUrl": "http://www.youtube.com/results?search_query=Usher%20-%20You%20Make%20Me%20Wanna",
    "artist": "Usher",
    "songTitle": "You Make Me Wanna"
},{
    "rank": "uploads/position/16-pos-top40charts.png",
    "youTubeUrl": "http://www.youtube.com/results?search_query=Meredith%20Brooks%20-%20Bitch",
    "artist": "Meredith Brooks",
    "songTitle": "Bitch"
},{
    "rank": "uploads/position/17-pos-top40charts.png",
    "youTubeUrl": "http://www.youtube.com/results?search_query=Keith%20Sweat%20ft.%20Athena%20Cage%20-%20Nobody",
    "artist": "Keith Sweat ft. Athena Cage",
    "songTitle": "Nobody"
},{
    "rank": "uploads/position/18-pos-top40charts.png",
    "youTubeUrl": "http://www.youtube.com/results?search_query=Third%20Eye%20Blind%20-%20Semi%20-%20Charmed%20Life",
    "artist": "Third Eye Blind",
    "songTitle": "Semi Charmed Life"
},{
    "rank": "uploads/position/19-pos-top40charts.png",
    "youTubeUrl": "http://www.youtube.com/results?search_query=Duncan%20Sheik%20-%20Barely%20Breathing",
    "artist": "Duncan Sheik",
    "songTitle": "Barely Breathing"
},{
    "rank": "uploads/position/20-pos-top40charts.png",
    "youTubeUrl": "http://www.youtube.com/results?search_query=Az%20Yet%20With%20Peter%20Cetera%20-%20Hard%20To%20Say%20I%27m%20Sorry",
    "artist": "Az Yet With Peter Cetera",
    "songTitle": "Hard To Say I'm Sorry"
},{
    "rank": "uploads/position/21-pos-top40charts.png",
    "youTubeUrl": "http://www.youtube.com/results?search_query=Notorious%20B.I.G.%20ft.%20Puff%20Daddy%20Mase%20-%20Mo%20Money",
    "artist": "Notorious B.I.G. ft. Puff Daddy & Mase",
    "songTitle": "Mo Money"
},{
    "rank": "uploads/position/22-pos-top40charts.png",
    "youTubeUrl": "http://www.youtube.com/results?search_query=Verve%20Pipe%20-%20Freshmen",
    "artist": "Verve Pipe",
    "songTitle": "Freshmen"
},{
    "rank": "uploads/position/23-pos-top40charts.png",
    "youTubeUrl": "http://www.youtube.com/results?search_query=Savage%20Garden%20-%20I%20Want%20You",
    "artist": "Savage Garden",
    "songTitle": "I Want You"
},{
    "rank": "uploads/position/24-pos-top40charts.png",
    "youTubeUrl": "http://www.youtube.com/results?search_query=Blackstreet%20ft.%20Dr.%20Dre%20-%20No%20Diggity",
    "artist": "Blackstreet ft. Dr. Dre",
    "songTitle": "No Diggity"
},{
    "rank": "uploads/position/25-pos-top40charts.png",
    "youTubeUrl": "http://www.youtube.com/results?search_query=Rome%20-%20I%20Belong%20To%20You%20(Every%20Time%20I%20See%20Your%20Face)",
    "artist": "Rome",
    "songTitle": "I Belong To You (Every Time I See Your Face)"
},{
    "rank": "uploads/position/26-pos-top40charts.png",
    "youTubeUrl": "http://www.youtube.com/results?search_query=Notorious%20B.I.G.%20-%20Hypnotize",
    "artist": "Notorious B.I.G.",
    "songTitle": "Hypnotize"
},{
    "rank": "uploads/position/27-pos-top40charts.png",
    "youTubeUrl": "http://www.youtube.com/results?search_query=Babyface%20Kenny%20G%20-%20Every%20Time%20I%20Close%20My%20Eyes",
    "artist": "Babyface & Kenny G",
    "songTitle": "Every Time I Close My Eyes"
},{
    "rank": "uploads/position/28-pos-top40charts.png",
    "youTubeUrl": "http://www.youtube.com/results?search_query=Dru%20Hill%20-%20In%20My%20Bed",
    "artist": "Dru Hill",
    "songTitle": "In My Bed"
},{
    "rank": "uploads/position/29-pos-top40charts.png",
    "youTubeUrl": "http://www.youtube.com/results?search_query=Spice%20Girls%20-%20Say%20You%27ll%20Be%20There",
    "artist": "Spice Girls",
    "songTitle": "Say You'll Be There"
},{
    "rank": "uploads/position/30-pos-top40charts.png",
    "youTubeUrl": "http://www.youtube.com/results?search_query=Robyn%20-%20Do%20You%20Know%20(What%20It%20Takes)",
    "artist": "Robyn",
    "songTitle": "Do You Know (What It Takes)"
},{
    "rank": "uploads/position/31-pos-top40charts.png",
    "youTubeUrl": "http://www.youtube.com/results?search_query=Boyz%20II%20Men%20-%204%20Seasons%20Of%20Loneliness",
    "artist": "Boyz II Men",
    "songTitle": "4 Seasons Of Loneliness"
},{
    "rank": "uploads/position/32-pos-top40charts.png",
    "youTubeUrl": "http://www.youtube.com/results?search_query=Changing%20Faces%20-%20G.H.E.T.T.O.U.T",
    "artist": "Changing Faces",
    "songTitle": "G.H.E.T.T.O.U.T"
},{
    "rank": "uploads/position/33-pos-top40charts.png",
    "youTubeUrl": "http://www.youtube.com/results?search_query=Mariah%20Carey%20-%20Honey",
    "artist": "Mariah Carey",
    "songTitle": "Honey"
},{
    "rank": "uploads/position/34-pos-top40charts.png",
    "youTubeUrl": "http://www.youtube.com/results?search_query=Whitney%20Houston%20-%20I%20Believe%20In%20You%20And%20Me",
    "artist": "Whitney Houston",
    "songTitle": "I Believe In You And Me"
},{
    "rank": "uploads/position/35-pos-top40charts.png",
    "youTubeUrl": "http://www.youtube.com/results?search_query=Freak%20Nasty%20-%20Da%27%20Dip",
    "artist": "Freak Nasty",
    "songTitle": "Da' Dip"
},{
    "rank": "uploads/position/36-pos-top40charts.png",
    "youTubeUrl": "http://www.youtube.com/results?search_query=Spice%20Girls%20-%202%20Become%201",
    "artist": "Spice Girls",
    "songTitle": "2 Become 1"
},{
    "rank": "uploads/position/37-pos-top40charts.png",
    "youTubeUrl": "http://www.youtube.com/results?search_query=Sister%20Hazel%20-%20All%20For%20You",
    "artist": "Sister Hazel",
    "songTitle": "All For You"
},{
    "rank": "uploads/position/38-pos-top40charts.png",
    "youTubeUrl": "http://www.youtube.com/results?search_query=Paula%20Cole%20-%20Where%20Have%20All%20The%20Cowboys%20Gone",
    "artist": "Paula Cole",
    "songTitle": "Where Have All The Cowboys Gone"
},{
    "rank": "uploads/position/39-pos-top40charts.png",
    "youTubeUrl": "http://www.youtube.com/results?search_query=Shawn%20Colvin%20-%20Sunny%20Come%20Home",
    "artist": "Shawn Colvin",
    "songTitle": "Sunny Come Home"
},{
    "rank": "uploads/position/40-pos-top40charts.png",
    "youTubeUrl": "http://www.youtube.com/results?search_query=Tim%20McGraw%20Faith%20Hill%20-%20Its%20Your%20Love",
    "artist": "Tim McGraw & Faith Hill",
    "songTitle": "Its Your Love"
}