{
    "rank": "uploads/position/1-pos-top40charts.png",
    "youTubeUrl": "http://www.youtube.com/results?search_query=Next%20-%20Too%20Close",
    "artist": "Next",
    "songTitle": "Too Close"
},{
    "rank": "uploads/position/2-pos-top40charts.png",
    "youTubeUrl": "http://www.youtube.com/results?search_query=Brandy%20Monica%20The%20Boy%20Is%20Mine",
    "artist": "Brandy & Monica",
    "songTitle": "The Boy Is Mine"
},{
    "rank": "uploads/position/3-pos-top40charts.png",
    "youTubeUrl": "http://www.youtube.com/results?search_query=Shania%20Twain%20You%27re%20Still%20The%20One",
    "artist": "Shania Twain",
    "songTitle": "You're Still The One"
},{
    "rank": "uploads/position/4-pos-top40charts.png",
    "youTubeUrl": "http://www.youtube.com/results?search_query=Savage%20Garden%20Truly%20Madly%20Deeply",
    "artist": "Savage Garden",
    "songTitle": "Truly Madly Deeply"
},{
    "rank": "uploads/position/5-pos-top40charts.png",
    "youTubeUrl": "http://www.youtube.com/results?search_query=Leann%20Rimes%20How%20Do%20I%20Live",
    "artist": "Leann Rimes",
    "songTitle": "How Do I Live"
},{
    "rank": "uploads/position/6-pos-top40charts.png",
    "youTubeUrl": "http://www.youtube.com/results?search_query=Janet%20Jackson%20Together%20Again",
    "artist": "Janet Jackson",
    "songTitle": "Together Again"
},{
    "rank": "uploads/position/7-pos-top40charts.png",
    "youTubeUrl": "http://www.youtube.com/results?search_query=KC%20Jo%20Jo%20All%20My%20Life",
    "artist": "KC & Jo Jo",
    "songTitle": "All My Life"
},{
    "rank": "uploads/position/8-pos-top40charts.png",
    "youTubeUrl": "http://www.youtube.com/results?search_query=Elton%20John%20Candle%20In%20The%20Wind",
    "artist": "Elton John",
    "songTitle": "Candle In The Wind (1997)"
},{
    "rank": "uploads/position/9-pos-top40charts.png",
    "youTubeUrl": "http://www.youtube.com/results?search_query=Usher%20Nice%20Slow",
    "artist": "Usher",
    "songTitle": "Nice & Slow"
},{
    "rank": "uploads/position/10-pos-top40charts.png",
    "youTubeUrl": "http://www.youtube.com/results?search_query=Paula%20Cole%20-%20I%20Dont%20Want%20To%20Wait",
    "artist": "Paula Cole",
    "songTitle": "I Dont Want To Wait"
},{
    "rank": "uploads/position/11-pos-top40charts.png",
    "youTubeUrl": "http://www.youtube.com/results?search_query=Third%20Eye%20Blind%20-%20How%27s%20It%20Going%20To%20Be",
    "artist": "Third Eye Blind",
    "songTitle": "How's It Going To Be"
},{
    "rank": "uploads/position/12-pos-top40charts.png",
    "youTubeUrl": "http://www.youtube.com/results?search_query=Destiny%27s%20Child%20-%20No,%20No,%20No",
    "artist": "Destiny's Child",
    "songTitle": "No, No, No"
},{
    "rank": "uploads/position/13-pos-top40charts.png",
    "youTubeUrl": "http://www.youtube.com/results?search_query=Celine%20Dion%20My%20Heart%20Will%20Go%20On",
    "artist": "Celine Dion",
    "songTitle": "My Heart Will Go On"
},{
    "rank": "uploads/position/14-pos-top40charts.png",
    "youTubeUrl": "http://www.youtube.com/results?search_query=Will%20Smith%20Gettin%27%20Jiggy%20Wit%20It",
    "artist": "Will Smith",
    "songTitle": "Gettin' Jiggy Wit It"
},{
    "rank": "uploads/position/15-pos-top40charts.png",
    "youTubeUrl": "http://www.youtube.com/results?search_query=Usher%20You%20Make%20Me%20Wanna",
    "artist": "Usher",
    "songTitle": "You Make Me Wanna"
},{
    "rank": "uploads/position/16-pos-top40charts.png",
    "youTubeUrl": "http://www.youtube.com/results?search_query=Usher%20My%20Way",
    "artist": "Usher",
    "songTitle": "My Way"
},{
    "rank": "uploads/position/17-pos-top40charts.png",
    "youTubeUrl": "http://www.youtube.com/results?search_query=Mariah%20Carey%20My%20All",
    "artist": "Mariah Carey",
    "songTitle": "My All"
},{
    "rank": "uploads/position/18-pos-top40charts.png",
    "youTubeUrl": "http://www.youtube.com/results?search_query=Monica%20-%20The%20First%20Night",
    "artist": "Monica",
    "songTitle": "The First Night"
},{
    "rank": "uploads/position/19-pos-top40charts.png",
    "youTubeUrl": "http://www.youtube.com/results?search_query=Puff%20Daddy%20And%20The%20Family%20-%20Been%20Around%20The%20World",
    "artist": "Puff Daddy And The Family",
    "songTitle": "Been Around The World"
},{
    "rank": "uploads/position/20-pos-top40charts.png",
    "youTubeUrl": "http://www.youtube.com/results?search_query=Sarah%20McLachlan%20Adia",
    "artist": "Sarah McLachlan",
    "songTitle": "Adie"
},{
    "rank": "uploads/position/21-pos-top40charts.png",
    "youTubeUrl": "http://www.youtube.com/results?search_query=Jennifer%20Paige%20Crush",
    "artist": "Jennifer Paige",
    "songTitle": "Crush"
},{
    "rank": "uploads/position/22-pos-top40charts.png",
    "youTubeUrl": "http://www.youtube.com/results?search_query=Backstreet%20Boys%20Everybody%20(Backstreets%20Back)",
    "artist": "Backstreet Boys",
    "songTitle": "Everybody (Backstreets Back)"
},{
    "rank": "uploads/position/23-pos-top40charts.png",
    "youTubeUrl": "http://www.youtube.com/results?search_query=Aerosmith%20I%20Don%27t%20Want%20To%20Miss%20A%20Thing",
    "artist": "Aerosmith",
    "songTitle": "I Don't Want To Miss A Thing"
},{
    "rank": "uploads/position/24-pos-top40charts.png",
    "youTubeUrl": "http://www.youtube.com/results?search_query=Public%20Announcement%20-%20Body%20Bumpin",
    "artist": "Public Announcement",
    "songTitle": "Body Bumpin"
},{
    "rank": "uploads/position/25-pos-top40charts.png",
    "youTubeUrl": "http://www.youtube.com/results?search_query=Faith%20Hill%20This%20Kiss",
    "artist": "Faith Hill",
    "songTitle": "This Kiss"
},{
    "rank": "uploads/position/26-pos-top40charts.png",
    "youTubeUrl": "http://www.youtube.com/results?search_query=Uncle%20Sam%20-%20I%20Don%27t%20Want%20To%20See%20You%20Again",
    "artist": "Uncle Sam",
    "songTitle": "I Don't Want To See You Again"
},{
    "rank": "uploads/position/27-pos-top40charts.png",
    "youTubeUrl": "http://www.youtube.com/results?search_query=Montell%20Jordan%20-%20Let%27s%20Ride",
    "artist": "Montell Jordan",
    "songTitle": "Let's Ride"
},{
    "rank": "uploads/position/28-pos-top40charts.png",
    "youTubeUrl": "http://www.youtube.com/results?search_query=Marcy%20Playground%20Sex%20And%20Candy",
    "artist": "Marcy Playground",
    "songTitle": "Sex And Candy"
},{
    "rank": "uploads/position/29-pos-top40charts.png",
    "youTubeUrl": "http://www.youtube.com/results?search_query=Robyn%20Show%20Me%20Love",
    "artist": "Robyn",
    "songTitle": "Show Me Love"
},{
    "rank": "uploads/position/30-pos-top40charts.png",
    "youTubeUrl": "http://www.youtube.com/results?search_query=Boyziimen%20A%20Song%20For%20Mama",
    "artist": "Boyziimen",
    "songTitle": "A Song For Mama"
},{
    "rank": "uploads/position/31-pos-top40charts.png",
    "youTubeUrl": "http://www.youtube.com/results?search_query=Mase%20-%20What%20You%20Want",
    "artist": "Mase",
    "songTitle": "What You Want"
},{
    "rank": "uploads/position/32-pos-top40charts.png",
    "youTubeUrl": "http://www.youtube.com/results?search_query=Madonna%20Frozen",
    "artist": "Madonna",
    "songTitle": "Frozen"
},{
    "rank": "uploads/position/33-pos-top40charts.png",
    "youTubeUrl": "http://www.youtube.com/results?search_query=Wyclef%20Jean%20-%20Gone%20Till%20November",
    "artist": "Wyclef Jean",
    "songTitle": "Gone Till November"
},{
    "rank": "uploads/position/34-pos-top40charts.png",
    "youTubeUrl": "http://www.youtube.com/results?search_query=Lsg%20-%20My%20Body",
    "artist": "Lsg",
    "songTitle": "My Body"
},{
    "rank": "uploads/position/35-pos-top40charts.png",
    "youTubeUrl": "http://www.youtube.com/results?search_query=Chumbawamba%20-%20Tubthumping",
    "artist": "Chumbawamba",
    "songTitle": "Tubthumping"
},{
    "rank": "uploads/position/36-pos-top40charts.png",
    "youTubeUrl": "http://www.youtube.com/results?search_query=Lord%20Tariq%20Peter%20Gunz%20-%20Deja%20Vu%20(Uptown%20Baby)",
    "artist": "Lord Tariq & Peter Gunz",
    "songTitle": "Deja Vu (Uptown Baby)"
},{
    "rank": "uploads/position/37-pos-top40charts.png",
    "youTubeUrl": "http://www.youtube.com/results?search_query=n%20Sync%20I%20Want%20You%20Back",
    "artist": "'n Sync",
    "songTitle": "I Want You Back"
},{
    "rank": "uploads/position/38-pos-top40charts.png",
    "youTubeUrl": "http://www.youtube.com/results?search_query=Five%20When%20The%20Lights%20Go%20Out",
    "artist": "Five",
    "songTitle": "When The Lights Go Out"
},{
    "rank": "uploads/position/39-pos-top40charts.png",
    "youTubeUrl": "http://www.youtube.com/results?search_query=Jon%20B%20-%20They%20Dont%20Know",
    "artist": "Jon B",
    "songTitle": "They Dont Know"
},{
    "rank": "uploads/position/40-pos-top40charts.png",
    "youTubeUrl": "http://www.youtube.com/results?search_query=Master%20P%20-%20Make%20Em%27%20Say%20Uhh",
    "artist": "Master P",
    "songTitle": "Make Em' Say Uhh"
}