{
    "rank": "uploads/position/1-pos-top40charts.png",
    "youTubeUrl": "http://www.youtube.com/results?search_query=Cher%20-%20Believe",
    "artist": "Cher",
    "songTitle": "Believe"
},{
    "rank": "uploads/position/2-pos-top40charts.png",
    "youTubeUrl": "http://www.youtube.com/results?search_query=Tlc%20-%20No%20Scrubs",
    "artist": "Tlc",
    "songTitle": "No Scrubs"
},{
    "rank": "uploads/position/3-pos-top40charts.png",
    "youTubeUrl": "http://www.youtube.com/results?search_query=Monica%20-%20Angel%20Of%20Mine",
    "artist": "Monica",
    "songTitle": "Angel Of Mine"
},{
    "rank": "uploads/position/4-pos-top40charts.png",
    "youTubeUrl": "http://www.youtube.com/results?search_query=Whitney%20Evans%20Kelly%20-%20Heartbreak%20Hotel",
    "artist": "Whitney & Evans & Kelly",
    "songTitle": "Heartbreak Hotel"
},{
    "rank": "uploads/position/5-pos-top40charts.png",
    "youTubeUrl": "http://www.youtube.com/results?search_query=Britney%20Spears%20-%20Baby,%20One%20More%20Time",
    "artist": "Britney Spears",
    "songTitle": "Baby, One More Time"
},{
    "rank": "uploads/position/6-pos-top40charts.png",
    "youTubeUrl": "http://www.youtube.com/results?search_query=Six%20Pence%20None%20The%20Richer%20-%20Kiss%20Me",
    "artist": "Six Pence None The Richer",
    "songTitle": "Kiss Me"
},{
    "rank": "uploads/position/7-pos-top40charts.png",
    "youTubeUrl": "http://www.youtube.com/results?search_query=Christina%20Aguilera%20-%20Genie%20In%20A%20Bottle",
    "artist": "Christina Aguilera",
    "songTitle": "Genie In A Bottle"
},{
    "rank": "uploads/position/8-pos-top40charts.png",
    "youTubeUrl": "http://www.youtube.com/results?search_query=Sugar%20Ray%20-%20Every%20Morning",
    "artist": "Sugar Ray",
    "songTitle": "Every Morning"
},{
    "rank": "uploads/position/9-pos-top40charts.png",
    "youTubeUrl": "http://www.youtube.com/results?search_query=Deborah%20Cox%20-%20Nobody%27s%20Supposed%20To%20Be%20Here",
    "artist": "Deborah Cox",
    "songTitle": "Nobody's Supposed To Be Here"
},{
    "rank": "uploads/position/10-pos-top40charts.png",
    "youTubeUrl": "http://www.youtube.com/results?search_query=Ricky%20Martin%20Livin%27%20La%20Vida%20Loca",
    "artist": "Ricky Martin",
    "songTitle": "Livin' La Vida Loca"
},{
    "rank": "uploads/position/11-pos-top40charts.png",
    "youTubeUrl": "http://www.youtube.com/results?search_query=702%20-%20Where%20My%20Girls%20At",
    "artist": "702",
    "songTitle": "Where My Girls At"
},{
    "rank": "uploads/position/12-pos-top40charts.png",
    "youTubeUrl": "http://www.youtube.com/results?search_query=Jennifer%20Lopez%20-%20If%20You%20Had%20My%20Love",
    "artist": "Jennifer Lopez",
    "songTitle": "If You Had My Love"
},{
    "rank": "uploads/position/13-pos-top40charts.png",
    "youTubeUrl": "http://www.youtube.com/results?search_query=Goo%20Goo%20Dolls%20-%20Slide",
    "artist": "Goo Goo Dolls",
    "songTitle": "Slide"
},{
    "rank": "uploads/position/14-pos-top40charts.png",
    "youTubeUrl": "http://www.youtube.com/results?search_query=Brandy%20-%20Have%20You%20Ever",
    "artist": "Brandy",
    "songTitle": "Have You Ever"
},{
    "rank": "uploads/position/15-pos-top40charts.png",
    "youTubeUrl": "http://www.youtube.com/results?search_query=Backstreet%20Boys%20-%20I%20Want%20It%20That%20Way",
    "artist": "Backstreet Boys",
    "songTitle": "I Want It That Way"
},{
    "rank": "uploads/position/16-pos-top40charts.png",
    "youTubeUrl": "http://www.youtube.com/results?search_query=R.Kelly%20duet%20Celine%20Dion%20-%20I%27m%20Your%20Angel",
    "artist": "R.Kelly Duet & Celine Dion",
    "songTitle": "I'm Your Angel"
},{
    "rank": "uploads/position/17-pos-top40charts.png",
    "youTubeUrl": "http://www.youtube.com/results?search_query=Smash%20Mouth%20-%20All%20Star",
    "artist": "Smash Mouth",
    "songTitle": "All Star"
},{
    "rank": "uploads/position/18-pos-top40charts.png",
    "youTubeUrl": "http://www.youtube.com/results?search_query=Sarah%20McLachlan%20-%20Angel",
    "artist": "Sarah McLachlan",
    "songTitle": "Angel"
},{
    "rank": "uploads/position/19-pos-top40charts.png",
    "youTubeUrl": "http://www.youtube.com/results?search_query=Santana%20And%20Rob%20Thomas%20-%20Smooth",
    "artist": "Santana And Rob Thomas",
    "songTitle": "Smooth"
},{
    "rank": "uploads/position/20-pos-top40charts.png",
    "youTubeUrl": "http://www.youtube.com/results?search_query=Tlc%20-%20Unpretty",
    "artist": "Tlc",
    "songTitle": "Unpretty"
},{
    "rank": "uploads/position/21-pos-top40charts.png",
    "youTubeUrl": "http://www.youtube.com/results?search_query=Destiny%27s%20Child%20-%20Bills,%20Bills,%20Bills",
    "artist": "Destiny's Child",
    "songTitle": "Bills, Bills, Bills"
},{
    "rank": "uploads/position/22-pos-top40charts.png",
    "youTubeUrl": "http://www.youtube.com/results?search_query=Eagle%20Eye%20Cherry%20-%20Save%20Tonight",
    "artist": "Eagle Eye Cherry",
    "songTitle": "Save Tonight"
},{
    "rank": "uploads/position/23-pos-top40charts.png",
    "youTubeUrl": "http://www.youtube.com/results?search_query=Pearl%20Jam%20-%20Last%20Kiss",
    "artist": "Pearl Jam",
    "songTitle": "Last Kiss"
},{
    "rank": "uploads/position/24-pos-top40charts.png",
    "youTubeUrl": "http://www.youtube.com/results?search_query=Maxwell%20-%20Fortunate",
    "artist": "Maxwell",
    "songTitle": "Fortunate"
},{
    "rank": "uploads/position/25-pos-top40charts.png",
    "youTubeUrl": "http://www.youtube.com/results?search_query=Backstreet%20Boys%20-%20All%20I%20Have%20To%20Give",
    "artist": "Backstreet Boys",
    "songTitle": "All I Have To Give"
},{
    "rank": "uploads/position/26-pos-top40charts.png",
    "youTubeUrl": "http://www.youtube.com/results?search_query=Enrique%20Iglesias%20-%20Bailamos",
    "artist": "Enrique Iglesias",
    "songTitle": "Bailamos"
},{
    "rank": "uploads/position/27-pos-top40charts.png",
    "youTubeUrl": "http://www.youtube.com/results?search_query=Busta%20Rhymes%20Janet%20-%20What%27s%20It%20Gonna%20Be",
    "artist": "Busta Rhymes & Janet",
    "songTitle": "What's It Gonna Be"
},{
    "rank": "uploads/position/28-pos-top40charts.png",
    "youTubeUrl": "http://www.youtube.com/results?search_query=Everlast%20-%20What%20It%27s%20Like",
    "artist": "Everlast",
    "songTitle": "What It's Like"
},{
    "rank": "uploads/position/29-pos-top40charts.png",
    "youTubeUrl": "http://www.youtube.com/results?search_query=Lenny%20Kravitz%20-%20Fly%20Away",
    "artist": "Lenny Kravitz",
    "songTitle": "Fly Away"
},{
    "rank": "uploads/position/30-pos-top40charts.png",
    "youTubeUrl": "http://www.youtube.com/results?search_query=Sugar%20Ray%20-%20Someday",
    "artist": "Sugar Ray",
    "songTitle": "Someday"
},{
    "rank": "uploads/position/31-pos-top40charts.png",
    "youTubeUrl": "http://www.youtube.com/results?search_query=Divine%20-%20Lately",
    "artist": "Divine",
    "songTitle": "Lately"
},{
    "rank": "uploads/position/32-pos-top40charts.png",
    "youTubeUrl": "http://www.youtube.com/results?search_query=Shania%20Twain%20-%20That%20Don%27t%20Impress%20Me%20Much",
    "artist": "Shania Twain",
    "songTitle": "That Don't Impress Me Much"
},{
    "rank": "uploads/position/33-pos-top40charts.png",
    "youTubeUrl": "http://www.youtube.com/results?search_query=Will%20Smith%20Druhill%20Koolmoe%20-%20Wildwildwest",
    "artist": "Will Smith & Druhill & Koolmoe",
    "songTitle": "Wildwildwest"
},{
    "rank": "uploads/position/34-pos-top40charts.png",
    "youTubeUrl": "http://www.youtube.com/results?search_query=Red%20Hot%20Chili%20Peppers%20-%20Scar%20Tissue",
    "artist": "Red Hot Chili Peppers",
    "songTitle": "Scar Tissue"
},{
    "rank": "uploads/position/35-pos-top40charts.png",
    "youTubeUrl": "http://www.youtube.com/results?search_query=Mariah%20Carey%20Jay%20Z%20-%20Heartbreaker",
    "artist": "Mariah Carey & Jay Z",
    "songTitle": "Heartbreaker"
},{
    "rank": "uploads/position/36-pos-top40charts.png",
    "youTubeUrl": "http://www.youtube.com/results?search_query=Mariah%20Carey%20-%20I%20Still%20Believe",
    "artist": "Mariah Carey",
    "songTitle": "I Still Believe"
},{
    "rank": "uploads/position/37-pos-top40charts.png",
    "youTubeUrl": "http://www.youtube.com/results?search_query=98%20Degrees%20-%20Hardest%20Thing",
    "artist": "98 Degrees",
    "songTitle": "Hardest Thing"
},{
    "rank": "uploads/position/38-pos-top40charts.png",
    "youTubeUrl": "http://www.youtube.com/results?search_query=Lfo%20-%20Summer%20Girls",
    "artist": "Lfo",
    "songTitle": "Summer Girls"
},{
    "rank": "uploads/position/39-pos-top40charts.png",
    "youTubeUrl": "http://www.youtube.com/results?search_query=Jay%20-%20Z%20Amil%20&%20Ja%20Rule%20-%20Can%20I%20Get",
    "artist": "Jay Z & Amil & Ja Rule",
    "songTitle": "Can I Get"
},{
    "rank": "uploads/position/40-pos-top40charts.png",
    "youTubeUrl": "http://www.youtube.com/results?search_query=Third%20Eye%20Blind%20-%20Jumper",
    "artist": "Third Eye Blind",
    "songTitle": "Jumper"
}