{
    "rank": "uploads/position/1-pos-top40charts.png",
    "youTubeUrl": "http://www.youtube.com/results?search_query=Faith%20Hill%20-%20Breathe",
    "artist": "Faith Hill",
    "songTitle": "Breathe"
},{
    "rank": "uploads/position/2-pos-top40charts.png",
    "youTubeUrl": "http://www.youtube.com/results?search_query=Santana%20Rob%20Thomas%20-%20Smooth",
    "artist": "Santana & Rob Thomas",
    "songTitle": "Smooth"
},{
    "rank": "uploads/position/3-pos-top40charts.png",
    "youTubeUrl": "http://www.youtube.com/results?search_query=Santana%20The%20Product%20G%20B%20-%20Maria%20Maria",
    "artist": "Santana & The Product G & B",
    "songTitle": "Maria Maria"
},{
    "rank": "uploads/position/4-pos-top40charts.png",
    "youTubeUrl": "http://www.youtube.com/results?search_query=Joe%20-%20I%20Wanna%20Know",
    "artist": "Joe",
    "songTitle": "I Wanna Know"
},{
    "rank": "uploads/position/5-pos-top40charts.png",
    "youTubeUrl": "http://www.youtube.com/results?search_query=Vertical%20Horizon%20-%20Everything%20You%20Want",
    "artist": "Vertical Horizon",
    "songTitle": "Everything You Want"
},{
    "rank": "uploads/position/6-pos-top40charts.png",
    "youTubeUrl": "http://www.youtube.com/results?search_query=Destiny%27s%20Child%20-%20Say%20My%20Name",
    "artist": "Destiny's Child",
    "songTitle": "Say My Name"
},{
    "rank": "uploads/position/7-pos-top40charts.png",
    "youTubeUrl": "http://www.youtube.com/results?search_query=Savage%20Garden%20-%20I%20Knew%20I%20Loved%20You",
    "artist": "Savage Garden",
    "songTitle": "I Knew I Loved You"
},{
    "rank": "uploads/position/8-pos-top40charts.png",
    "youTubeUrl": "http://www.youtube.com/results?search_query=Lonestar%20-%20Amazed",
    "artist": "Lonestar",
    "songTitle": "Amazed"
},{
    "rank": "uploads/position/9-pos-top40charts.png",
    "youTubeUrl": "http://www.youtube.com/results?search_query=Matchbox%20Twenty%20-%20Bent",
    "artist": "Matchbox Twenty",
    "songTitle": "Bent"
},{
    "rank": "uploads/position/10-pos-top40charts.png",
    "youTubeUrl": "http://www.youtube.com/results?search_query=Toni%20Braxton%20-%20He%20Wasn%27t%20Man%20Enough",
    "artist": "Toni Braxton",
    "songTitle": "He Wasn't Man Enough"
},{
    "rank": "uploads/position/11-pos-top40charts.png",
    "youTubeUrl": "http://www.youtube.com/results?search_query=Creed%20-%20Higher",
    "artist": "Creed",
    "songTitle": "Higher"
},{
    "rank": "uploads/position/12-pos-top40charts.png",
    "youTubeUrl": "http://www.youtube.com/results?search_query=Aaliyah%20-%20Try%20Again",
    "artist": "Aaliyah",
    "songTitle": "Try Again"
},{
    "rank": "uploads/position/13-pos-top40charts.png",
    "youTubeUrl": "http://www.youtube.com/results?search_query=Destiny%27s%20Child%20-%20Jumpin,%20Jumpin",
    "artist": "Destiny's Child",
    "songTitle": "Jumpin, Jumpin"
},{
    "rank": "uploads/position/14-pos-top40charts.png",
    "youTubeUrl": "http://www.youtube.com/results?search_query=Sisqo%20-%20Thong%20Song",
    "artist": "Sisqo",
    "songTitle": "Thong Song"
},{
    "rank": "uploads/position/15-pos-top40charts.png",
    "youTubeUrl": "http://www.youtube.com/results?search_query=Doors%20Down%20-%20Kryptonite",
    "artist": "Doors Down",
    "songTitle": "Kryptonite"
},{
    "rank": "uploads/position/16-pos-top40charts.png",
    "youTubeUrl": "http://www.youtube.com/results?search_query=Pink%20-%20There%20You%20Go",
    "artist": "Pink",
    "songTitle": "There You Go"
},{
    "rank": "uploads/position/17-pos-top40charts.png",
    "youTubeUrl": "http://www.youtube.com/results?search_query=Madonna%20-%20Music",
    "artist": "Madonna",
    "songTitle": "Music"
},{
    "rank": "uploads/position/18-pos-top40charts.png",
    "youTubeUrl": "http://www.youtube.com/results?search_query=Janet%20Jackson%20-%20Doesnt%20Really%20Matter",
    "artist": "Janet Jackson",
    "songTitle": "Doesnt Really Matter"
},{
    "rank": "uploads/position/19-pos-top40charts.png",
    "youTubeUrl": "http://www.youtube.com/results?search_query=Christina%20Aguilera%20-%20What%20A%20Girl%20Wants",
    "artist": "Christina Aguilera",
    "songTitle": "What A Girl Wants"
},{
    "rank": "uploads/position/20-pos-top40charts.png",
    "youTubeUrl": "http://www.youtube.com/results?search_query=Brian%20McKnight%20-%20Back%20At%20One",
    "artist": "Brian McKnight",
    "songTitle": "Back At One"
},{
    "rank": "uploads/position/21-pos-top40charts.png",
    "youTubeUrl": "http://www.youtube.com/results?search_query=n%20Sync%20-%20Bye%20Bye%20Bye",
    "artist": "n Sync",
    "songTitle": "Bye Bye Bye"
},{
    "rank": "uploads/position/22-pos-top40charts.png",
    "youTubeUrl": "http://www.youtube.com/results?search_query=Marc%20Anthony%20-%20You%20Sang%20To%20Me",
    "artist": "Marc Anthony",
    "songTitle": "You Sang To Me"
},{
    "rank": "uploads/position/23-pos-top40charts.png",
    "youTubeUrl": "http://www.youtube.com/results?search_query=Marc%20Anthony%20-%20I%20Need%20To%20Know",
    "artist": "Marc Anthony",
    "songTitle": "I Need To Know"
},{
    "rank": "uploads/position/24-pos-top40charts.png",
    "youTubeUrl": "http://www.youtube.com/results?search_query=Montell%20Jordan%20-%20Get%20It%20On%20Tonite",
    "artist": "Montell Jordan",
    "songTitle": "Get It On Tonite"
},{
    "rank": "uploads/position/25-pos-top40charts.png",
    "youTubeUrl": "http://www.youtube.com/results?search_query=Sisqo%20-%20Incomplete",
    "artist": "Sisqo",
    "songTitle": "Incomplete"
},{
    "rank": "uploads/position/26-pos-top40charts.png",
    "youTubeUrl": "http://www.youtube.com/results?search_query=Macy%20Gray%20-%20I%20Try",
    "artist": "Macy Gray",
    "songTitle": "I Try"
},{
    "rank": "uploads/position/27-pos-top40charts.png",
    "youTubeUrl": "http://www.youtube.com/results?search_query=n%20Sync%20-%20It%27s%20Gonna%20Be%20Me",
    "artist": "n Sync",
    "songTitle": "It's Gonna Be Me"
},{
    "rank": "uploads/position/28-pos-top40charts.png",
    "youTubeUrl": "http://www.youtube.com/results?search_query=Celine%20Dion%20-%20That%27s%20The%20Way%20It%20Is",
    "artist": "Celine Dion",
    "songTitle": "That's The Way It Is"
},{
    "rank": "uploads/position/29-pos-top40charts.png",
    "youTubeUrl": "http://www.youtube.com/results?search_query=Nelly%20-%20(Hot%20Sh!T)%20Country%20Grammar",
    "artist": "Nelly",
    "songTitle": "Country Grammar"
},{
    "rank": "uploads/position/30-pos-top40charts.png",
    "youTubeUrl": "http://www.youtube.com/results?search_query=Blaque%20-%20Bring%20It%20All%20To%20Me",
    "artist": "Blaque",
    "songTitle": "Bring It All To Me"
},{
    "rank": "uploads/position/31-pos-top40charts.png",
    "youTubeUrl": "http://www.youtube.com/results?search_query=Backstreet%20Boys%20-%20Show%20Me%20The%20Meaning%20Of%20Being%20Lonely",
    "artist": "Backstreet Boys",
    "songTitle": "Show Me The Meaning Of Being Lonely"
},{
    "rank": "uploads/position/32-pos-top40charts.png",
    "youTubeUrl": "http://www.youtube.com/results?search_query=Missy%20Misdemeanor%20Elliott%20Nas,%20Eve,%20Q",
    "artist": "Missy Misdemeanor",
    "songTitle": "Elliott & Nas, Eve, & Q"
},{
    "rank": "uploads/position/33-pos-top40charts.png",
    "youTubeUrl": "http://www.youtube.com/results?search_query=Bbmak%20-%20Back%20Here",
    "artist": "Bbmak",
    "songTitle": "Back Here"
},{
    "rank": "uploads/position/34-pos-top40charts.png",
    "youTubeUrl": "http://www.youtube.com/results?search_query=Sonique%20-%20It%20Feels%20So%20Good",
    "artist": "Sonique",
    "songTitle": "It Feels So Good"
},{
    "rank": "uploads/position/35-pos-top40charts.png",
    "youTubeUrl": "http://www.youtube.com/results?search_query=Nine%20Days%20-%20Absolutely%20(Story%20Of%20A%20Girl)",
    "artist": "Nine Days",
    "songTitle": "Absolutely (Story Of A Girl)"
},{
    "rank": "uploads/position/36-pos-top40charts.png",
    "youTubeUrl": "http://www.youtube.com/results?search_query=Creed%20-%20With%20Arms%20Wide%20Open",
    "artist": "Creed",
    "songTitle": "With Arms Wide Open"
},{
    "rank": "uploads/position/37-pos-top40charts.png",
    "youTubeUrl": "http://www.youtube.com/results?search_query=Enrique%20Iglesias%20-%20Be%20With%20You",
    "artist": "Enrique Iglesias",
    "songTitle": "Be With You"
},{
    "rank": "uploads/position/38-pos-top40charts.png",
    "youTubeUrl": "http://www.youtube.com/results?search_query=Christina%20Aguilera%20-%20Come%20On%20Over%20Baby",
    "artist": "Christina Aguilera",
    "songTitle": "Come On Over Baby"
},{
    "rank": "uploads/position/39-pos-top40charts.png",
    "youTubeUrl": "http://www.youtube.com/results?search_query=Ruff%20Endz%20-%20No%20More",
    "artist": "Ruff Endz",
    "songTitle": "No More"
},{
    "rank": "uploads/position/40-pos-top40charts.png",
    "youTubeUrl": "http://www.youtube.com/results?search_query=Blink%20-%20182%20-%20All%20The%20Small%20Things",
    "artist": "Blink  182",
    "songTitle": "All The Small Things"
}