{
    "rank": "uploads/position/1-pos-top40charts.png",
    "youTubeUrl": "http://www.youtube.com/results?search_query=Safri%20Duo%20-%20Played%20A%20Live",
    "artist": "Safri Duo",
    "songTitle": "Played A Live"
},{
    "rank": "uploads/position/2-pos-top40charts.png",
    "youTubeUrl": "http://www.youtube.com/results?search_query=Alicia%20Keys%20-%20Fallin",
    "artist": "Alicia Keys",
    "songTitle": "Fallin'"
},{
    "rank": "uploads/position/3-pos-top40charts.png",
    "youTubeUrl": "http://www.youtube.com/results?search_query=Atomic%20Kitten%20-%20Whole%20Again",
    "artist": "Atomic Kitten",
    "songTitle": "Whole Again"
},{
    "rank": "uploads/position/4-pos-top40charts.png",
    "youTubeUrl": "http://www.youtube.com/results?search_query=Train%20-%20Drops%20Of%20Jupiter%20(Tell%20Me)",
    "artist": "Train",
    "songTitle": "Drops Of Jupiter (Tell Me)"
},{
    "rank": "uploads/position/5-pos-top40charts.png",
    "youTubeUrl": "http://www.youtube.com/results?search_query=Kylie%20Minogue%20-%20Can%27t%20Get%20You%20Out%20Of%20My%20Head",
    "artist": "Kylie Minogue",
    "songTitle": "Can't Get You Out Of My Head"
},{
    "rank": "uploads/position/6-pos-top40charts.png",
    "youTubeUrl": "http://www.youtube.com/results?search_query=Aliz%C3%A9E%20-%20Moi...Lolita",
    "artist": "AlizéE",
    "songTitle": "Moi...Lolita"
},{
    "rank": "uploads/position/7-pos-top40charts.png",
    "youTubeUrl": "http://www.youtube.com/results?search_query=Shaggy%20-%20It%20Wasn%27t%20Me",
    "artist": "Shaggy",
    "songTitle": "It Wasn't Me"
},{
    "rank": "uploads/position/8-pos-top40charts.png",
    "youTubeUrl": "http://www.youtube.com/results?search_query=Def%20Rhymz%20-%20Puf%20(Schudden)",
    "artist": "Def Rhymz",
    "songTitle": "Puf (Schudden)"
},{
    "rank": "uploads/position/9-pos-top40charts.png",
    "youTubeUrl": "http://www.youtube.com/results?search_query=Shaggy%20-%20Angel",
    "artist": "Shaggy",
    "songTitle": "Angel"
},{
    "rank": "uploads/position/10-pos-top40charts.png",
    "youTubeUrl": "http://www.youtube.com/results?search_query=Judith%20-%20You",
    "artist": "Judith",
    "songTitle": "You"
},{
    "rank": "uploads/position/11-pos-top40charts.png",
    "youTubeUrl": "http://www.youtube.com/results?search_query=Eve%20ft.%20Gwen%20Stefani%20-%20Let%20Me%20Blow%20Ya%20Mind",
    "artist": "Eve ft. Gwen Stefani",
    "songTitle": "Let Me Blow Ya Mind"
},{
    "rank": "uploads/position/12-pos-top40charts.png",
    "youTubeUrl": "http://www.youtube.com/results?search_query=Reamonn%20-%20Supergirl",
    "artist": "Reamonn",
    "songTitle": "Supergirl"
},{
    "rank": "uploads/position/13-pos-top40charts.png",
    "youTubeUrl": "http://www.youtube.com/results?search_query=Jennifer%20Lopez%20-%20Ain%27t%20It%20Funny",
    "artist": "Jennifer Lopez",
    "songTitle": "Ain't It Funny"
},{
    "rank": "uploads/position/14-pos-top40charts.png",
    "youTubeUrl": "http://www.youtube.com/results?search_query=Crazytown%20-%20Butterfly",
    "artist": "Crazytown",
    "songTitle": "Butterfly"
},{
    "rank": "uploads/position/15-pos-top40charts.png",
    "youTubeUrl": "http://www.youtube.com/results?search_query=Barthezz%20-%20On%20The%20Move",
    "artist": "Barthezz",
    "songTitle": "On The Move"
},{
    "rank": "uploads/position/16-pos-top40charts.png",
    "youTubeUrl": "http://www.youtube.com/results?search_query=Faithless%20-%20We%20Come%20One",
    "artist": "Faithless",
    "songTitle": "We Come One"
},{
    "rank": "uploads/position/17-pos-top40charts.png",
    "youTubeUrl": "http://www.youtube.com/results?search_query=Lasgo%20-%20Something",
    "artist": "Lasgo",
    "songTitle": "Something"
},{
    "rank": "uploads/position/18-pos-top40charts.png",
    "youTubeUrl": "http://www.youtube.com/results?search_query=Mary%20J.%20Blige%20-%20Family%20Affair",
    "artist": "Mary J. Blige",
    "songTitle": "Family Affair"
},{
    "rank": "uploads/position/19-pos-top40charts.png",
    "youTubeUrl": "http://www.youtube.com/results?search_query=Spooks%20-%20Things%20I%27ve%20Seen",
    "artist": "Spooks",
    "songTitle": "Things I've Seen"
},{
    "rank": "uploads/position/20-pos-top40charts.png",
    "youTubeUrl": "http://www.youtube.com/results?search_query=U2%20-%20Elevation",
    "artist": "U2",
    "songTitle": "Elevation"
},{
    "rank": "uploads/position/21-pos-top40charts.png",
    "youTubeUrl": "http://www.youtube.com/results?search_query=Dante%20Thomas%20ft.%20Pras%20-%20Miss%20California",
    "artist": "Dante Thomas ft. Pras",
    "songTitle": "Miss California"
},{
    "rank": "uploads/position/22-pos-top40charts.png",
    "youTubeUrl": "http://www.youtube.com/results?search_query=Birgit%20-%20I%20Know",
    "artist": "Birgit",
    "songTitle": "I Know"
},{
    "rank": "uploads/position/23-pos-top40charts.png",
    "youTubeUrl": "http://www.youtube.com/results?search_query=Delerium%20ft.%20Sarah%20McLachlan%20-%20Silence",
    "artist": "Delerium ft. Sarah McLachlan",
    "songTitle": "Silence"
},{
    "rank": "uploads/position/24-pos-top40charts.png",
    "youTubeUrl": "http://www.youtube.com/results?search_query=Christina%20Aguilera,%20Lil%27%20Kim,%20Mya%20Pink%20-%20Lady%20Marmalade",
    "artist": "Christina Aguilera, Lil' Kim, Mya & Pink",
    "songTitle": "Lady Marmalade"
},{
    "rank": "uploads/position/25-pos-top40charts.png",
    "youTubeUrl": "http://www.youtube.com/results?search_query=Nelly%20Furtado%20-%20I%27m%20Like%20A%20Bird",
    "artist": "Nelly Furtado",
    "songTitle": "I'm Like A Bird"
},{
    "rank": "uploads/position/26-pos-top40charts.png",
    "youTubeUrl": "http://www.youtube.com/results?search_query=Poema%27s%20-%20Zij%20Maakt%20Het%20Verschil",
    "artist": "Poema's",
    "songTitle": "Zij Maakt Het Verschil"
},{
    "rank": "uploads/position/27-pos-top40charts.png",
    "youTubeUrl": "http://www.youtube.com/results?search_query=Gigi%20D%27agostino%20-%20La%20Passion",
    "artist": "Gigi D'agostino",
    "songTitle": "La Passion"
},{
    "rank": "uploads/position/28-pos-top40charts.png",
    "youTubeUrl": "http://www.youtube.com/results?search_query=Jennifer%20Lopez%20-%20Love%20Don%27t%20Cost%20A%20Thing",
    "artist": "Jennifer Lopez",
    "songTitle": "Love Don't Cost A Thing"
},{
    "rank": "uploads/position/29-pos-top40charts.png",
    "youTubeUrl": "http://www.youtube.com/results?search_query=Faith%20Hill%20-%20There%20You%27ll%20Be",
    "artist": "Faith Hill",
    "songTitle": "There You'll Be"
},{
    "rank": "uploads/position/30-pos-top40charts.png",
    "youTubeUrl": "http://www.youtube.com/results?search_query=Destiny%27s%20Child%20-%20Survivor",
    "artist": "Destiny's Child",
    "songTitle": "Survivor"
},{
    "rank": "uploads/position/31-pos-top40charts.png",
    "youTubeUrl": "http://www.youtube.com/results?search_query=Nelly%20Furtado%20-%20Turn%20Off%20The%20Light",
    "artist": "Nelly Furtado",
    "songTitle": "Turn Off The Light"
},{
    "rank": "uploads/position/32-pos-top40charts.png",
    "youTubeUrl": "http://www.youtube.com/results?search_query=Twarres%20-%20She%20Couldn%27t%20Laugh",
    "artist": "Twarres",
    "songTitle": "She Couldn't Laugh"
},{
    "rank": "uploads/position/33-pos-top40charts.png",
    "youTubeUrl": "http://www.youtube.com/results?search_query=Nelly%20-%20Ride%20Wit%20Me",
    "artist": "Nelly",
    "songTitle": "Ride Wit Me"
},{
    "rank": "uploads/position/34-pos-top40charts.png",
    "youTubeUrl": "http://www.youtube.com/results?search_query=Outkast%20-%20Ms.%20Jackson",
    "artist": "Outkast",
    "songTitle": "Ms. Jackson"
},{
    "rank": "uploads/position/35-pos-top40charts.png",
    "youTubeUrl": "http://www.youtube.com/results?search_query=Live%20-%20Overcome",
    "artist": "Live",
    "songTitle": "Overcome"
},{
    "rank": "uploads/position/36-pos-top40charts.png",
    "youTubeUrl": "http://www.youtube.com/results?search_query=Son%20By%20Four%20-%20Purest%20Of%20Pain%20(A%20Puro%20Dolor)",
    "artist": "Son By Four",
    "songTitle": "Purest Of Pain (A Puro Dolor)"
},{
    "rank": "uploads/position/37-pos-top40charts.png",
    "youTubeUrl": "http://www.youtube.com/results?search_query=Gabrielle%20-%20Out%20Of%20Reach",
    "artist": "Gabrielle",
    "songTitle": "Out Of Reach"
},{
    "rank": "uploads/position/38-pos-top40charts.png",
    "youTubeUrl": "http://www.youtube.com/results?search_query=Titiyo%20-%20Come%20Along",
    "artist": "Titiyo",
    "songTitle": "Come Along"
},{
    "rank": "uploads/position/39-pos-top40charts.png",
    "youTubeUrl": "http://www.youtube.com/results?search_query=Geri%20Halliwell%20-%20It%27s%20Raining%20Men",
    "artist": "Geri Halliwell",
    "songTitle": "It's Raining Men"
},{
    "rank": "uploads/position/40-pos-top40charts.png",
    "youTubeUrl": "http://www.youtube.com/results?search_query=Alien%20Ant%20Farm%20-%20Smooth%20Criminal",
    "artist": "Alien Ant Farm",
    "songTitle": "Smooth Criminal"
}