{
    "rank": "uploads/position/1-pos-top40charts.png",
    "youTubeUrl": "http://www.youtube.com/results?search_query=Nickelback%20How%20You%20Remind%20Me",
    "artist": "Nickelback",
    "songTitle": "How You Remind Me"
},{
    "rank": "uploads/position/2-pos-top40charts.png",
    "youTubeUrl": "http://www.youtube.com/results?search_query=Ashanti%20Foolish",
    "artist": "Ashanti",
    "songTitle": "Foolish"
},{
    "rank": "uploads/position/3-pos-top40charts.png",
    "youTubeUrl": "http://www.youtube.com/results?search_query=Nelly%20Hot%20In%20Here",
    "artist": "Nelly",
    "songTitle": "Hot In Here"
},{
    "rank": "uploads/position/4-pos-top40charts.png",
    "youTubeUrl": "http://www.youtube.com/results?search_query=Nelly%20Featuring%20Kelly%20Rowland%20Dilemma",
    "artist": "Nelly Featuring Kelly Rowland",
    "songTitle": "Dilemma"
},{
    "rank": "uploads/position/5-pos-top40charts.png",
    "youTubeUrl": "http://www.youtube.com/results?search_query=The%20Calling%20Wherever%20You%20Will%20Go",
    "artist": "The Calling",
    "songTitle": "Wherever You Will Go"
},{
    "rank": "uploads/position/6-pos-top40charts.png",
    "youTubeUrl": "http://www.youtube.com/results?search_query=Vanessa%20Carlton%20A%20Thousand%20Miles",
    "artist": "Vanessa Carlton",
    "songTitle": "A Thousand Miles"
},{
    "rank": "uploads/position/7-pos-top40charts.png",
    "youTubeUrl": "http://www.youtube.com/results?search_query=Linkin%20Park%20In%20The%20End",
    "artist": "Linkin Park",
    "songTitle": "In The End"
},{
    "rank": "uploads/position/8-pos-top40charts.png",
    "youTubeUrl": "http://www.youtube.com/results?search_query=Fat%20Joe%20Featuring%20Ashanti%20What%27s%20Luv",
    "artist": "Fat Joe Featuring Ashanti",
    "songTitle": "What's Luv"
},{
    "rank": "uploads/position/9-pos-top40charts.png",
    "youTubeUrl": "http://www.youtube.com/results?search_query=Usher%20U%20Got%20It%20Bad",
    "artist": "Usher",
    "songTitle": "U Got It Bad"
},{
    "rank": "uploads/position/10-pos-top40charts.png",
    "youTubeUrl": "http://www.youtube.com/results?search_query=Puddle%20Of%20Mudd%20Blurry",
    "artist": "Puddle Of Mudd",
    "songTitle": "Blurry"
},{
    "rank": "uploads/position/11-pos-top40charts.png",
    "youTubeUrl": "http://www.youtube.com/results?search_query=Avril%20Lavigne%20Complicated",
    "artist": "Avril Lavigne",
    "songTitle": "Complicated"
},{
    "rank": "uploads/position/12-pos-top40charts.png",
    "youTubeUrl": "http://www.youtube.com/results?search_query=Ja%20Rule%20Featuring%20Ashanti%20Always%20On%20Time",
    "artist": "Ja Rule Featuring Ashanti",
    "songTitle": "Always On Time"
},{
    "rank": "uploads/position/13-pos-top40charts.png",
    "youTubeUrl": "http://www.youtube.com/results?search_query=Jennifer%20Lopez%20Ain%27t%20It%20Funny",
    "artist": "Jennifer Lopez",
    "songTitle": "Ain't It Funny"
},{
    "rank": "uploads/position/14-pos-top40charts.png",
    "youTubeUrl": "http://www.youtube.com/results?search_query=Jimmy%20Eat%20World%20The%20Middle",
    "artist": "Jimmy Eat World",
    "songTitle": "The Middle"
},{
    "rank": "uploads/position/15-pos-top40charts.png",
    "youTubeUrl": "http://www.youtube.com/results?search_query=P%20Diddy%20Featuring%20Usher%20I%20Need%20A%20Girl%20(Part%201)",
    "artist": "P Diddy Featuring Usher",
    "songTitle": "I Need A Girl"
},{
    "rank": "uploads/position/16-pos-top40charts.png",
    "youTubeUrl": "http://www.youtube.com/results?search_query=Usher%20U%20Don%27t%20Have%20To%20Call",
    "artist": "Usher",
    "songTitle": "U Don't Have To Call"
},{
    "rank": "uploads/position/17-pos-top40charts.png",
    "youTubeUrl": "http://www.youtube.com/results?search_query=Mary%20J%20Blige%20Family%20Affair",
    "artist": "Mary J Blige",
    "songTitle": "Family Affair"
},{
    "rank": "uploads/position/18-pos-top40charts.png",
    "youTubeUrl": "http://www.youtube.com/results?search_query=P%20Diddy%20Featuring%20Ginuwine%20I%20Need%20A%20Girl%20(Part%202)",
    "artist": "P Diddy Featuring Ginuwine",
    "songTitle": "I Need A Girl (Part 2)"
},{
    "rank": "uploads/position/19-pos-top40charts.png",
    "youTubeUrl": "http://www.youtube.com/results?search_query=Eve%20Gangsta%20Lovin",
    "artist": "Eve",
    "songTitle": "Gangsta Lovin'"
},{
    "rank": "uploads/position/20-pos-top40charts.png",
    "youTubeUrl": "http://www.youtube.com/results?search_query=Creed%20My%20Sacrifice",
    "artist": "Creed",
    "songTitle": "My Sacrifice"
},{
    "rank": "uploads/position/21-pos-top40charts.png",
    "youTubeUrl": "http://www.youtube.com/results?search_query=Eminem%20Without%20Me",
    "artist": "Eminem",
    "songTitle": "Without Me"
},{
    "rank": "uploads/position/22-pos-top40charts.png",
    "youTubeUrl": "http://www.youtube.com/results?search_query=Enrique%20Iglesias%20Hero",
    "artist": "Enrique Iglesias",
    "songTitle": "Hero"
},{
    "rank": "uploads/position/23-pos-top40charts.png",
    "youTubeUrl": "http://www.youtube.com/results?search_query=Michelle%20Branch%20All%20You%20Wanted",
    "artist": "Michelle Branch",
    "songTitle": "All You Wanted"
},{
    "rank": "uploads/position/24-pos-top40charts.png",
    "youTubeUrl": "http://www.youtube.com/results?search_query=Pink%20Get%20The%20Party%20Started",
    "artist": "Pink",
    "songTitle": "Get The Party Started"
},{
    "rank": "uploads/position/25-pos-top40charts.png",
    "youTubeUrl": "http://www.youtube.com/results?search_query=Chad%20Kroeger%20Hero",
    "artist": "Chad Kroeger",
    "songTitle": "Hero"
},{
    "rank": "uploads/position/26-pos-top40charts.png",
    "youTubeUrl": "http://www.youtube.com/results?search_query=Default%20Wasting%20My%20Time",
    "artist": "Default",
    "songTitle": "Wasting My Time"
},{
    "rank": "uploads/position/27-pos-top40charts.png",
    "youTubeUrl": "http://www.youtube.com/results?search_query=Creed%20One%20Last%20Breath",
    "artist": "Creed",
    "songTitle": "One Last Breath"
},{
    "rank": "uploads/position/28-pos-top40charts.png",
    "youTubeUrl": "http://www.youtube.com/results?search_query=Shakira%20Whenever,%20Wherever",
    "artist": "Shakira",
    "songTitle": "Whenever, Wherever"
},{
    "rank": "uploads/position/29-pos-top40charts.png",
    "youTubeUrl": "http://www.youtube.com/results?search_query=Jennifer%20Lopez%20Featuring%20Nas%20I%27m%20Gonna%20Be%20Alright",
    "artist": "Jennifer Lopez Featuring Nas",
    "songTitle": "I'm Gonna Be Alright"
},{
    "rank": "uploads/position/30-pos-top40charts.png",
    "youTubeUrl": "http://www.youtube.com/results?search_query=Cam%27ron%20Oh%20Boy",
    "artist": "Cam'ron",
    "songTitle": "Oh Boy"
},{
    "rank": "uploads/position/31-pos-top40charts.png",
    "youTubeUrl": "http://www.youtube.com/results?search_query=DJ%20Sammy%20And%20Yanou%20Heaven",
    "artist": "DJ Sammy And Yanou",
    "songTitle": "Heaven"
},{
    "rank": "uploads/position/32-pos-top40charts.png",
    "youTubeUrl": "http://www.youtube.com/results?search_query=No%20Doubt%20Hey%20Baby",
    "artist": "No Doubt",
    "songTitle": "Hey Baby"
},{
    "rank": "uploads/position/33-pos-top40charts.png",
    "youTubeUrl": "http://www.youtube.com/results?search_query=n%20Sync%20Featuring%20Nelly%20Jive%20Girlfriend",
    "artist": "'n Sync Featuring Nelly",
    "songTitle": "Jive Girlfriend"
},{
    "rank": "uploads/position/34-pos-top40charts.png",
    "youTubeUrl": "http://www.youtube.com/results?search_query=Mario%20Just%20A%20Friend",
    "artist": "Mario",
    "songTitle": "Just A Friend"
},{
    "rank": "uploads/position/35-pos-top40charts.png",
    "youTubeUrl": "http://www.youtube.com/results?search_query=Sheryl%20Crow%20Soak%20Up%20The%20Sun",
    "artist": "Sheryl Crow",
    "songTitle": "Soak Up The Sun"
},{
    "rank": "uploads/position/36-pos-top40charts.png",
    "youTubeUrl": "http://www.youtube.com/results?search_query=Pink%20Don%27t%20Let%20Me%20Get%20Me",
    "artist": "Pink",
    "songTitle": "Don't Let Me Get Me"
},{
    "rank": "uploads/position/37-pos-top40charts.png",
    "youTubeUrl": "http://www.youtube.com/results?search_query=N%20O%20R%20E%20Nothing",
    "artist": "N O R E",
    "songTitle": "Nothing'"
},{
    "rank": "uploads/position/38-pos-top40charts.png",
    "youTubeUrl": "http://www.youtube.com/results?search_query=Tweet%20Oops%20(Oh%20My)",
    "artist": "Tweet",
    "songTitle": "Oops (Oh My)"
},{
    "rank": "uploads/position/39-pos-top40charts.png",
    "youTubeUrl": "http://www.youtube.com/results?search_query=Kelly%20Clarkson%20A%20Moment%20Like%20This",
    "artist": "Kelly Clarkson",
    "songTitle": "A Moment Like This"
},{
    "rank": "uploads/position/40-pos-top40charts.png",
    "youTubeUrl": "http://www.youtube.com/results?search_query=Truth%20Hurts%20Featuring%20Rakim%20Addictive",
    "artist": "Truth Hurts Featuring Rakim",
    "songTitle": "Addictive"
}