{
    "rank": "uploads/position/1-pos-top40charts.png",
    "youTubeUrl": "http://www.youtube.com/results?search_query=50%20Cent%20-%20In%20Da%20Club",
    "artist": "50 Cent",
    "songTitle": "In Da Club"
},{
    "rank": "uploads/position/2-pos-top40charts.png",
    "youTubeUrl": "http://www.youtube.com/results?search_query=R%20Kelly%20-%20Ignition",
    "artist": "R Kelly",
    "songTitle": "Ignition"
},{
    "rank": "uploads/position/3-pos-top40charts.png",
    "youTubeUrl": "http://www.youtube.com/results?search_query=Sean%20Paul%20-%20Get%20Busy",
    "artist": "Sean Paul",
    "songTitle": "Get Busy"
},{
    "rank": "uploads/position/4-pos-top40charts.png",
    "youTubeUrl": "http://www.youtube.com/results?search_query=Beyonce%20(Ft%20Jay%20-%20Z)%20-%20Crazy%20in%20Love",
    "artist": "Beyonce (Ft Jay Z)",
    "songTitle": "Crazy in Love"
},{
    "rank": "uploads/position/5-pos-top40charts.png",
    "youTubeUrl": "http://www.youtube.com/results?search_query=3%20Doors%20Down%20-%20When%20Im%20Gone",
    "artist": "3 Doors Down",
    "songTitle": "When Im Gone"
},{
    "rank": "uploads/position/6-pos-top40charts.png",
    "youTubeUrl": "http://www.youtube.com/results?search_query=Matchbox%20Twenty%20-%20Unwell",
    "artist": "Matchbox Twenty",
    "songTitle": "Unwell"
},{
    "rank": "uploads/position/7-pos-top40charts.png",
    "youTubeUrl": "http://www.youtube.com/results?search_query=Chingy%20-%20Right%20Thurr",
    "artist": "Chingy",
    "songTitle": "Right Thurr"
},{
    "rank": "uploads/position/8-pos-top40charts.png",
    "youTubeUrl": "http://www.youtube.com/results?search_query=Aaliyah%20-%20Miss%20You",
    "artist": "Aaliyah",
    "songTitle": "Miss You"
},{
    "rank": "uploads/position/9-pos-top40charts.png",
    "youTubeUrl": "http://www.youtube.com/results?search_query=Kid%20Rock%20(Ft%20Sheryl%20Crow)%20-%20Picture",
    "artist": "Kid Rock (Ft Sheryl Crow)",
    "songTitle": "Picture"
},{
    "rank": "uploads/position/10-pos-top40charts.png",
    "youTubeUrl": "http://www.youtube.com/results?search_query=Evanescence%20-%20Bring%20Me%20to%20Life",
    "artist": "Evanescence",
    "songTitle": "Bring Me to Life"
},{
    "rank": "uploads/position/11-pos-top40charts.png",
    "youTubeUrl": "http://www.youtube.com/results?search_query=Lil%20Jon%20the%20Eastside%20Boyz%20-%20Get%20Low",
    "artist": "Lil Jon the Eastside Boyz",
    "songTitle": "Get Low"
},{
    "rank": "uploads/position/12-pos-top40charts.png",
    "youTubeUrl": "http://www.youtube.com/results?search_query=Beyonce%20(Ft%20Sean%20Paul)%20-%20Baby%20Boy",
    "artist": "Beyonce (Ft Sean Paul)",
    "songTitle": "Baby Boy"
},{
    "rank": "uploads/position/13-pos-top40charts.png",
    "youTubeUrl": "http://www.youtube.com/results?search_query=Nelly%20P%20Diddy%20Murphy%20Lee%20-%20Shake%20Ya%20Tailfeather",
    "artist": "Nelly P Diddy Murphy Lee",
    "songTitle": "Shake Ya Tailfeather"
},{
    "rank": "uploads/position/14-pos-top40charts.png",
    "youTubeUrl": "http://www.youtube.com/results?search_query=50%20Cent%20(Ft%20Nate%20Dogg)%20-%2021%20Questions",
    "artist": "50 Cent (Ft Nate Dogg)",
    "songTitle": "21 Questions"
},{
    "rank": "uploads/position/15-pos-top40charts.png",
    "youTubeUrl": "http://www.youtube.com/results?search_query=Jennifer%20Lopez%20(Ft%20Ll%20Cool%20J)%20-%20All%20I%20Have",
    "artist": "Jennifer Lopez (Ft Ll Cool J)",
    "songTitle": "All I Have"
},{
    "rank": "uploads/position/16-pos-top40charts.png",
    "youTubeUrl": "http://www.youtube.com/results?search_query=Christina%20Aguilera%20-%20Beautiful",
    "artist": "Christina Aguilera",
    "songTitle": "Beautiful"
},{
    "rank": "uploads/position/17-pos-top40charts.png",
    "youTubeUrl": "http://www.youtube.com/results?search_query=Busta%20Rhymes%20(Ft%20Mariah%20Carey)%20-%20I%20Know%20What%20You%20Want",
    "artist": "Busta Rhymes (Ft Mariah Carey)",
    "songTitle": "I Know What You Want"
},{
    "rank": "uploads/position/18-pos-top40charts.png",
    "youTubeUrl": "http://www.youtube.com/results?search_query=Avril%20Lavigne%20-%20Sk8er%20Girl",
    "artist": "Avril Lavigne",
    "songTitle": "Sk8er Girl"
},{
    "rank": "uploads/position/19-pos-top40charts.png",
    "youTubeUrl": "http://www.youtube.com/results?search_query=Uncle%20Kracker%20-%20Drift%20Away",
    "artist": "Uncle Kracker",
    "songTitle": "Drift Away"
},{
    "rank": "uploads/position/20-pos-top40charts.png",
    "youTubeUrl": "http://www.youtube.com/results?search_query=Lil%20Kim%20(Ft%2050%20Cent)%20-%20Magic%20Stick",
    "artist": "Lil Kim (Ft 50 Cent)",
    "songTitle": "Magic Stick"
},{
    "rank": "uploads/position/21-pos-top40charts.png",
    "youTubeUrl": "http://www.youtube.com/results?search_query=50%20Cent%20-%20P%20I%20M%20P",
    "artist": "50 Cent",
    "songTitle": "P I M P"
},{
    "rank": "uploads/position/22-pos-top40charts.png",
    "youTubeUrl": "http://www.youtube.com/results?search_query=B2k%20-%20Bump%20Bump%20Bump",
    "artist": "B2k",
    "songTitle": "Bump Bump Bump"
},{
    "rank": "uploads/position/23-pos-top40charts.png",
    "youTubeUrl": "http://www.youtube.com/results?search_query=Fabulous%20(Ft%20Ashanti)%20-%20Im%20So%20Into%20You",
    "artist": "Fabulous (Ft Ashanti)",
    "songTitle": "Im So Into You"
},{
    "rank": "uploads/position/24-pos-top40charts.png",
    "youTubeUrl": "http://www.youtube.com/results?search_query=Fabolous%20-%20Cant%20Let%20You%20Go",
    "artist": "Fabolous",
    "songTitle": "Cant Let You Go"
},{
    "rank": "uploads/position/25-pos-top40charts.png",
    "youTubeUrl": "http://www.youtube.com/results?search_query=Ja%20Rule%20(Ft%20Ashanti)%20-%20Mesmerize",
    "artist": "Ja Rule (Ft Ashanti)",
    "songTitle": "Mesmerize"
},{
    "rank": "uploads/position/26-pos-top40charts.png",
    "youTubeUrl": "http://www.youtube.com/results?search_query=the%20Black%20Eyed%20Peas%20-%20Where%20is%20the%20Love",
    "artist": "The Black Eyed Peas",
    "songTitle": "Where is the Love"
},{
    "rank": "uploads/position/27-pos-top40charts.png",
    "youTubeUrl": "http://www.youtube.com/results?search_query=Santana%20(Ft%20Michelle%20Branch)%20-%20The%20Game%20of%20Love",
    "artist": "Santana (Ft Michelle Branch)",
    "songTitle": "The Game of Love"
},{
    "rank": "uploads/position/28-pos-top40charts.png",
    "youTubeUrl": "http://www.youtube.com/results?search_query=Eminem%20-%20Lose%20Yourself",
    "artist": "Eminem",
    "songTitle": "Lose Yourself"
},{
    "rank": "uploads/position/29-pos-top40charts.png",
    "youTubeUrl": "http://www.youtube.com/results?search_query=Ashanti%20-%20Rock%20Wit%20U%20(Awww%20Baby)",
    "artist": "Ashanti",
    "songTitle": "Rock Wit U (Awww Baby)"
},{
    "rank": "uploads/position/30-pos-top40charts.png",
    "youTubeUrl": "http://www.youtube.com/results?search_query=Justin%20Timberlake%20-%20Cry%20Me%20a%20River",
    "artist": "Justin Timberlake",
    "songTitle": "Cry Me a River"
},{
    "rank": "uploads/position/31-pos-top40charts.png",
    "youTubeUrl": "http://www.youtube.com/results?search_query=Tyrese%20-%20How%20You%20Gonna%20Act%20Lke%20That",
    "artist": "Tyrese",
    "songTitle": "How You Gonna Act Lke That"
},{
    "rank": "uploads/position/32-pos-top40charts.png",
    "youTubeUrl": "http://www.youtube.com/results?search_query=Justin%20Timberlake%20-%20Rock%20Your%20Body",
    "artist": "Justin Timberlake",
    "songTitle": "Rock Your Body"
},{
    "rank": "uploads/position/33-pos-top40charts.png",
    "youTubeUrl": "http://www.youtube.com/results?search_query=Wayne%20Wonder%20-%20No%20Letting%20Go",
    "artist": "Wayne Wonder",
    "songTitle": "No Letting Go"
},{
    "rank": "uploads/position/34-pos-top40charts.png",
    "youTubeUrl": "http://www.youtube.com/results?search_query=Pharrell%20(Ft%20Jay%20-%20Z)%20-%20Frontin",
    "artist": "Pharrell (Ft Jay Z)",
    "songTitle": "Frontin"
},{
    "rank": "uploads/position/35-pos-top40charts.png",
    "youTubeUrl": "http://www.youtube.com/results?search_query=Dixie%20Chicks%20-%20Landslide",
    "artist": "Dixie Chicks",
    "songTitle": "Landslide"
},{
    "rank": "uploads/position/36-pos-top40charts.png",
    "youTubeUrl": "http://www.youtube.com/results?search_query=Missy%20Misdemeanor%20Elliott%20-%20Work%20it",
    "artist": "Missy Misdemeanor Elliott",
    "songTitle": "Work it"
},{
    "rank": "uploads/position/37-pos-top40charts.png",
    "youTubeUrl": "http://www.youtube.com/results?search_query=Jay%20-%20Z%20(Ft%20Beyonce%20Knowles)%20-%20Bonnie%20and%20Clyde",
    "artist": "Jay Z (Ft Beyonce Knowles)",
    "songTitle": "Bonnie and Clyde"
},{
    "rank": "uploads/position/38-pos-top40charts.png",
    "youTubeUrl": "http://www.youtube.com/results?search_query=Nivea%20-%20Dont%20Mess%20With%20My%20Man",
    "artist": "Nivea",
    "songTitle": "Dont Mess With My Man"
},{
    "rank": "uploads/position/39-pos-top40charts.png",
    "youTubeUrl": "http://www.youtube.com/results?search_query=Monica%20-%20So%20Gone",
    "artist": "Monica",
    "songTitle": "So Gone"
},{
    "rank": "uploads/position/40-pos-top40charts.png",
    "youTubeUrl": "http://www.youtube.com/results?search_query=Nelly%20-%20Air%20Force%20Ones",
    "artist": "Nelly",
    "songTitle": "Air Force Ones"
}