{
    "rank": "uploads/position/1-pos-top40charts.png",
    "youTubeUrl": "http://www.youtube.com/results?search_query=Usher%20Featuring%20Lil%20Jon%20&%20Ludacris%20-%20Yeah!",
    "artist": "Usher Featuring Lil Jon & Ludacris",
    "songTitle": "Yeah!"
},{
    "rank": "uploads/position/2-pos-top40charts.png",
    "youTubeUrl": "http://www.youtube.com/results?search_query=Usher%20-%20Burn",
    "artist": "Usher",
    "songTitle": "Burn"
},{
    "rank": "uploads/position/3-pos-top40charts.png",
    "youTubeUrl": "http://www.youtube.com/results?search_query=Alicia%20Keys%20-%20If%20I%20Ain%27t%20Got%20You",
    "artist": "Alicia Keys",
    "songTitle": "If I Ain't Got You"
},{
    "rank": "uploads/position/4-pos-top40charts.png",
    "youTubeUrl": "http://www.youtube.com/results?search_query=Maroon5%20-%20This%20Love",
    "artist": "Maroon5",
    "songTitle": "This Love"
},{
    "rank": "uploads/position/5-pos-top40charts.png",
    "youTubeUrl": "http://www.youtube.com/results?search_query=Outkast%20Featuring%20Sleepy%20Brown%20-%20The%20Way%20You%20Move",
    "artist": "Outkast Featuring Sleepy Brown",
    "songTitle": "The Way You Move"
},{
    "rank": "uploads/position/6-pos-top40charts.png",
    "youTubeUrl": "http://www.youtube.com/results?search_query=Hoobastank%20-%20The%20Reason",
    "artist": "Hoobastank",
    "songTitle": "The Reason"
},{
    "rank": "uploads/position/7-pos-top40charts.png",
    "youTubeUrl": "http://www.youtube.com/results?search_query=Mario%20Winans%20Featuring%20Enya%20P%20Diddy%20-%20I%20Don%27t%20Wanna%20Know",
    "artist": "Mario Winans Featuring Enya & P Diddy",
    "songTitle": "I Don't Wanna Know"
},{
    "rank": "uploads/position/8-pos-top40charts.png",
    "youTubeUrl": "http://www.youtube.com/results?search_query=Outkast%20-%20Hey%20Ya",
    "artist": "Outkast",
    "songTitle": "Hey Ya!"
},{
    "rank": "uploads/position/9-pos-top40charts.png",
    "youTubeUrl": "http://www.youtube.com/results?search_query=Ciara%20Featuring%20Petey%20Pablo%20-%20Goodies",
    "artist": "Ciara Featuring Petey Pablo",
    "songTitle": "Goodies"
},{
    "rank": "uploads/position/10-pos-top40charts.png",
    "youTubeUrl": "http://www.youtube.com/results?search_query=Terror%20Squad%20-%20Lean%20Back",
    "artist": "Terror Squad",
    "songTitle": "Lean Back"
},{
    "rank": "uploads/position/11-pos-top40charts.png",
    "youTubeUrl": "http://www.youtube.com/results?search_query=J%20-%20Kwon%20-%20Tipsy",
    "artist": "J Kwon",
    "songTitle": "Tipsy"
},{
    "rank": "uploads/position/12-pos-top40charts.png",
    "youTubeUrl": "http://www.youtube.com/results?search_query=Usher%20-%20Confessions%20Part%20II",
    "artist": "Usher",
    "songTitle": "Confessions Part II"
},{
    "rank": "uploads/position/13-pos-top40charts.png",
    "youTubeUrl": "http://www.youtube.com/results?search_query=Juvenile%20Featuring%20Soulja%20Slim%20-%20Slow%20Motion",
    "artist": "Juvenile Featuring Soulja Slim",
    "songTitle": "Slow Motion"
},{
    "rank": "uploads/position/14-pos-top40charts.png",
    "youTubeUrl": "http://www.youtube.com/results?search_query=Petey%20Pablo%20-%20Freek%20A%20Leek",
    "artist": "Petey Pablo",
    "songTitle": "Freek A Leek"
},{
    "rank": "uploads/position/15-pos-top40charts.png",
    "youTubeUrl": "http://www.youtube.com/results?search_query=3%20Doors%20Down%20-%20Here%20Without%20You",
    "artist": "3 Doors Down",
    "songTitle": "Here Without You"
},{
    "rank": "uploads/position/16-pos-top40charts.png",
    "youTubeUrl": "http://www.youtube.com/results?search_query=Twista%20Featuring%20Kanye%20West%20Jamie%20Foxx%20-%20Slow%20Jamz",
    "artist": "Twista Featuring Kanye West & Jamie Foxx",
    "songTitle": "Slow Jamz"
},{
    "rank": "uploads/position/17-pos-top40charts.png",
    "youTubeUrl": "http://www.youtube.com/results?search_query=Nickelback%20-%20Someday",
    "artist": "Nickelback",
    "songTitle": "Someday"
},{
    "rank": "uploads/position/18-pos-top40charts.png",
    "youTubeUrl": "http://www.youtube.com/results?search_query=Beyonce%20-%20Naughty%20Girl",
    "artist": "Beyonce",
    "songTitle": "Naughty Girl"
},{
    "rank": "uploads/position/19-pos-top40charts.png",
    "youTubeUrl": "http://www.youtube.com/results?search_query=Evanescence%20-%20My%20Immortal",
    "artist": "Evanescence",
    "songTitle": "My Immortal"
},{
    "rank": "uploads/position/20-pos-top40charts.png",
    "youTubeUrl": "http://www.youtube.com/results?search_query=Lil%27%20Flip%20Featuring%20Lea%20-%20Sunshine",
    "artist": "Lil' Flip Featuring Lea",
    "songTitle": "Sunshine"
},{
    "rank": "uploads/position/21-pos-top40charts.png",
    "youTubeUrl": "http://www.youtube.com/results?search_query=Jay%20-%20Z%20-%20Dirt%20Off%20Your%20Shoulder",
    "artist": "Jay Z",
    "songTitle": "Dirt Off Your Shoulder"
},{
    "rank": "uploads/position/22-pos-top40charts.png",
    "youTubeUrl": "http://www.youtube.com/results?search_query=Nina%20Sky%20-%20Move%20Ya%20Body",
    "artist": "Nina Sky",
    "songTitle": "Move Ya Body"
},{
    "rank": "uploads/position/23-pos-top40charts.png",
    "youTubeUrl": "http://www.youtube.com/results?search_query=Christina%20Milian%20-%20Dip%20it%20Low",
    "artist": "Christina Milian",
    "songTitle": "Dip it Low"
},{
    "rank": "uploads/position/24-pos-top40charts.png",
    "youTubeUrl": "http://www.youtube.com/results?search_query=Usher%20and%20Alicia%20Keys%20-%20My%20Boo",
    "artist": "Usher and Alicia Keys",
    "songTitle": "My Boo"
},{
    "rank": "uploads/position/25-pos-top40charts.png",
    "youTubeUrl": "http://www.youtube.com/results?search_query=Chingy%20-%20One%20Call%20Away",
    "artist": "Chingy",
    "songTitle": "One Call Away"
},{
    "rank": "uploads/position/26-pos-top40charts.png",
    "youTubeUrl": "http://www.youtube.com/results?search_query=Beyonce%20-%20Me,%20Myself%20and%20I",
    "artist": "Beyonce",
    "songTitle": "Me, Myself and I"
},{
    "rank": "uploads/position/27-pos-top40charts.png",
    "youTubeUrl": "http://www.youtube.com/results?search_query=Kevin%20Lyttle%20-%20Turn%20Me%20on",
    "artist": "Kevin Lyttle",
    "songTitle": "Turn Me on"
},{
    "rank": "uploads/position/28-pos-top40charts.png",
    "youTubeUrl": "http://www.youtube.com/results?search_query=Sheryl%20Crow%20-%20The%20First%20Cut%20is%20the%20Deepest",
    "artist": "Sheryl Crow",
    "songTitle": "The First Cut is the Deepest"
},{
    "rank": "uploads/position/29-pos-top40charts.png",
    "youTubeUrl": "http://www.youtube.com/results?search_query=Alicia%20Keys%20-%20You%20Don%27t%20Know%20My%20Name",
    "artist": "Alicia Keys",
    "songTitle": "You Don't Know My Name"
},{
    "rank": "uploads/position/30-pos-top40charts.png",
    "youTubeUrl": "http://www.youtube.com/results?search_query=Nelly%20-%20My%20Place",
    "artist": "Nelly",
    "songTitle": "My Place"
},{
    "rank": "uploads/position/31-pos-top40charts.png",
    "youTubeUrl": "http://www.youtube.com/results?search_query=Twista%20-%20Overnight%20Celebrity",
    "artist": "Twista",
    "songTitle": "Overnight Celebrity"
},{
    "rank": "uploads/position/32-pos-top40charts.png",
    "youTubeUrl": "http://www.youtube.com/results?search_query=Cassidy%20Featuring%20R%20Kelly%20-%20Hotel",
    "artist": "Cassidy Featuring R Kelly",
    "songTitle": "Hotel"
},{
    "rank": "uploads/position/33-pos-top40charts.png",
    "youTubeUrl": "http://www.youtube.com/results?search_query=Linkin%20Park%20-%20Numb",
    "artist": "Linkin Park",
    "songTitle": "Numb"
},{
    "rank": "uploads/position/34-pos-top40charts.png",
    "youTubeUrl": "http://www.youtube.com/results?search_query=Alicia%20Keys%20Featuring%20Tony!%20Toni!%20Tone!",
    "artist": "Alicia Keys Featuring Tony! Toni! Tone!",
    "songTitle": "Diary"
},{
    "rank": "uploads/position/35-pos-top40charts.png",
    "youTubeUrl": "http://www.youtube.com/results?search_query=Maroon%205%20-%20She%20Will%20be%20Loved",
    "artist": "Maroon 5",
    "songTitle": "She Will be Loved"
},{
    "rank": "uploads/position/36-pos-top40charts.png",
    "youTubeUrl": "http://www.youtube.com/results?search_query=Dido%20-%20White%20Flag",
    "artist": "Dido",
    "songTitle": "White Flag"
},{
    "rank": "uploads/position/37-pos-top40charts.png",
    "youTubeUrl": "http://www.youtube.com/results?search_query=Los%20Lonely%20Boys%20-%20Heaven",
    "artist": "Los Lonely Boys",
    "songTitle": "Heaven"
},{
    "rank": "uploads/position/38-pos-top40charts.png",
    "youTubeUrl": "http://www.youtube.com/results?search_query=No%20Doubt%20-%20It%27s%20My%20Life",
    "artist": "No Doubt",
    "songTitle": "It's My Life"
},{
    "rank": "uploads/position/39-pos-top40charts.png",
    "youTubeUrl": "http://www.youtube.com/results?search_query=Ashlee%20Simpson%20-%20Pieces%20of%20Me",
    "artist": "Ashlee Simpson",
    "songTitle": "Pieces of Me"
},{
    "rank": "uploads/position/40-pos-top40charts.png",
    "youTubeUrl": "http://www.youtube.com/results?search_query=Jojo%20-%20Leave%20(Get%20Out)",
    "artist": "Jojo",
    "songTitle": "Leave (Get Out)"
}