{
    "rank": "uploads/position/1-pos-top40charts.png",
    "youTubeUrl": "http://www.youtube.com/results?search_query=Mariah%20Carey%20-%20We%20Belong%20Together",
    "artist": "Mariah Carey",
    "songTitle": "We Belong Together"
},{
    "rank": "uploads/position/2-pos-top40charts.png",
    "youTubeUrl": "http://www.youtube.com/results?search_query=Gwen%20Stefani%20-%20Hollaback%20Girl",
    "artist": "Gwen Stefani",
    "songTitle": "Hollaback Girl"
},{
    "rank": "uploads/position/3-pos-top40charts.png",
    "youTubeUrl": "http://www.youtube.com/results?search_query=Mario%20-%20Let%20Me%20Love%20You",
    "artist": "Mario",
    "songTitle": "Let Me Love You"
},{
    "rank": "uploads/position/4-pos-top40charts.png",
    "youTubeUrl": "http://www.youtube.com/results?search_query=Kelly%20Clarkson%20-%20Since%20You%20Been%20Gone",
    "artist": "Kelly Clarkson",
    "songTitle": "Since You Been Gone"
},{
    "rank": "uploads/position/5-pos-top40charts.png",
    "youTubeUrl": "http://www.youtube.com/results?search_query=Ciara%20feat%20Missy%20Elliott%20-%201%202%20Step",
    "artist": "Ciara feat Missy Elliott",
    "songTitle": "1 2 Step"
},{
    "rank": "uploads/position/6-pos-top40charts.png",
    "youTubeUrl": "http://www.youtube.com/results?search_query=Mariah%20Carey%20feat.%20Snoop%20Dogg%20-%20Say%20Somethin",
    "artist": "Mariah Carey feat. Snoop Dogg",
    "songTitle": "Say Somethin"
},{
    "rank": "uploads/position/7-pos-top40charts.png",
    "youTubeUrl": "http://www.youtube.com/results?search_query=Kanye%20West%20ft.%20Jamie%20Foxx%20-%20Gold%20Digger",
    "artist": "Kanye West ft. Jamie Foxx",
    "songTitle": "Gold Digger"
},{
    "rank": "uploads/position/8-pos-top40charts.png",
    "youTubeUrl": "http://www.youtube.com/results?search_query=Green%20Day%20-%20Boulevard%20Of%20Broken%20Dreams",
    "artist": "Green Day",
    "songTitle": "Boulevard Of Broken Dreams"
},{
    "rank": "uploads/position/9-pos-top40charts.png",
    "youTubeUrl": "http://www.youtube.com/results?search_query=50%20Cent%20feat%20Olivia%20-%20Candy%20Shop",
    "artist": "50 Cent feat Olivia",
    "songTitle": "Candy Shop"
},{
    "rank": "uploads/position/10-pos-top40charts.png",
    "youTubeUrl": "http://www.youtube.com/results?search_query=Pussycat%20Dolls%20-%20Dont%20Cha",
    "artist": "Pussycat Dolls",
    "songTitle": "Dont Cha"
},{
    "rank": "uploads/position/11-pos-top40charts.png",
    "youTubeUrl": "http://www.youtube.com/results?search_query=Kelly%20Clarkson%20-%20Behind%20These%20Hazel%20Eyes",
    "artist": "Kelly Clarkson",
    "songTitle": "Behind These Hazel Eyes"
},{
    "rank": "uploads/position/12-pos-top40charts.png",
    "youTubeUrl": "http://www.youtube.com/results?search_query=50%20Cent%20-%20Disco%20Inferno",
    "artist": "50 Cent",
    "songTitle": "Disco Inferno"
},{
    "rank": "uploads/position/13-pos-top40charts.png",
    "youTubeUrl": "http://www.youtube.com/results?search_query=Lifehouse%20-%20You%20And%20Me",
    "artist": "Lifehouse",
    "songTitle": "You And Me"
},{
    "rank": "uploads/position/14-pos-top40charts.png",
    "youTubeUrl": "http://www.youtube.com/results?search_query=Black%20Eyed%20Peas%20-%20Dont%20Phunk%20With%20My%20Heart",
    "artist": "Black Eyed Peas",
    "songTitle": "Dont Phunk With My Heart"
},{
    "rank": "uploads/position/15-pos-top40charts.png",
    "youTubeUrl": "http://www.youtube.com/results?search_query=Missy%20Elliott%20F.%20Ciara%20And%20Fatman%20Scoop%20-%20Lose%20Control",
    "artist": "Missy Elliott F. Ciara And Fatman Scoop",
    "songTitle": "Lose Control"
},{
    "rank": "uploads/position/16-pos-top40charts.png",
    "youTubeUrl": "http://www.youtube.com/results?search_query=Mariah%20Carey%20-%20Shake%20It%20Off",
    "artist": "Mariah Carey",
    "songTitle": "Shake It Off"
},{
    "rank": "uploads/position/17-pos-top40charts.png",
    "youTubeUrl": "http://www.youtube.com/results?search_query=The%20Killers%20-%20Mr%20Brightside",
    "artist": "The Killers",
    "songTitle": "Mr Brightside"
},{
    "rank": "uploads/position/18-pos-top40charts.png",
    "youTubeUrl": "http://www.youtube.com/results?search_query=50%20Cent%20-%20Just%20A%20Lil%20Bit",
    "artist": "50 Cent",
    "songTitle": "Just A Lil Bit"
},{
    "rank": "uploads/position/19-pos-top40charts.png",
    "youTubeUrl": "http://www.youtube.com/results?search_query=Rihanna%20-%20Pon%20De%20Replay",
    "artist": "Rihanna",
    "songTitle": "Pon De Replay"
},{
    "rank": "uploads/position/20-pos-top40charts.png",
    "youTubeUrl": "http://www.youtube.com/results?search_query=The%20Game%20feat%2050%20Cent%20-%20How%20We%20Do",
    "artist": "The Game feat 50 Cent",
    "songTitle": "How We Do"
},{
    "rank": "uploads/position/21-pos-top40charts.png",
    "youTubeUrl": "http://www.youtube.com/results?search_query=Weezer%20-%20Beverly%20Hills",
    "artist": "Weezer",
    "songTitle": "Beverly Hills"
},{
    "rank": "uploads/position/22-pos-top40charts.png",
    "youTubeUrl": "http://www.youtube.com/results?search_query=Ciara%20feat%20Ludacris%20-%20Oh",
    "artist": "Ciara feat Ludacris",
    "songTitle": "Oh"
},{
    "rank": "uploads/position/23-pos-top40charts.png",
    "youTubeUrl": "http://www.youtube.com/results?search_query=Rob%20Thomas%20-%20Lonely%20No%20More",
    "artist": "Rob Thomas",
    "songTitle": "Lonely No More"
},{
    "rank": "uploads/position/24-pos-top40charts.png",
    "youTubeUrl": "http://www.youtube.com/results?search_query=Snoop%20Dogg%20feat%20Pharrell%20-%20Drop%20It%20Like%20Its%20Hot",
    "artist": "Snoop Dogg feat Pharrell",
    "songTitle": "Drop It Like Its Hot"
},{
    "rank": "uploads/position/25-pos-top40charts.png",
    "youTubeUrl": "http://www.youtube.com/results?search_query=The%20Game%20feat.%2050%20Cent%20-%20Hate%20It%20Or%20Love%20It",
    "artist": "The Game feat. 50 Cent",
    "songTitle": "Hate It Or Love It"
},{
    "rank": "uploads/position/26-pos-top40charts.png",
    "youTubeUrl": "http://www.youtube.com/results?search_query=Lil%20Jon%20feat%20Ludacris%20And%20Usher%20-%20Lovers%20And%20Friend",
    "artist": "Lil Jon feat Ludacris And Usher",
    "songTitle": "Lovers And Friend"
},{
    "rank": "uploads/position/27-pos-top40charts.png",
    "youTubeUrl": "http://www.youtube.com/results?search_query=Destinys%20Child%20ft%20Lil%20Wayne%20And%20T.I.%20-%20Soldier",
    "artist": "Destinys Child ft Lil Wayne And T.I.",
    "songTitle": "Soldier"
},{
    "rank": "uploads/position/28-pos-top40charts.png",
    "youTubeUrl": "http://www.youtube.com/results?search_query=Kelly%20Clarkson%20-%20Breakaway",
    "artist": "Kelly Clarkson",
    "songTitle": "Breakaway"
},{
    "rank": "uploads/position/29-pos-top40charts.png",
    "youTubeUrl": "http://www.youtube.com/results?search_query=Will%20Smith%20-%20Switch",
    "artist": "Will Smith",
    "songTitle": "Switch"
},{
    "rank": "uploads/position/30-pos-top40charts.png",
    "youTubeUrl": "http://www.youtube.com/results?search_query=Bow%20Wow%20feat%20Omarion%20-%20Let%20Me%20Hold%20You",
    "artist": "Bow Wow feat Omarion",
    "songTitle": "Let Me Hold You"
},{
    "rank": "uploads/position/31-pos-top40charts.png",
    "youTubeUrl": "http://www.youtube.com/results?search_query=Bow%20Wow%20feat%20Ciara%20-%20Like%20You",
    "artist": "Bow Wow feat Ciara",
    "songTitle": "Like You"
},{
    "rank": "uploads/position/32-pos-top40charts.png",
    "youTubeUrl": "http://www.youtube.com/results?search_query=Gwen%20Stafani%20feat%20Eve%20-%20Rich%20Girl",
    "artist": "Gwen Stafani feat Eve",
    "songTitle": "Rich Girl"
},{
    "rank": "uploads/position/33-pos-top40charts.png",
    "youTubeUrl": "http://www.youtube.com/results?search_query=Black%20Eyed%20Peas%20-%20My%20Humps",
    "artist": "Black Eyed Peas",
    "songTitle": "My Humps"
},{
    "rank": "uploads/position/34-pos-top40charts.png",
    "youTubeUrl": "http://www.youtube.com/results?search_query=Frankie%20J%20feat%20Baby%20Bash%20-%20Obsession%20(No%20Es%20Amor)",
    "artist": "Frankie J feat Baby Bash",
    "songTitle": "Obsession (No Es Amor)"
},{
    "rank": "uploads/position/35-pos-top40charts.png",
    "youTubeUrl": "http://www.youtube.com/results?search_query=Usher%20-%20Caught%20Up",
    "artist": "Usher",
    "songTitle": "Caught Up"
},{
    "rank": "uploads/position/36-pos-top40charts.png",
    "youTubeUrl": "http://www.youtube.com/results?search_query=Dht%20-%20Listen%20To%20Your%20Heart",
    "artist": "Dht",
    "songTitle": "Listen To Your Heart"
},{
    "rank": "uploads/position/37-pos-top40charts.png",
    "youTubeUrl": "http://www.youtube.com/results?search_query=Papa%20Roach%20-%20Scars",
    "artist": "Papa Roach",
    "songTitle": "Scars"
},{
    "rank": "uploads/position/38-pos-top40charts.png",
    "youTubeUrl": "http://www.youtube.com/results?search_query=Gorillaz%20-%20Feel%20Good%20Inc",
    "artist": "Gorillaz",
    "songTitle": "Feel Good Inc."
},{
    "rank": "uploads/position/39-pos-top40charts.png",
    "youTubeUrl": "http://www.youtube.com/results?search_query=3%20Doors%20Down%20-%20Let%20Me%20Go",
    "artist": "3 Doors Down",
    "songTitle": "Let Me Go"
},{
    "rank": "uploads/position/40-pos-top40charts.png",
    "youTubeUrl": "http://www.youtube.com/results?search_query=Green%20Day%20-%20Holiday",
    "artist": "Green Day",
    "songTitle": "Holiday"
}