{
    "rank": "uploads/position/1-pos-top40charts.png",
    "youTubeUrl": "http://www.youtube.com/results?search_query=Daniel%20Powter%20-%20Bad%20Day",
    "artist": "Daniel Powter",
    "songTitle": "Bad Day"
},{
    "rank": "uploads/position/2-pos-top40charts.png",
    "youTubeUrl": "http://www.youtube.com/results?search_query=Sean%20Paul%20-%20Temperature",
    "artist": "Sean Paul",
    "songTitle": "Temperature"
},{
    "rank": "uploads/position/3-pos-top40charts.png",
    "youTubeUrl": "http://www.youtube.com/results?search_query=Nelly%20Furtado%20ft.%20Timbaland%20-%20Promiscuous",
    "artist": "Nelly Furtado ft. Timbaland",
    "songTitle": "Promiscuous"
},{
    "rank": "uploads/position/4-pos-top40charts.png",
    "youTubeUrl": "http://www.youtube.com/results?search_query=James%20Blunt%20-%20Youre%20Beautiful",
    "artist": "James Blunt",
    "songTitle": "Youre Beautiful"
},{
    "rank": "uploads/position/5-pos-top40charts.png",
    "youTubeUrl": "http://www.youtube.com/results?search_query=Shakira%20ft.%20Wyclef%20Jean%20-%20Hips%20Dont%20Lie",
    "artist": "Shakira ft. Wyclef Jean",
    "songTitle": "Hips Dont Lie"
},{
    "rank": "uploads/position/6-pos-top40charts.png",
    "youTubeUrl": "http://www.youtube.com/results?search_query=Natasha%20Bedingfield%20-%20Unwritten",
    "artist": "Natasha Bedingfield",
    "songTitle": "Unwritten"
},{
    "rank": "uploads/position/7-pos-top40charts.png",
    "youTubeUrl": "http://www.youtube.com/results?search_query=Gnarls%20Barkley%20-%20Crazy",
    "artist": "Gnarls Barkley",
    "songTitle": "Crazy"
},{
    "rank": "uploads/position/8-pos-top40charts.png",
    "youTubeUrl": "http://www.youtube.com/results?search_query=Chamillionaire%20ft.%20Krayzie%20Bone%20-%20Ridin",
    "artist": "Chamillionaire ft. Krayzie Bone",
    "songTitle": "Ridin"
},{
    "rank": "uploads/position/9-pos-top40charts.png",
    "youTubeUrl": "http://www.youtube.com/results?search_query=Justin%20Timberlake%20-%20Sexyback",
    "artist": "Justin Timberlake",
    "songTitle": "Sexyback"
},{
    "rank": "uploads/position/10-pos-top40charts.png",
    "youTubeUrl": "http://www.youtube.com/results?search_query=Beyonce%20ft.%20Slim%20Thug%20-%20Check%20On%20It",
    "artist": "Beyonce ft. Slim Thug",
    "songTitle": "Check On It"
},{
    "rank": "uploads/position/11-pos-top40charts.png",
    "youTubeUrl": "http://www.youtube.com/results?search_query=Mary%20J.%20Blige%20-%20Be%20Without%20You",
    "artist": "Mary J. Blige",
    "songTitle": "Be Without You"
},{
    "rank": "uploads/position/12-pos-top40charts.png",
    "youTubeUrl": "http://www.youtube.com/results?search_query=Nelly%20ft.%20Paul%20Wall%20-%20Grillz",
    "artist": "Nelly ft. Paul Wall",
    "songTitle": "Grillz"
},{
    "rank": "uploads/position/13-pos-top40charts.png",
    "youTubeUrl": "http://www.youtube.com/results?search_query=The%20Fray%20-%20Over%20My%20Head",
    "artist": "The Fray",
    "songTitle": "Over My Head"
},{
    "rank": "uploads/position/14-pos-top40charts.png",
    "youTubeUrl": "http://www.youtube.com/results?search_query=Cassie%20-%20Me%20And%20U",
    "artist": "Cassie",
    "songTitle": "Me And U"
},{
    "rank": "uploads/position/15-pos-top40charts.png",
    "youTubeUrl": "http://www.youtube.com/results?search_query=The%20Pussycat%20Dolls%20-%20Buttons",
    "artist": "The Pussycat Dolls",
    "songTitle": "Buttons"
},{
    "rank": "uploads/position/16-pos-top40charts.png",
    "youTubeUrl": "http://www.youtube.com/results?search_query=Chris%20Brown%20-%20Run%20It",
    "artist": "Chris Brown",
    "songTitle": "Run It"
},{
    "rank": "uploads/position/17-pos-top40charts.png",
    "youTubeUrl": "http://www.youtube.com/results?search_query=Ne%20Yo%20-%20So%20Sick",
    "artist": "Ne Yo",
    "songTitle": "So Sick"
},{
    "rank": "uploads/position/18-pos-top40charts.png",
    "youTubeUrl": "http://www.youtube.com/results?search_query=Yung%20Jock%20-%20Its%20Goin%20Down",
    "artist": "Yung Jock",
    "songTitle": "Its Goin Down"
},{
    "rank": "uploads/position/19-pos-top40charts.png",
    "youTubeUrl": "http://www.youtube.com/results?search_query=Rihanna%20-%20Sos%20(Rescue%20Me)",
    "artist": "Rihanna",
    "songTitle": "Sos (Rescue Me)"
},{
    "rank": "uploads/position/20-pos-top40charts.png",
    "youTubeUrl": "http://www.youtube.com/results?search_query=Panic%20At%20The%20Disco%20-%20I%20Write%20Sins%20Not%20Tragedies",
    "artist": "Panic At The Disco",
    "songTitle": "I Write Sins Not Tragedies"
},{
    "rank": "uploads/position/21-pos-top40charts.png",
    "youTubeUrl": "http://www.youtube.com/results?search_query=The%20All%20-%20American%20Rejects%20-%20Move%20Along",
    "artist": "The All American Rejects",
    "songTitle": "Move Along"
},{
    "rank": "uploads/position/22-pos-top40charts.png",
    "youTubeUrl": "http://www.youtube.com/results?search_query=Fergie%20-%20London%20Bridge",
    "artist": "Fergie",
    "songTitle": "London Bridge"
},{
    "rank": "uploads/position/23-pos-top40charts.png",
    "youTubeUrl": "http://www.youtube.com/results?search_query=Red%20Hot%20Chili%20Peppers%20-%20Dani%20California",
    "artist": "Red Hot Chili Peppers",
    "songTitle": "Dani California"
},{
    "rank": "uploads/position/24-pos-top40charts.png",
    "youTubeUrl": "http://www.youtube.com/results?search_query=Lil%20Jon%20ft.%20E%20-%2040%20-%20Snap%20Yo%20Fingers",
    "artist": "Lil Jon ft. E 40",
    "songTitle": "Snap Yo Fingers"
},{
    "rank": "uploads/position/25-pos-top40charts.png",
    "youTubeUrl": "http://www.youtube.com/results?search_query=Dem%20Franchize%20Boyz%20-%20Lean%20Wit%20It%20Rock%20Wit%20It",
    "artist": "Dem Franchize Boyz",
    "songTitle": "Lean Wit It Rock Wit It"
},{
    "rank": "uploads/position/26-pos-top40charts.png",
    "youTubeUrl": "http://www.youtube.com/results?search_query=Rascal%20Flatts%20-%20What%20Hurts%20The%20Most",
    "artist": "Rascal Flatts",
    "songTitle": "What Hurts The Most"
},{
    "rank": "uploads/position/27-pos-top40charts.png",
    "youTubeUrl": "http://www.youtube.com/results?search_query=The%20Fray%20-%20How%20To%20Save%20A%20Life",
    "artist": "The Fray",
    "songTitle": "How To Save A Life"
},{
    "rank": "uploads/position/28-pos-top40charts.png",
    "youTubeUrl": "http://www.youtube.com/results?search_query=Rihanna%20-%20Unfaithful",
    "artist": "Rihanna",
    "songTitle": "Unfaithful"
},{
    "rank": "uploads/position/29-pos-top40charts.png",
    "youTubeUrl": "http://www.youtube.com/results?search_query=Snow%20Patrol%20-%20Chasing%20Cars",
    "artist": "Snow Patrol",
    "songTitle": "Chasing Cars"
},{
    "rank": "uploads/position/30-pos-top40charts.png",
    "youTubeUrl": "http://www.youtube.com/results?search_query=Hinder%20-%20Lips%20Of%20An%20Angel",
    "artist": "Hinder",
    "songTitle": "Lips Of An Angel"
},{
    "rank": "uploads/position/31-pos-top40charts.png",
    "youTubeUrl": "http://www.youtube.com/results?search_query=Cascada%20-%20Everytime%20We%20Touch",
    "artist": "Cascada",
    "songTitle": "Everytime We Touch"
},{
    "rank": "uploads/position/32-pos-top40charts.png",
    "youTubeUrl": "http://www.youtube.com/results?search_query=Christina%20Aguilera%20-%20Aint%20No%20Other%20Man",
    "artist": "Christina Aguilera",
    "songTitle": "Aint No Other Man"
},{
    "rank": "uploads/position/33-pos-top40charts.png",
    "youTubeUrl": "http://www.youtube.com/results?search_query=Fall%20Out%20Boy%20-%20Dance%20Dance",
    "artist": "Fall Out Boy",
    "songTitle": "Dance Dance"
},{
    "rank": "uploads/position/34-pos-top40charts.png",
    "youTubeUrl": "http://www.youtube.com/results?search_query=Kanye%20West%20ft.%20Jamie%20Foxx%20-%20Gold%20Digger",
    "artist": "Kanye West ft. Jamie Foxx",
    "songTitle": "Gold Digger"
},{
    "rank": "uploads/position/35-pos-top40charts.png",
    "youTubeUrl": "http://www.youtube.com/results?search_query=Ludacris%20ft.%20Pharrell%20-%20Money%20Maker",
    "artist": "Ludacris ft. Pharrell",
    "songTitle": "Money Maker"
},{
    "rank": "uploads/position/36-pos-top40charts.png",
    "youTubeUrl": "http://www.youtube.com/results?search_query=Bubba%20Sparks%20ft.%20Ying%20Yang%20Twins%20-%20Ms.%20New%20Booty",
    "artist": "Bubba Sparks ft. Ying Yang Twins",
    "songTitle": "Ms. New Booty"
},{
    "rank": "uploads/position/37-pos-top40charts.png",
    "youTubeUrl": "http://www.youtube.com/results?search_query=Sean%20Paul%20-%20When%20You%20Gonna%20(Give%20It%20Up%20To%20Me)",
    "artist": "Sean Paul",
    "songTitle": "When You Gonna (Give It Up To Me)"
},{
    "rank": "uploads/position/38-pos-top40charts.png",
    "youTubeUrl": "http://www.youtube.com/results?search_query=Nickelback%20-%20Photograph",
    "artist": "Nickelback",
    "songTitle": "Photograph"
},{
    "rank": "uploads/position/39-pos-top40charts.png",
    "youTubeUrl": "http://www.youtube.com/results?search_query=Kelly%20Clarkson%20-%20Because%20Of%20You",
    "artist": "Kelly Clarkson",
    "songTitle": "Because Of You"
},{
    "rank": "uploads/position/40-pos-top40charts.png",
    "youTubeUrl": "http://www.youtube.com/results?search_query=Pussycat%20Dolls%20-%20Stickwitu",
    "artist": "Pussycat Dolls",
    "songTitle": "Stickwitu"
}