{
    "rank": "uploads/position/1-pos-top40charts.png",
    "youTubeUrl": "http://www.youtube.com/results?search_query=Fergie%20-%20Big%20Girls%20Don%27t%20Cry",
    "artist": "Fergie",
    "songTitle": "Big Girls Don't Cry"
},{
    "rank": "uploads/position/2-pos-top40charts.png",
    "youTubeUrl": "http://www.youtube.com/results?search_query=Gwen%20Stefani%20ft.%20Akon%20-%20The%20Sweet%20Escape",
    "artist": "Gwen Stefani ft. Akon",
    "songTitle": "The Sweet Escape"
},{
    "rank": "uploads/position/3-pos-top40charts.png",
    "youTubeUrl": "http://www.youtube.com/results?search_query=Beyonce%20-%20Irreplaceable",
    "artist": "Beyonce",
    "songTitle": "Irreplaceable"
},{
    "rank": "uploads/position/4-pos-top40charts.png",
    "youTubeUrl": "http://www.youtube.com/results?search_query=Rihanna%20ft.%20Jay%20-%20Z%20-%20Umbrella",
    "artist": "Rihanna ft. Jay Z",
    "songTitle": "Umbrella"
},{
    "rank": "uploads/position/5-pos-top40charts.png",
    "youTubeUrl": "http://www.youtube.com/results?search_query=Nelly%20Furtado%20-%20Say%20It%20Right",
    "artist": "Nelly Furtado",
    "songTitle": "Say It Right"
},{
    "rank": "uploads/position/6-pos-top40charts.png",
    "youTubeUrl": "http://www.youtube.com/results?search_query=Avril%20Lavigne%20-%20Girlfriend",
    "artist": "Avril Lavigne",
    "songTitle": "Girlfriend"
},{
    "rank": "uploads/position/7-pos-top40charts.png",
    "youTubeUrl": "http://www.youtube.com/results?search_query=Fergie%20ft.%20Ludacris%20-%20Glamorous",
    "artist": "Fergie ft. Ludacris",
    "songTitle": "Glamorous"
},{
    "rank": "uploads/position/8-pos-top40charts.png",
    "youTubeUrl": "http://www.youtube.com/results?search_query=Plain%20White%20T%27s%20-%20Hey%20There%20Delilah",
    "artist": "Plain White T's",
    "songTitle": "Hey There Delilah"
},{
    "rank": "uploads/position/9-pos-top40charts.png",
    "youTubeUrl": "http://www.youtube.com/results?search_query=T%20-%20Pain%20ft.%20Yung%20Joc%20-%20Buy%20U%20A%20Drank%20(Shawty%20Snappin%27)",
    "artist": "T Pain ft. Yung Joc",
    "songTitle": "Buy U A Drank (Shawty Snappin')"
},{
    "rank": "uploads/position/10-pos-top40charts.png",
    "youTubeUrl": "http://www.youtube.com/results?search_query=Justin%20Timberlake%20-%20What%20Goes%20Around",
    "artist": "Justin Timberlake",
    "songTitle": "What Goes Around"
},{
    "rank": "uploads/position/11-pos-top40charts.png",
    "youTubeUrl": "http://www.youtube.com/results?search_query=Akon%20-%20Don%27t%20Matter",
    "artist": "Akon",
    "songTitle": "Don't Matter"
},{
    "rank": "uploads/position/12-pos-top40charts.png",
    "youTubeUrl": "http://www.youtube.com/results?search_query=Maroon5%20-%20Makes%20Me%20Wonder",
    "artist": "Maroon5",
    "songTitle": "Makes Me Wonder"
},{
    "rank": "uploads/position/13-pos-top40charts.png",
    "youTubeUrl": "http://www.youtube.com/results?search_query=Akon%20ft.%20Snoop%20Dogg%20-%20I%20Wanna%20Love%20You",
    "artist": "Akon ft. Snoop Dogg",
    "songTitle": "I Wanna Love You"
},{
    "rank": "uploads/position/14-pos-top40charts.png",
    "youTubeUrl": "http://www.youtube.com/results?search_query=Gym%20Class%20Heroes%20ft.%20Patrick%20Stump%20-%20Cupid%27s%20Chokehold",
    "artist": "Gym Class Heroes ft. Patrick Stump",
    "songTitle": "Cupid's Chokehold"
},{
    "rank": "uploads/position/15-pos-top40charts.png",
    "youTubeUrl": "http://www.youtube.com/results?search_query=Timbaland%20ft.%20Nelly%20Furtado%20Justin%20-%20Give%20It%20To%20Me",
    "artist": "Timbaland ft. Nelly Furtado & Justin",
    "songTitle": "Give It To Me"
},{
    "rank": "uploads/position/16-pos-top40charts.png",
    "youTubeUrl": "http://www.youtube.com/results?search_query=Timbaland%20ft.%20Keri%20Hilson%20-%20The%20Way%20I%20Are",
    "artist": "Timbaland ft. Keri Hilson",
    "songTitle": "The Way I Are"
},{
    "rank": "uploads/position/17-pos-top40charts.png",
    "youTubeUrl": "http://www.youtube.com/results?search_query=Fergie%20-%20Fergalicious",
    "artist": "Fergie",
    "songTitle": "Fergalicious"
},{
    "rank": "uploads/position/18-pos-top40charts.png",
    "youTubeUrl": "http://www.youtube.com/results?search_query=Daughtry%20-%20It%27s%20Not%20Over",
    "artist": "Daughtry",
    "songTitle": "It's Not Over"
},{
    "rank": "uploads/position/19-pos-top40charts.png",
    "youTubeUrl": "http://www.youtube.com/results?search_query=Akon%20ft.%20Eminem%20-%20Smack%20That",
    "artist": "Akon ft. Eminem",
    "songTitle": "Smack That"
},{
    "rank": "uploads/position/20-pos-top40charts.png",
    "youTubeUrl": "http://www.youtube.com/results?search_query=Carrie%20Underwood%20-%20Before%20He%20Cheats",
    "artist": "Carrie Underwood",
    "songTitle": "Before He Cheats"
},{
    "rank": "uploads/position/21-pos-top40charts.png",
    "youTubeUrl": "http://www.youtube.com/results?search_query=Pink%20-%20U%20+%20Ur%20Hand",
    "artist": "Pink",
    "songTitle": "U + Ur Hand"
},{
    "rank": "uploads/position/22-pos-top40charts.png",
    "youTubeUrl": "http://www.youtube.com/results?search_query=Justin%20Timberlake%20-%20Summer%20Love",
    "artist": "Justin Timberlake",
    "songTitle": "Summer Love"
},{
    "rank": "uploads/position/23-pos-top40charts.png",
    "youTubeUrl": "http://www.youtube.com/results?search_query=Shop%20Boyz%20-%20Party%20Like%20A%20Rockstar",
    "artist": "Shop Boyz",
    "songTitle": "Party Like A Rockstar"
},{
    "rank": "uploads/position/24-pos-top40charts.png",
    "youTubeUrl": "http://www.youtube.com/results?search_query=Justin%20Timberlake%20ft.%20T.I.%20-%20My%20Love",
    "artist": "Justin Timberlake ft. T.I.",
    "songTitle": "My Love"
},{
    "rank": "uploads/position/25-pos-top40charts.png",
    "youTubeUrl": "http://www.youtube.com/results?search_query=The%20Fray%20-%20How%20To%20Save%20A%20Life",
    "artist": "The Fray",
    "songTitle": "How To Save A Life"
},{
    "rank": "uploads/position/26-pos-top40charts.png",
    "youTubeUrl": "http://www.youtube.com/results?search_query=Mims%20-%20This%20Is%20Why%20I%27m%20Hot",
    "artist": "Mims",
    "songTitle": "This Is Why I'm Hot"
},{
    "rank": "uploads/position/27-pos-top40charts.png",
    "youTubeUrl": "http://www.youtube.com/results?search_query=Elliott%20Yamin%20-%20Wait%20For%20You",
    "artist": "Elliott Yamin",
    "songTitle": "Wait For You"
},{
    "rank": "uploads/position/28-pos-top40charts.png",
    "youTubeUrl": "http://www.youtube.com/results?search_query=Kanye%20West%20-%20Stronger",
    "artist": "Kanye West",
    "songTitle": "Stronger"
},{
    "rank": "uploads/position/29-pos-top40charts.png",
    "youTubeUrl": "http://www.youtube.com/results?search_query=Fall%20Out%20Boy%20-%20This%20Ain%27t%20A%20Scene,%20It%27s%20An%20Arms%20Race",
    "artist": "Fall Out Boy",
    "songTitle": "This Ain't A Scene, It's An Arms Race"
},{
    "rank": "uploads/position/30-pos-top40charts.png",
    "youTubeUrl": "http://www.youtube.com/results?search_query=Daughtry%20-%20Home",
    "artist": "Daughtry",
    "songTitle": "Home"
},{
    "rank": "uploads/position/31-pos-top40charts.png",
    "youTubeUrl": "http://www.youtube.com/results?search_query=Fall%20Out%20Boy%20-%20Thnks%20Fr%20Th%20Mmrs",
    "artist": "Fall Out Boy",
    "songTitle": "Thnks Fr Th Mmrs"
},{
    "rank": "uploads/position/32-pos-top40charts.png",
    "youTubeUrl": "http://www.youtube.com/results?search_query=Sean%20Kingston%20-%20Beautiful%20Girls",
    "artist": "Sean Kingston",
    "songTitle": "Beautiful Girls"
},{
    "rank": "uploads/position/33-pos-top40charts.png",
    "youTubeUrl": "http://www.youtube.com/results?search_query=Nickelback%20-%20Rockstar",
    "artist": "Nickelback",
    "songTitle": "Rockstar"
},{
    "rank": "uploads/position/34-pos-top40charts.png",
    "youTubeUrl": "http://www.youtube.com/results?search_query=Soulja%20Boy%20Tell%27em%20-%20Crank%20That%20(Soulja%20Boy)",
    "artist": "Soulja Boy Tell'em",
    "songTitle": "Crank That (Soulja Boy)"
},{
    "rank": "uploads/position/35-pos-top40charts.png",
    "youTubeUrl": "http://www.youtube.com/results?search_query=Nickelback%20-%20If%20Everyone%20Cared",
    "artist": "Nickelback",
    "songTitle": "If Everyone Cared"
},{
    "rank": "uploads/position/36-pos-top40charts.png",
    "youTubeUrl": "http://www.youtube.com/results?search_query=The%20All%20-%20American%20Rejects%20-%20It%20Ends%20Tonight",
    "artist": "The All American Rejects",
    "songTitle": "It Ends Tonight"
},{
    "rank": "uploads/position/37-pos-top40charts.png",
    "youTubeUrl": "http://www.youtube.com/results?search_query=Paula%20Deanda%20ft.%20The%20Dey%20-%20Walk%20Away%20(Remember%20Me)",
    "artist": "Paula Deanda ft. The Dey",
    "songTitle": "Walk Away (Remember Me)"
},{
    "rank": "uploads/position/38-pos-top40charts.png",
    "youTubeUrl": "http://www.youtube.com/results?search_query=Diddy%20ft.%20Keyshia%20Cole%20-%20Last%20Night",
    "artist": "Diddy ft. Keyshia Cole",
    "songTitle": "Last Night"
},{
    "rank": "uploads/position/39-pos-top40charts.png",
    "youTubeUrl": "http://www.youtube.com/results?search_query=Pink%20-%20Who%20Knew",
    "artist": "Pink",
    "songTitle": "Who Knew"
},{
    "rank": "uploads/position/40-pos-top40charts.png",
    "youTubeUrl": "http://www.youtube.com/results?search_query=Rihanna%20Sean%20Paul%20-%20Break%20It%20Off",
    "artist": "Rihanna & Sean Paul",
    "songTitle": "Break It Off"
}