{
    "rank": "uploads/position/1-pos-top40charts.png",
    "youTubeUrl": "http://www.youtube.com/results?search_query=The%20Black%20Eyed%20Peas%20-%20Boom%20Boom%20Pow",
    "artist": "The Black Eyed Peas",
    "songTitle": "Boom Boom Pow"
},{
    "rank": "uploads/position/2-pos-top40charts.png",
    "youTubeUrl": "http://www.youtube.com/results?search_query=Lady%20Gaga%20-%20Poker%20Face",
    "artist": "Lady Gaga",
    "songTitle": "Poker Face"
},{
    "rank": "uploads/position/3-pos-top40charts.png",
    "youTubeUrl": "http://www.youtube.com/results?search_query=Lady%20Gaga%20Featuring%20Colby%20O%27donis%20-%20Just%20Dance",
    "artist": "Lady Gaga Featuring Colby O'donis",
    "songTitle": "Just Dance"
},{
    "rank": "uploads/position/4-pos-top40charts.png",
    "youTubeUrl": "http://www.youtube.com/results?search_query=The%20Black%20Eyed%20Peas%20-%20I%20Gotta%20Feeling",
    "artist": "The Black Eyed Peas",
    "songTitle": "I Gotta Feeling"
},{
    "rank": "uploads/position/5-pos-top40charts.png",
    "youTubeUrl": "http://www.youtube.com/results?search_query=Taylor%20Swift%20-%20Love%20Story",
    "artist": "Taylor Swift",
    "songTitle": "Love Story"
},{
    "rank": "uploads/position/6-pos-top40charts.png",
    "youTubeUrl": "http://www.youtube.com/results?search_query=Flo%20Rida%20-%20Right%20Round",
    "artist": "Flo Rida",
    "songTitle": "Right Round"
},{
    "rank": "uploads/position/7-pos-top40charts.png",
    "youTubeUrl": "http://www.youtube.com/results?search_query=Jason%20Mraz%20-%20I%27m%20Yours",
    "artist": "Jason Mraz",
    "songTitle": "I'm Yours"
},{
    "rank": "uploads/position/8-pos-top40charts.png",
    "youTubeUrl": "http://www.youtube.com/results?search_query=Beyonce%20-%20Single%20Ladies%20(Put%20A%20Ring%20On%20It)",
    "artist": "Beyonce",
    "songTitle": "Single Ladies (Put A Ring On It)"
},{
    "rank": "uploads/position/9-pos-top40charts.png",
    "youTubeUrl": "http://www.youtube.com/results?search_query=Kanye%20West%20-%20Heartless",
    "artist": "Kanye West",
    "songTitle": "Heartless"
},{
    "rank": "uploads/position/10-pos-top40charts.png",
    "youTubeUrl": "http://www.youtube.com/results?search_query=The%20All%20-%20American%20Rejects%20-%20Gives%20You%20Hell",
    "artist": "The All American Rejects",
    "songTitle": "Gives You Hell"
},{
    "rank": "uploads/position/11-pos-top40charts.png",
    "youTubeUrl": "http://www.youtube.com/results?search_query=Taylor%20Swift%20-%20You%20Belong%20With%20Me",
    "artist": "Taylor Swift",
    "songTitle": "You Belong With Me"
},{
    "rank": "uploads/position/12-pos-top40charts.png",
    "youTubeUrl": "http://www.youtube.com/results?search_query=T.I.%20Featuring%20Justin%20Timberlake%20-%20Dead%20And%20Gone",
    "artist": "T.I. Featuring Justin Timberlake",
    "songTitle": "Dead And Gone"
},{
    "rank": "uploads/position/13-pos-top40charts.png",
    "youTubeUrl": "http://www.youtube.com/results?search_query=The%20Fray%20-%20You%20Found%20Me",
    "artist": "The Fray",
    "songTitle": "You Found Me"
},{
    "rank": "uploads/position/14-pos-top40charts.png",
    "youTubeUrl": "http://www.youtube.com/results?search_query=Kings%20Of%20Leon%20-%20Use%20Somebody",
    "artist": "Kings Of Leon",
    "songTitle": "Use Somebody"
},{
    "rank": "uploads/position/15-pos-top40charts.png",
    "youTubeUrl": "http://www.youtube.com/results?search_query=Keri%20Hilson%20Featuring%20Kanye%20West%20Ne%20-%20Yo%20-%20Knock%20You%20Down",
    "artist": "Keri Hilson Featuring Kanye West & Ne Yo",
    "songTitle": "Knock You Down"
},{
    "rank": "uploads/position/16-pos-top40charts.png",
    "youTubeUrl": "http://www.youtube.com/results?search_query=Jamie%20Foxx%20Featuring%20T%20-%20Pain%20-%20Blame%20It",
    "artist": "Jamie Foxx Featuring T pain",
    "songTitle": "Blame It"
},{
    "rank": "uploads/position/17-pos-top40charts.png",
    "youTubeUrl": "http://www.youtube.com/results?search_query=Pitbull%20-%20I%20Know%20You%20Want%20Me%20(Calle%20Ocho)",
    "artist": "Pitbull",
    "songTitle": "I Know You Want Me (Calle Ocho)"
},{
    "rank": "uploads/position/18-pos-top40charts.png",
    "youTubeUrl": "http://www.youtube.com/results?search_query=T.I.%20Featuring%20Rihanna%20-%20Live%20Your%20Life",
    "artist": "T.I. Featuring Rihanna",
    "songTitle": "Live Your Life"
},{
    "rank": "uploads/position/19-pos-top40charts.png",
    "youTubeUrl": "http://www.youtube.com/results?search_query=Soulja%20Boy%20Tell%20%27em%20Featuring%20Sammie%20-%20Kiss%20Me%20Thru%20The%20Phone",
    "artist": "Soulja Boy Tell 'em Featuring Sammie",
    "songTitle": "Kiss Me Thru The Phone"
},{
    "rank": "uploads/position/20-pos-top40charts.png",
    "youTubeUrl": "http://www.youtube.com/results?search_query=Jay%20Sean%20Featuring%20Lil%20Wayne%20-%20Down",
    "artist": "Jay Sean Featuring Lil Wayne",
    "songTitle": "Down"
},{
    "rank": "uploads/position/21-pos-top40charts.png",
    "youTubeUrl": "http://www.youtube.com/results?search_query=Miley%20Cyrus%20-%20The%20Climb",
    "artist": "Miley Cyrus",
    "songTitle": "The Climb"
},{
    "rank": "uploads/position/22-pos-top40charts.png",
    "youTubeUrl": "http://www.youtube.com/results?search_query=Drake%20-%20Best%20I%20Ever%20Had",
    "artist": "Drake",
    "songTitle": "Best I Ever Had"
},{
    "rank": "uploads/position/23-pos-top40charts.png",
    "youTubeUrl": "http://www.youtube.com/results?search_query=Kelly%20Clarkson%20-%20My%20Life%20Would%20Suck%20Without%20You",
    "artist": "Kelly Clarkson",
    "songTitle": "My Life Would Suck Without You"
},{
    "rank": "uploads/position/24-pos-top40charts.png",
    "youTubeUrl": "http://www.youtube.com/results?search_query=Beyonce%20-%20Halo",
    "artist": "Beyonce",
    "songTitle": "Halo"
},{
    "rank": "uploads/position/25-pos-top40charts.png",
    "youTubeUrl": "http://www.youtube.com/results?search_query=Katy%20Perry%20-%20Hot%20N%20Cold",
    "artist": "Katy Perry",
    "songTitle": "Hot N Cold"
},{
    "rank": "uploads/position/26-pos-top40charts.png",
    "youTubeUrl": "http://www.youtube.com/results?search_query=Shinedown%20-%20Second%20Chance",
    "artist": "Shinedown",
    "songTitle": "Second Chance"
},{
    "rank": "uploads/position/27-pos-top40charts.png",
    "youTubeUrl": "http://www.youtube.com/results?search_query=Britney%20Spears%20-%20Circus",
    "artist": "Britney Spears",
    "songTitle": "Circus"
},{
    "rank": "uploads/position/28-pos-top40charts.png",
    "youTubeUrl": "http://www.youtube.com/results?search_query=Kid%20Cudi%20-%20Day%20%27n%27%20Nite",
    "artist": "Kid Cudi",
    "songTitle": "Day 'n' Nite"
},{
    "rank": "uploads/position/29-pos-top40charts.png",
    "youTubeUrl": "http://www.youtube.com/results?search_query=Miley%20Cyrus%20-%20Party%20In%20The%20U.S.A.",
    "artist": "Miley Cyrus",
    "songTitle": "Party In The U.S.A."
},{
    "rank": "uploads/position/30-pos-top40charts.png",
    "youTubeUrl": "http://www.youtube.com/results?search_query=3oh!3%20-%20Don%27t%20Trust%20Me",
    "artist": "3oh!3",
    "songTitle": "Don't Trust Me"
},{
    "rank": "uploads/position/31-pos-top40charts.png",
    "youTubeUrl": "http://www.youtube.com/results?search_query=Jay%20-%20Z,%20Rihanna%20Kanye%20West%20-%20Run%20This%20Town",
    "artist": "Jay Z, Rihanna & Kanye West",
    "songTitle": "Run This Town"
},{
    "rank": "uploads/position/32-pos-top40charts.png",
    "youTubeUrl": "http://www.youtube.com/results?search_query=Kevin%20Rudolf%20Featuring%20Lil%20Wayne%20-%20Let%20It%20Rock",
    "artist": "Kevin Rudolf Featuring Lil Wayne",
    "songTitle": "Let It Rock"
},{
    "rank": "uploads/position/33-pos-top40charts.png",
    "youTubeUrl": "http://www.youtube.com/results?search_query=Sean%20Kingston%20-%20Fire%20Burning",
    "artist": "Sean Kingston",
    "songTitle": "Fire Burning"
},{
    "rank": "uploads/position/34-pos-top40charts.png",
    "youTubeUrl": "http://www.youtube.com/results?search_query=Jason%20Derulo%20-%20Whatcha%20Say",
    "artist": "Jason Derulo",
    "songTitle": "Whatcha Say"
},{
    "rank": "uploads/position/35-pos-top40charts.png",
    "youTubeUrl": "http://www.youtube.com/results?search_query=Lady%20Gaga%20-%20Lovegame",
    "artist": "Lady Gaga",
    "songTitle": "Lovegame"
},{
    "rank": "uploads/position/36-pos-top40charts.png",
    "youTubeUrl": "http://www.youtube.com/results?search_query=Katy%20Perry%20-%20Waking%20Up%20In%20Vegas",
    "artist": "Katy Perry",
    "songTitle": "Waking Up In Vegas"
},{
    "rank": "uploads/position/37-pos-top40charts.png",
    "youTubeUrl": "http://www.youtube.com/results?search_query=Jeremih%20-%20Birthday%20Sex",
    "artist": "Jeremih",
    "songTitle": "Birthday Sex"
},{
    "rank": "uploads/position/38-pos-top40charts.png",
    "youTubeUrl": "http://www.youtube.com/results?search_query=Pink%20-%20Sober",
    "artist": "Pink",
    "songTitle": "Sober"
},{
    "rank": "uploads/position/39-pos-top40charts.png",
    "youTubeUrl": "http://www.youtube.com/results?search_query=Britney%20Spears%20-%20Womanizer",
    "artist": "Britney Spears",
    "songTitle": "Womanizer"
},{
    "rank": "uploads/position/40-pos-top40charts.png",
    "youTubeUrl": "http://www.youtube.com/results?search_query=T.I.%20-%20Whatever%20You%20Like",
    "artist": "T.I.",
    "songTitle": "Whatever You Like"
}