{
    "rank": "uploads/position/1-pos-top40charts.png",
    "youTubeUrl": "http://www.youtube.com/results?search_query=Ke$ha%20-%20Tik%20Tok",
    "artist": "Ke$ha",
    "songTitle": "Tik Tok"
},{
    "rank": "uploads/position/2-pos-top40charts.png",
    "youTubeUrl": "http://www.youtube.com/results?search_query=Lady%20Antebellem%20Need%20You%20Now",
    "artist": "Lady Antebellem",
    "songTitle": "Need You Now"
},{
    "rank": "uploads/position/3-pos-top40charts.png",
    "youTubeUrl": "http://www.youtube.com/results?search_query=Train%20Hey%20Soul%20Sister",
    "artist": "Train",
    "songTitle": "Hey Soul Sister"
},{
    "rank": "uploads/position/4-pos-top40charts.png",
    "youTubeUrl": "http://www.youtube.com/results?search_query=Katy%20Perry%20Featuring%20Snoop%20Dogg%20-%20California%20Gurls",
    "artist": "Katy Perry Featuring Snoop Dogg",
    "songTitle": "California Gurls"
},{
    "rank": "uploads/position/5-pos-top40charts.png",
    "youTubeUrl": "http://www.youtube.com/results?search_query=Usher%20Feat%20will.i.am%20-%20OMG",
    "artist": "Usher Feat will.i.am",
    "songTitle": "OMG"
},{
    "rank": "uploads/position/6-pos-top40charts.png",
    "youTubeUrl": "http://www.youtube.com/results?search_query=B.o.B%20Featuring%20Hayley%20Williams%20-%20Airplanes",
    "artist": "B.o.B Featuring Hayley Williams",
    "songTitle": "Airplanes"
},{
    "rank": "uploads/position/7-pos-top40charts.png",
    "youTubeUrl": "http://www.youtube.com/results?search_query=Eminem%20Featuring%20Rihanna%20-%20Love%20The%20Way%20You%20Lie",
    "artist": "Eminem Featuring Rihanna",
    "songTitle": "Love The Way You Lie"
},{
    "rank": "uploads/position/8-pos-top40charts.png",
    "youTubeUrl": "http://www.youtube.com/results?search_query=Lady%20Gaga%20Bad%20Romance",
    "artist": "Lady Gaga",
    "songTitle": "Bad Romance"
},{
    "rank": "uploads/position/9-pos-top40charts.png",
    "youTubeUrl": "http://www.youtube.com/results?search_query=Taio%20Cruz%20-%20Dynamite",
    "artist": "Taio Cruz",
    "songTitle": "Dynamite"
},{
    "rank": "uploads/position/10-pos-top40charts.png",
    "youTubeUrl": "http://www.youtube.com/results?search_query=Taio%20Cruz%20Featuring%20Ludacris%20-%20Break%20Your%20Heart",
    "artist": "Taio Cruz Featuring Ludacris",
    "songTitle": "Break Your Heart"
},{
    "rank": "uploads/position/11-pos-top40charts.png",
    "youTubeUrl": "http://www.youtube.com/results?search_query=B.o.B%20Featuring%20Bruno%20Mars%20-%20Nothin%20On%20You",
    "artist": "B.o.B Featuring Bruno Mars",
    "songTitle": "Nothin On You"
},{
    "rank": "uploads/position/12-pos-top40charts.png",
    "youTubeUrl": "http://www.youtube.com/results?search_query=Enrique%20Iglesias%20Featuring%20Pitbull%20-%20I%20Like%20It",
    "artist": "Enrique Iglesias Featuring Pitbull",
    "songTitle": "I Like It"
},{
    "rank": "uploads/position/13-pos-top40charts.png",
    "youTubeUrl": "http://www.youtube.com/results?search_query=Young%20Money%20Featuring%20Lloyd%20-%20Bedrock",
    "artist": "Young Money Featuring Lloyd",
    "songTitle": "Bedrock"
},{
    "rank": "uploads/position/14-pos-top40charts.png",
    "youTubeUrl": "http://www.youtube.com/results?search_query=Jason%20Derulo%20-%20In%20My%20Head",
    "artist": "Jason Derulo",
    "songTitle": "In My Head"
},{
    "rank": "uploads/position/15-pos-top40charts.png",
    "youTubeUrl": "http://www.youtube.com/results?search_query=Rihanna%20-%20Rude%20Boy",
    "artist": "Rihanna",
    "songTitle": "Rude Boy"
},{
    "rank": "uploads/position/16-pos-top40charts.png",
    "youTubeUrl": "http://www.youtube.com/results?search_query=Lady%20Gaga%20Feat%20Beyonce%20-%20Telephone",
    "artist": "Lady Gaga Feat Beyonce",
    "songTitle": "Telephone"
},{
    "rank": "uploads/position/17-pos-top40charts.png",
    "youTubeUrl": "http://www.youtube.com/results?search_query=Katy%20Perry%20-%20Teenage%20Dream",
    "artist": "Katy Perry",
    "songTitle": "Teenage Dream"
},{
    "rank": "uploads/position/18-pos-top40charts.png",
    "youTubeUrl": "http://www.youtube.com/results?search_query=Bruno%20Mars%20Just%20The%20Way%20You%20Are",
    "artist": "Bruno Mars",
    "songTitle": "Just The Way You Are"
},{
    "rank": "uploads/position/19-pos-top40charts.png",
    "youTubeUrl": "http://www.youtube.com/results?search_query=Mike%20Posner%20Cooler%20Than%20Me",
    "artist": "Mike Posner",
    "songTitle": "Cooler Than Me"
},{
    "rank": "uploads/position/20-pos-top40charts.png",
    "youTubeUrl": "http://www.youtube.com/results?search_query=The%20Black%20Eyed%20Peas%20Imma%20Be",
    "artist": "The Black Eyed Peas",
    "songTitle": "Imma Be"
},{
    "rank": "uploads/position/21-pos-top40charts.png",
    "youTubeUrl": "http://www.youtube.com/results?search_query=Jay-Z%20+%20Alicia%20Keys%20-%20Empire%20State%20Of%20Mind",
    "artist": "Jay-Z + Alicia Keys",
    "songTitle": "Empire State Of Mind"
},{
    "rank": "uploads/position/22-pos-top40charts.png",
    "youTubeUrl": "http://www.youtube.com/results?search_query=Usher%20Featuring%20Pitbull%20-%20DJ%20Got%20Us%20Fallin%20In%20Love",
    "artist": "Usher Featuring Pitbull",
    "songTitle": "DJ Got Us Fallin In Love"
},{
    "rank": "uploads/position/23-pos-top40charts.png",
    "youTubeUrl": "http://www.youtube.com/results?search_query=Travie%20McCoy%20Featuring%20Bruno%20Mars%20-%20Billionaire",
    "artist": "Travie McCoy Featuring Bruno Mars",
    "songTitle": "Billionaire"
},{
    "rank": "uploads/position/24-pos-top40charts.png",
    "youTubeUrl": "http://www.youtube.com/results?search_query=Eminem%20Not%20Afraid",
    "artist": "Eminem",
    "songTitle": "Not Afraid"
},{
    "rank": "uploads/position/25-pos-top40charts.png",
    "youTubeUrl": "http://www.youtube.com/results?search_query=Lyaz%20Replay",
    "artist": "Lyaz",
    "songTitle": "Replay"
},{
    "rank": "uploads/position/26-pos-top40charts.png",
    "youTubeUrl": "http://www.youtube.com/results?search_query=David%20Guetta%20Featuring%20Akon%20-%20Sexy%20Chick",
    "artist": "David Guetta Featuring Akon",
    "songTitle": "Sexy Chick"
},{
    "rank": "uploads/position/27-pos-top40charts.png",
    "youTubeUrl": "http://www.youtube.com/results?search_query=The%20Script%20Breakeven",
    "artist": "The Script",
    "songTitle": "Breakeven"
},{
    "rank": "uploads/position/28-pos-top40charts.png",
    "youTubeUrl": "http://www.youtube.com/results?search_query=Ke$sha%20Your%20Love%20Is%20My%20Drug",
    "artist": "Ke$sha",
    "songTitle": "Your Love Is My Drug"
},{
    "rank": "uploads/position/29-pos-top40charts.png",
    "youTubeUrl": "http://www.youtube.com/results?search_query=The%20Black%20Eyed%20Peas%20I%20Gotta%20Feelin",
    "artist": "The Black Eyed Peas",
    "songTitle": "I Got A Feelin"
},{
    "rank": "uploads/position/30-pos-top40charts.png",
    "youTubeUrl": "http://www.youtube.com/results?search_query=Owl%20City%20Fire%20Flies",
    "artist": "Owl City",
    "songTitle": "Fire Flies"
},{
    "rank": "uploads/position/31-pos-top40charts.png",
    "youTubeUrl": "http://www.youtube.com/results?search_query=Trey%20Songz%20Featuring%20Fabolous%20Say%20Aah",
    "artist": "Trey Songz Featuring Fabolous",
    "songTitle": "Say Aah"
},{
    "rank": "uploads/position/32-pos-top40charts.png",
    "youTubeUrl": "http://www.youtube.com/results?search_query=Drake%20Find%20Your%20Love",
    "artist": "Drake",
    "songTitle": "Find Your Love"
},{
    "rank": "uploads/position/33-pos-top40charts.png",
    "youTubeUrl": "http://www.youtube.com/results?search_query=Lady%20Gaga%20Alejandro",
    "artist": "Lady Gaga",
    "songTitle": "Alejandro"
},{
    "rank": "uploads/position/34-pos-top40charts.png",
    "youTubeUrl": "http://www.youtube.com/results?search_query=Jason%20Derulo%20-%20Ridin%20Solo",
    "artist": "Jason Durelo",
    "songTitle": "Ridin' Solo"
},{
    "rank": "uploads/position/35-pos-top40charts.png",
    "youTubeUrl": "http://www.youtube.com/results?search_query=Nelly%20Just%20A%20Dream",
    "artist": "Nelly",
    "songTitle": "Just A Dream"
},{
    "rank": "uploads/position/36-pos-top40charts.png",
    "youTubeUrl": "http://www.youtube.com/results?search_query=Ludacris%20How%20Low",
    "artist": "Ludacris",
    "songTitle": "How Low"
},{
    "rank": "uploads/position/37-pos-top40charts.png",
    "youTubeUrl": "http://www.youtube.com/results?search_query=Far*East%20Movement%20Featuring%20Cataracs%20Dev%20Like%20a%20G6",
    "artist": "Far*East Movement Featuring Cataracs & Dev",
    "songTitle": "Like A G6"
},{
    "rank": "uploads/position/38-pos-top40charts.png",
    "youTubeUrl": "http://www.youtube.com/results?search_query=Timbaland%20Featuring%20Justin%20Timberlake%20Carry%20Out",
    "artist": "Timbaland Featuring Justin Timberlake",
    "songTitle": "Carry Out"
},{
    "rank": "uploads/position/39-pos-top40charts.png",
    "youTubeUrl": "http://www.youtube.com/results?search_query=Michael%20Buble%20-%20Haven%27t%20Met%20You%20Yet",
    "artist": "Michael Buble",
    "songTitle": "Haven't Met You Yet"
},{
    "rank": "uploads/position/40-pos-top40charts.png",
    "youTubeUrl": "http://www.youtube.com/results?search_query=Flo%20Rida%20Featuring%20David%20Guetta%20-%20Club%20Can%27t%20Handle%20Me",
    "artist": "Flo Rida Featuring David Guetta",
    "songTitle": "Club Can't Handle Me"
}