{
    "rank": "uploads/position/1-pos-top40charts.png",
    "youTubeUrl": "http://www.youtube.com/results?search_query=Adele%20Rolling%20In%20The%20Deep",
    "artist": "Adele",
    "songTitle": "Rolling In The Deep"
},{
    "rank": "uploads/position/2-pos-top40charts.png",
    "youTubeUrl": "http://www.youtube.com/results?search_query=LMFAO%20ft%20Lauren%20Bennett%20GoonRock%20Party%20Rock%20Anthem",
    "artist": "LMFAO ft. Lauren Bennett & GoonRock",
    "songTitle": "Party Rock Anthem"
},{
    "rank": "uploads/position/3-pos-top40charts.png",
    "youTubeUrl": "http://www.youtube.com/results?search_query=Katy%20Perry%20Firework",
    "artist": "Katy Perry",
    "songTitle": "Firework"
},{
    "rank": "uploads/position/4-pos-top40charts.png",
    "youTubeUrl": "http://www.youtube.com/results?search_query=Katy%20Perry%20ft%20Kanye%20West%20ET",
    "artist": "Katy Perry ft. Kanye West",
    "songTitle": "E.T."
},{
    "rank": "uploads/position/5-pos-top40charts.png",
    "youTubeUrl": "http://www.youtube.com/results?search_query=Pitbull%20ft%20Ne%20Yo%20Afrojack%20Nayer%20Give%20Me%20Everything",
    "artist": "Pitbull ft. Ne-Yo, Afrojack & Nayer",
    "songTitle": "Give Me Everything"
},{
    "rank": "uploads/position/6-pos-top40charts.png",
    "youTubeUrl": "http://www.youtube.com/results?search_query=Bruno%20Mars%20Grenade",
    "artist": "Bruno Mars",
    "songTitle": "Grenade"
},{
    "rank": "uploads/position/7-pos-top40charts.png",
    "youTubeUrl": "http://www.youtube.com/results?search_query=Cee%20Lo%20Green%20Fuck%20You",
    "artist": "Cee Lo Green",
    "songTitle": "Fuck You"
},{
    "rank": "uploads/position/8-pos-top40charts.png",
    "youTubeUrl": "http://www.youtube.com/results?search_query=Nicki%20Minaj%20Super%20Bass",
    "artist": "Nicki Minaj",
    "songTitle": "Super Bass"
},{
    "rank": "uploads/position/9-pos-top40charts.png",
    "youTubeUrl": "http://www.youtube.com/results?search_query=Maroon%205%20ft%20Christina%20Aguilera%20Moves%20Like%20Jagger",
    "artist": "Maroon 5 ft. Christina Aguilera",
    "songTitle": "Moves Like Jagger"
},{
    "rank": "uploads/position/10-pos-top40charts.png",
    "youTubeUrl": "http://www.youtube.com/results?search_query=The%20Black%20Eyed%20Peas%20Just%20Cant%20Get%20Enough",
    "artist": "The Black Eyed Peas",
    "songTitle": "Just Cant Get Enough"
},{
    "rank": "uploads/position/11-pos-top40charts.png",
    "youTubeUrl": "http://www.youtube.com/results?search_query=Jennifer%20Lopez%20ft%20Pitbull%20On%20the%20Floor",
    "artist": "Jennifer Lopez ft. Pitbull",
    "songTitle": "On the Floor"
},{
    "rank": "uploads/position/12-pos-top40charts.png",
    "youTubeUrl": "http://www.youtube.com/results?search_query=Rihanna%20S%20M",
    "artist": "Rihanna",
    "songTitle": "S&M"
},{
    "rank": "uploads/position/13-pos-top40charts.png",
    "youTubeUrl": "http://www.youtube.com/results?search_query=Foster%20the%20People%20Pumped%20Up%20Kicks",
    "artist": "Foster the People",
    "songTitle": "Pumped Up Kicks"
},{
    "rank": "uploads/position/14-pos-top40charts.png",
    "youTubeUrl": "http://www.youtube.com/results?search_query=Katy%20Perry%20Last%20Friday%20Night%20TGIF",
    "artist": "Katy Perry",
    "songTitle": "Last Friday Night (T.G.I.F.)"
},{
    "rank": "uploads/position/15-pos-top40charts.png",
    "youTubeUrl": "http://www.youtube.com/results?search_query=Bruno%20Mars%20Just%20the%20Way%20You%20Are",
    "artist": "Bruno Mars",
    "songTitle": "Just the Way You Are"
},{
    "rank": "uploads/position/16-pos-top40charts.png",
    "youTubeUrl": "http://www.youtube.com/results?search_query=Enrique%20Iglesias%20ft%20Ludacris%20DJ%20Frank%20E%20Tonight%20Im%20Lovin%20You",
    "artist": "Enrique Iglesias ft. Ludacris & DJ Frank E",
    "songTitle": "Tonight (Im Lovin You)"
},{
    "rank": "uploads/position/17-pos-top40charts.png",
    "youTubeUrl": "http://www.youtube.com/results?search_query=Pink%20Raise%20Your%20Glass",
    "artist": "P!nk",
    "songTitle": "Raise Your Glass"
},{
    "rank": "uploads/position/18-pos-top40charts.png",
    "youTubeUrl": "http://www.youtube.com/results?search_query=Lady%20GaGa%20Born%20This%20Way",
    "artist": "Lady GaGa",
    "songTitle": "Born This Way"
},{
    "rank": "uploads/position/19-pos-top40charts.png",
    "youTubeUrl": "http://www.youtube.com/results?search_query=Pink%20Fuckin%20Perfect",
    "artist": "P!nk",
    "songTitle": "Fuckin Perfect"
},{
    "rank": "uploads/position/20-pos-top40charts.png",
    "youTubeUrl": "http://www.youtube.com/results?search_query=Rihanna%20ft%20Drake%20Whats%20My%20Name",
    "artist": "Rihanna ft. Drake",
    "songTitle": "Whats My Name"
},{
    "rank": "uploads/position/21-pos-top40charts.png",
    "youTubeUrl": "http://www.youtube.com/results?search_query=Chris%20Brown%20ft%20Lil%20Wayne%20Busta%20Rhymes%20Look%20At%20Me%20Now",
    "artist": "Chris Brown ft. Lil Wayne & Busta Rhymes",
    "songTitle": "Look At Me Now"
},{
    "rank": "uploads/position/22-pos-top40charts.png",
    "youTubeUrl": "http://www.youtube.com/results?search_query=Jeremih%20ft%2050%20Cent%20Down%20On%20Me",
    "artist": "Jeremih ft. 50 Cent",
    "songTitle": "Down On Me"
},{
    "rank": "uploads/position/23-pos-top40charts.png",
    "youTubeUrl": "http://www.youtube.com/results?search_query=Lil%20Wayne%20How%20to%20Love",
    "artist": "Lil Wayne",
    "songTitle": "How to Love"
},{
    "rank": "uploads/position/24-pos-top40charts.png",
    "youTubeUrl": "http://www.youtube.com/results?search_query=Adele%20Someone%20Like%20You",
    "artist": "Adele",
    "songTitle": "Someone Like You"
},{
    "rank": "uploads/position/25-pos-top40charts.png",
    "youTubeUrl": "http://www.youtube.com/results?search_query=One%20Republic%20Good%20Life",
    "artist": "One Republic",
    "songTitle": "Good Life"
},{
    "rank": "uploads/position/26-pos-top40charts.png",
    "youTubeUrl": "http://www.youtube.com/results?search_query=Bruno%20Mars%20The%20Lazy%20Song",
    "artist": "Bruno Mars",
    "songTitle": "The Lazy Song"
},{
    "rank": "uploads/position/27-pos-top40charts.png",
    "youTubeUrl": "http://www.youtube.com/results?search_query=Britney%20Spears%20Till%20the%20World%20Ends",
    "artist": "Britney Spears",
    "songTitle": "Till the World Ends"
},{
    "rank": "uploads/position/28-pos-top40charts.png",
    "youTubeUrl": "http://www.youtube.com/results?search_query=Lupe%20Fiasco%20The%20Show%20Goes%20On",
    "artist": "Lupe Fiasco",
    "songTitle": "The Show Goes On"
},{
    "rank": "uploads/position/29-pos-top40charts.png",
    "youTubeUrl": "http://www.youtube.com/results?search_query=Lady%20GaGa%20The%20Edge%20of%20Glory",
    "artist": "Lady GaGa",
    "songTitle": "The Edge of Glory"
},{
    "rank": "uploads/position/30-pos-top40charts.png",
    "youTubeUrl": "http://www.youtube.com/results?search_query=Kesha%20We%20R%20Who%20We%20R",
    "artist": "Ke$ha",
    "songTitle": "We R Who We R"
},{
    "rank": "uploads/position/31-pos-top40charts.png",
    "youTubeUrl": "http://www.youtube.com/results?search_query=Wiz%20Khalifa%20Black%20and%20Yellow",
    "artist": "Wiz Khalifa",
    "songTitle": "Black and Yellow"
},{
    "rank": "uploads/position/32-pos-top40charts.png",
    "youTubeUrl": "http://www.youtube.com/results?search_query=Hot%20Chelle%20Rae%20Tonight%20Tonight",
    "artist": "Hot Chelle Rae",
    "songTitle": "Tonight Tonight"
},{
    "rank": "uploads/position/33-pos-top40charts.png",
    "youTubeUrl": "http://www.youtube.com/results?search_query=Kesha%20Blow",
    "artist": "Ke$ha",
    "songTitle": "Blow"
},{
    "rank": "uploads/position/34-pos-top40charts.png",
    "youTubeUrl": "http://www.youtube.com/results?search_query=Bad%20Meets%20Evil%20ft%20Bruno%20Mars%20Lighters",
    "artist": "Bad Meets Evil ft. Bruno Mars",
    "songTitle": "Lighters"
},{
    "rank": "uploads/position/35-pos-top40charts.png",
    "youTubeUrl": "http://www.youtube.com/results?search_query=The%20Band%20Perry%20If%20I%20Die%20Young",
    "artist": "The Band Perry",
    "songTitle": "If I Die Young"
},{
    "rank": "uploads/position/36-pos-top40charts.png",
    "youTubeUrl": "http://www.youtube.com/results?search_query=Gym%20Class%20Heroes%20ft%20Adam%20Levine%20Stereo%20Hearts",
    "artist": "Gym Class Heroes ft. Adam Levine",
    "songTitle": "Stereo Hearts"
},{
    "rank": "uploads/position/37-pos-top40charts.png",
    "youTubeUrl": "http://www.youtube.com/results?search_query=The%20Black%20Eyed%20Peas%20The%20Time%20Dirty%20Bit",
    "artist": "The Black Eyed Peas",
    "songTitle": "The Time (Dirty Bit)"
},{
    "rank": "uploads/position/38-pos-top40charts.png",
    "youTubeUrl": "http://www.youtube.com/results?search_query=Diddy%20Dirty%20Money%20ft%20Skylar%20Grey%20Coming%20Home",
    "artist": "Diddy",
    "songTitle": "Dirty Money ft. Skylar Grey - Coming Home"
},{
    "rank": "uploads/position/39-pos-top40charts.png",
    "youTubeUrl": "http://www.youtube.com/results?search_query=Pitbull%20ft%20T%20Pain%20Hey%20Baby%20Drop%20It%20to%20the%20Floor",
    "artist": "Pitbull ft. T-Pain",
    "songTitle": "Hey Baby (Drop It to the Floor)"
},{
    "rank": "uploads/position/40-pos-top40charts.png",
    "youTubeUrl": "http://www.youtube.com/results?search_query=Rihanna%20Only%20Girl",
    "artist": "Rihanna",
    "songTitle": "Only Girl"
}