{
    "rank": "uploads/position/1-pos-top40charts.png",
    "youTubeUrl": "http://www.youtube.com/results?search_query=Gotye%20Somebody%20That%20I%20Used%20to%20Know",
    "artist": "Gotye",
    "songTitle": "Somebody That I Used to Know"
},{
    "rank": "uploads/position/2-pos-top40charts.png",
    "youTubeUrl": "http://www.youtube.com/results?search_query=Carly%20Rae%20Jepsen%20Call%20Me%20Maybe",
    "artist": "Carly Rae Jepsen",
    "songTitle": "Call Me Maybe"
},{
    "rank": "uploads/position/3-pos-top40charts.png",
    "youTubeUrl": "http://www.youtube.com/results?search_query=Fun%20We%20Are%20Young",
    "artist": "Fun.",
    "songTitle": "We Are Young"
},{
    "rank": "uploads/position/4-pos-top40charts.png",
    "youTubeUrl": "http://www.youtube.com/results?search_query=Maroon%205%20Payphone",
    "artist": "Maroon 5",
    "songTitle": "Payphone"
},{
    "rank": "uploads/position/5-pos-top40charts.png",
    "youTubeUrl": "http://www.youtube.com/results?search_query=Ellie%20Goulding%20Lights",
    "artist": "Ellie Goulding",
    "songTitle": "Lights"
},{
    "rank": "uploads/position/6-pos-top40charts.png",
    "youTubeUrl": "http://www.youtube.com/results?search_query=The%20Wanted%20Glad%20You%20Came",
    "artist": "The Wanted",
    "songTitle": "Glad You Came"
},{
    "rank": "uploads/position/7-pos-top40charts.png",
    "youTubeUrl": "http://www.youtube.com/results?search_query=Kelly%20Clarkson%20What%20Doesnt%20Kill%20You",
    "artist": "Kelly Clarkson",
    "songTitle": "What Doesn’t Kill You"
},{
    "rank": "uploads/position/8-pos-top40charts.png",
    "youTubeUrl": "http://www.youtube.com/results?search_query=Rihanna%20We%20Found%20Love",
    "artist": "Rihanna",
    "songTitle": "We Found Love"
},{
    "rank": "uploads/position/9-pos-top40charts.png",
    "youTubeUrl": "http://www.youtube.com/results?search_query=Nicki%20Minaj%20Starships",
    "artist": "Nicki Minaj",
    "songTitle": "Starships"
},{
    "rank": "uploads/position/10-pos-top40charts.png",
    "youTubeUrl": "http://www.youtube.com/results?search_query=One%20Direction%20What%20Makes%20You%20Beautiful",
    "artist": "One Direction",
    "songTitle": "What Makes You Beautiful"
},{
    "rank": "uploads/position/11-pos-top40charts.png",
    "youTubeUrl": "http://www.youtube.com/results?search_query=Flo%20Rida%20Wild%20Ones",
    "artist": "Flo Rida",
    "songTitle": "Wild Ones"
},{
    "rank": "uploads/position/12-pos-top40charts.png",
    "youTubeUrl": "http://www.youtube.com/results?search_query=Adele%20Set%20Fire%20To%20The%20Rain",
    "artist": "Adele",
    "songTitle": "Set Fire To The Rain"
},{
    "rank": "uploads/position/13-pos-top40charts.png",
    "youTubeUrl": "http://www.youtube.com/results?search_query=LMFAO%20Sexy%20and%20I%20Know%20It",
    "artist": "LMFAO",
    "songTitle": "Sexy and I Know It"
},{
    "rank": "uploads/position/14-pos-top40charts.png",
    "youTubeUrl": "http://www.youtube.com/results?search_query=Fun%20Some%20Nights",
    "artist": "Fun.",
    "songTitle": "Some Nights"
},{
    "rank": "uploads/position/15-pos-top40charts.png",
    "youTubeUrl": "http://www.youtube.com/results?search_query=Katy%20Perry%20Wide%20Awake",
    "artist": "Katy Perry",
    "songTitle": "Wide Awake"
},{
    "rank": "uploads/position/16-pos-top40charts.png",
    "youTubeUrl": "http://www.youtube.com/results?search_query=Flo%20Rida%20Good%20Feeling",
    "artist": "Flo Rida",
    "songTitle": "Good Feeling"
},{
    "rank": "uploads/position/17-pos-top40charts.png",
    "youTubeUrl": "http://www.youtube.com/results?search_query=Flo%20Rida%20Whistle",
    "artist": "Flo Rida",
    "songTitle": "Whistle"
},{
    "rank": "uploads/position/18-pos-top40charts.png",
    "youTubeUrl": "http://www.youtube.com/results?search_query=Maroon%205%20One%20More%20Night",
    "artist": "Maroon 5",
    "songTitle": "One More Night"
},{
    "rank": "uploads/position/19-pos-top40charts.png",
    "youTubeUrl": "http://www.youtube.com/results?search_query=Train%20Drive%20By",
    "artist": "Train",
    "songTitle": "Drive By"
},{
    "rank": "uploads/position/20-pos-top40charts.png",
    "youTubeUrl": "http://www.youtube.com/results?search_query=Drake%20The%20Motto",
    "artist": "Drake",
    "songTitle": "The Motto"
},{
    "rank": "uploads/position/21-pos-top40charts.png",
    "youTubeUrl": "http://www.youtube.com/results?search_query=Rihanna%20Where%20Have%20You%20Been",
    "artist": "Rihanna",
    "songTitle": "Where Have You Been"
},{
    "rank": "uploads/position/22-pos-top40charts.png",
    "youTubeUrl": "http://www.youtube.com/results?search_query=Neon%20Trees%20Everybody%20Talks",
    "artist": "Neon Trees",
    "songTitle": "Everybody Talks"
},{
    "rank": "uploads/position/23-pos-top40charts.png",
    "youTubeUrl": "http://www.youtube.com/results?search_query=Drake%20Take%20Care",
    "artist": "Drake",
    "songTitle": "Take Care"
},{
    "rank": "uploads/position/24-pos-top40charts.png",
    "youTubeUrl": "http://www.youtube.com/results?search_query=David%20Guetta%20Titanium",
    "artist": "David Guetta",
    "songTitle": "Titanium"
},{
    "rank": "uploads/position/25-pos-top40charts.png",
    "youTubeUrl": "http://www.youtube.com/results?search_query=Jason%20Mraz%20I%20Wont%20Give%20Up",
    "artist": "Jason Mraz",
    "songTitle": "I Won’t Give Up"
},{
    "rank": "uploads/position/26-pos-top40charts.png",
    "youTubeUrl": "http://www.youtube.com/results?search_query=Bruno%20Mars%20It%20Will%20Rain",
    "artist": "Bruno Mars",
    "songTitle": "It Will Rain"
},{
    "rank": "uploads/position/27-pos-top40charts.png",
    "youTubeUrl": "http://www.youtube.com/results?search_query=Kanye%20West%20Mercy",
    "artist": "Kanye West",
    "songTitle": "Mercy"
},{
    "rank": "uploads/position/28-pos-top40charts.png",
    "youTubeUrl": "http://www.youtube.com/results?search_query=Justin%20Bieber%20Boyfriend",
    "artist": "Justin Bieber",
    "songTitle": "Boyfriend"
},{
    "rank": "uploads/position/29-pos-top40charts.png",
    "youTubeUrl": "http://www.youtube.com/results?search_query=LMFAO%20Party%20Rock%20Anthem",
    "artist": "LMFAO",
    "songTitle": "Party Rock Anthem"
},{
    "rank": "uploads/position/30-pos-top40charts.png",
    "youTubeUrl": "http://www.youtube.com/results?search_query=Alex%20Clare%20Too%20Close",
    "artist": "Alex Clare",
    "songTitle": "Too Close"
},{
    "rank": "uploads/position/31-pos-top40charts.png",
    "youTubeUrl": "http://www.youtube.com/results?search_query=Katy%20Perry%20Part%20of%20Me",
    "artist": "Katy Perry",
    "songTitle": "Part of Me"
},{
    "rank": "uploads/position/32-pos-top40charts.png",
    "youTubeUrl": "http://www.youtube.com/results?search_query=Snoop%20Dogg%20Wiz%20Khalifa%20Young%20Wild%20Free",
    "artist": "Snoop Dogg & Wiz Khalifa",
    "songTitle": "Young, Wild & Free"
},{
    "rank": "uploads/position/33-pos-top40charts.png",
    "youTubeUrl": "http://www.youtube.com/results?search_query=Taylor%20Swift%20We%20Are%20Never%20Ever%20Getting%20Back%20Together",
    "artist": "Taylor Swift",
    "songTitle": "We Are Never Ever Getting Back Together"
},{
    "rank": "uploads/position/34-pos-top40charts.png",
    "youTubeUrl": "http://www.youtube.com/results?search_query=Justin%20Bieber%20As%20Long%20As%20You%20Love%20Me",
    "artist": "Justin Bieber",
    "songTitle": "As Long As You Love Me"
},{
    "rank": "uploads/position/35-pos-top40charts.png",
    "youTubeUrl": "http://www.youtube.com/results?search_query=David%20Guetta%20Turn%20Me%20On",
    "artist": "David Guetta",
    "songTitle": "Turn Me On"
},{
    "rank": "uploads/position/36-pos-top40charts.png",
    "youTubeUrl": "http://www.youtube.com/results?search_query=Maroon%205%20Moves%20Like%20Jagger",
    "artist": "Maroon 5",
    "songTitle": "Moves Like Jagger"
},{
    "rank": "uploads/position/37-pos-top40charts.png",
    "youTubeUrl": "http://www.youtube.com/results?search_query=P!nk%20Blow%20Me",
    "artist": "P!nk",
    "songTitle": "Blow Me"
},{
    "rank": "uploads/position/38-pos-top40charts.png",
    "youTubeUrl": "http://www.youtube.com/results?search_query=Carly%20Rae%20Jepsen%20Owl%20City%20Good%20Time",
    "artist": "Carly Rae Jepsen & Owl City",
    "songTitle": "Good Time"
},{
    "rank": "uploads/position/39-pos-top40charts.png",
    "youTubeUrl": "http://www.youtube.com/results?search_query=Demi%20Lovato%20Give%20Your%20Heart%20a%20Break",
    "artist": "Demi Lovato",
    "songTitle": "Give Your Heart a Break"
},{
    "rank": "uploads/position/40-pos-top40charts.png",
    "youTubeUrl": "http://www.youtube.com/results?search_query=JayZ%20Kanye%20West%20Niggas%20In%20Paris",
    "artist": "Jay-Z & Kanye West",
    "songTitle": "Ni**as In Paris"
}