{
    "rank": "uploads/position/1-pos-top40charts.png",
    "youTubeUrl": "http://www.youtube.com/results?search_query=patti%20page%20tennessee%20waltz",
    "chromeProfileUrl": "http://www.google.com/search?q=(patti%20page)",
    "artist": "Patti Page",
    "songTitle": "The Tennessee Waltz"
},{
    "rank": "uploads/position/2-pos-top40charts.png",
    "youTubeUrl": "http://www.youtube.com/results?search_query=weavers%20goodnight",
    "chromeProfileUrl": "http://www.google.com/search?q=(weavers)",
    "artist": "Weavers (Gordon Jenkins And His Orchestra)",
    "songTitle": "Goodnight"
},{
    "rank": "uploads/position/3-pos-top40charts.png",
    "youTubeUrl": "http://www.youtube.com/results?search_query=Anton%20Karas%20third%20man%20theme",
    "chromeProfileUrl": "http://www.google.com/search?q=(Anton%20Karas)",
    "artist": "Anton Karas",
    "songTitle": "The Third Man Theme"
},{
    "rank": "uploads/position/4-pos-top40charts.png",
    "youTubeUrl": "http://www.youtube.com/results?search_query=guy%20lombardo%20canadians%20the%20third",
    "chromeProfileUrl": "http://www.google.com/search?q=(guy%20lombardo)",
    "artist": "Guy Lombardo And His Royal Canadians",
    "songTitle": "The Third"
},{
    "rank": "uploads/position/5-pos-top40charts.png",
    "youTubeUrl": "http://www.youtube.com/results?search_query=eileen%20barton%20if%20knew%20comin",
    "chromeProfileUrl": "http://www.google.com/search?q=(eileen%20barton)",
    "artist": "Eileen Barton",
    "songTitle": "If I Knew You Were Comin'"
},{
    "rank": "uploads/position/6-pos-top40charts.png",
    "youTubeUrl": "http://www.youtube.com/results?search_query=Nat%27king%27%20Cole%20les%20baxter",
    "chromeProfileUrl": "http://www.google.com/search?q=(Nat%27king%27%20Cole)",
    "artist": "Nat ''king'' Cole",
    "songTitle": "Les Baxter And His Orchestra"
},{
    "rank": "uploads/position/7-pos-top40charts.png",
    "youTubeUrl": "http://www.youtube.com/results?search_query=red%20foley%20Chattanoogie%20Shoe%20Shine%20Boy",
    "chromeProfileUrl": "http://www.google.com/search?q=(red%20foley%20Chattanoogie)",
    "artist": "Red Foley",
    "songTitle": "Chattanoogie Shoe Shine Boy"
},{
    "rank": "uploads/position/8-pos-top40charts.png",
    "youTubeUrl": "http://www.youtube.com/results?search_query=andrews%20sisters%20I%20Can%20Dream,%20Can%27t%20I",
    "chromeProfileUrl": "http://www.google.com/search?q=(andrews%20sisters)",
    "artist": "Andrews Sisters",
    "songTitle": "I Can Dream, Can't I"
},{
    "rank": "uploads/position/9-pos-top40charts.png",
    "youTubeUrl": "http://www.youtube.com/results?search_query=patti%20page%20all%20my%20love",
    "chromeProfileUrl": "http://www.google.com/search?q=(patti%20page)",
    "artist": "Patti Page",
    "songTitle": "All My Love"
},{
    "rank": "uploads/position/10-pos-top40charts.png",
    "youTubeUrl": "http://www.youtube.com/results?search_query=phil%20harris%20the%20thing",
    "chromeProfileUrl": "http://www.google.com/search?q=(phil%20harris)",
    "artist": "Phil Harris",
    "songTitle": "The Thing"
},{
    "rank": "uploads/position/11-pos-top40charts.png",
    "youTubeUrl": "http://www.youtube.com/results?search_query=Sammy%20Kaye%20And%20His%20Orchestra%20harbor%20Lights",
    "chromeProfileUrl": "http://www.google.com/search?q=(Sammy%20Kaye%20And%20His%20Orchestra)",
    "artist": "Sammy Kaye And His Orchestra",
    "songTitle": "Harbor Lights"
},{
    "rank": "uploads/position/12-pos-top40charts.png",
    "youTubeUrl": "http://www.youtube.com/results?search_query=Teresa%20Brewer%20music",
    "chromeProfileUrl": "http://www.google.com/search?q=(Teresa%20Brewer)",
    "artist": "Teresa Brewer",
    "songTitle": "Music! Music! Music!"
},{
    "rank": "uploads/position/13-pos-top40charts.png",
    "youTubeUrl": "http://www.youtube.com/results?search_query=Andrews%20Sisters%20i%20wanna%20be%20loved",
    "chromeProfileUrl": "http://www.google.com/search?q=(Andrews%20Sisters)",
    "artist": "Andrews Sisters",
    "songTitle": "I Wanna Be Loved"
},{
    "rank": "uploads/position/14-pos-top40charts.png",
    "youTubeUrl": "http://www.youtube.com/results?search_query=ames%20brothers%20rag%20mop",
    "chromeProfileUrl": "http://www.google.com/search?q=(ames%20brothers)",
    "artist": "Ames Brothers",
    "songTitle": "Rag Mop"
},{
    "rank": "uploads/position/15-pos-top40charts.png",
    "youTubeUrl": "http://www.youtube.com/results?search_query=Frankie%20Laine%20The%20Cry%20Of%20The%20Wild%20Goose",
    "chromeProfileUrl": "http://www.google.com/search?q=(Frankie%20Laine)",
    "artist": "Frankie Laine",
    "songTitle": "The Cry Of The Wild Goose"
},{
    "rank": "uploads/position/16-pos-top40charts.png",
    "youTubeUrl": "http://www.youtube.com/results?search_query=Perry%20Como%20Fontane%20Sisters%20Hoop%20Dee%20Doo",
    "chromeProfileUrl": "http://www.google.com/search?q=(Perry%20Como%20Fontane%20Sisters)",
    "artist": "Perry Como And Fontane Sisters",
    "songTitle": "Hoop Dee Doo"
},{
    "rank": "uploads/position/17-pos-top40charts.png",
    "youTubeUrl": "http://www.youtube.com/results?search_query=ames%20brothers%20Sentimental%20Me",
    "chromeProfileUrl": "http://www.google.com/search?q=(ames%20brothers)",
    "artist": "Ames Brothers",
    "songTitle": "Sentimental Me"
},{
    "rank": "uploads/position/18-pos-top40charts.png",
    "youTubeUrl": "http://www.youtube.com/results?search_query=Sammy%20Kaye%20His%20Orchestra%20vocal%20Don%20Cornell",
    "chromeProfileUrl": "http://www.google.com/search?q=(Sammy%20Kaye%20His%20Orchestra%)",
    "artist": "Sammy Kaye And His Orchestra",
    "songTitle": "(Vocal Don Cornell)"
},{
    "rank": "uploads/position/19-pos-top40charts.png",
    "youTubeUrl": "http://www.youtube.com/results?search_query=bing%20crosby%20Dear%20Hearts%20And%20Gentle%20People",
    "chromeProfileUrl": "http://www.google.com/search?q=(bing%20crosby)",
    "artist": "Bing Crosby",
    "songTitle": "Dear Hearts And Gentle People"
},{
    "rank": "uploads/position/20-pos-top40charts.png",
    "youTubeUrl": "http://www.youtube.com/results?search_query=Play%20A%20Simple%20gary%20crosby",
    "chromeProfileUrl": "http://www.google.com/search?q=(gary%20crosby)",
    "artist": "Gary Crosby And Friend (Bing Crosby)",
    "songTitle": "Play A Simple"
},{
    "rank": "uploads/position/21-pos-top40charts.png",
    "youTubeUrl": "http://www.youtube.com/results?search_query=tony%20martin%20There%27s%20No%20Tomorrow",
    "chromeProfileUrl": "http://www.google.com/search?q=(tony%20martin)",
    "artist": "Tony Martin",
    "songTitle": "There's No Tomorrow"
},{
    "rank": "uploads/position/22-pos-top40charts.png",
    "youTubeUrl": "http://www.youtube.com/results?search_query=Weavers%20(Gordon%20Jenkins%20Andamp;%20His%20Orchestra)%20tzena",
    "chromeProfileUrl": "http://www.google.com/search?q=(Weavers%20(Gordon%20Jenkins%20Andamp;%20His%20Orchestra)%20tzena)",
    "artist": "Weavers (Gordon Jenkins And His Orchestra)",
    "songTitle": "Tzena"
},{
    "rank": "uploads/position/23-pos-top40charts.png",
    "youTubeUrl": "http://www.youtube.com/results?search_query=Paul%20Weston%20His%20Orchestra%20nevertheless",
    "chromeProfileUrl": "http://www.google.com/search?q=(Paul Weston And His Orchestra)",
    "artist": "Paul Weston And His Orchestra",
    "songTitle": "Nevertheless"
},{
    "rank": "uploads/position/24-pos-top40charts.png",
    "youTubeUrl": "http://www.youtube.com/results?search_query=Kay%20Starr%20Hoop%20Dee%20Doo",
    "chromeProfileUrl": "http://www.google.com/search?q=(Kay%20Starr)",
    "artist": "Kay Starr",
    "songTitle": "Hoop Dee Doo"
},{
    "rank": "uploads/position/25-pos-top40charts.png",
    "youTubeUrl": "http://www.youtube.com/results?search_query=Guy%20Lombardo%20His%20Royal%20Canadians%20Harbor%20Lights",
    "chromeProfileUrl": "http://www.google.com/search?q=(Guy Lombardo And His Royal Canadians)",
    "artist": "Guy Lombardo And His Royal Canadians",
    "songTitle": "Harbor Lights"
},{
    "rank": "uploads/position/26-pos-top40charts.png",
    "youTubeUrl": "http://www.youtube.com/results?search_query=Richard%20Hayes%20The%20Old%20Master%20Painter",
    "chromeProfileUrl": "http://www.google.com/search?q=(Richard Hayes)",
    "artist": "Richard Hayes",
    "songTitle": "The Old Master Painter"
},{
    "rank": "uploads/position/27-pos-top40charts.png",
    "youTubeUrl": "http://www.youtube.com/results?search_query=Dinah%20Shore%20Dear%20Hearts%20And%20Gentle%20People",
    "chromeProfileUrl": "http://www.google.com/search?q=(Dinah Shore)",
    "artist": "Dinah Shore",
    "songTitle": "Dear Hearts And Gentle People"
},{
    "rank": "uploads/position/28-pos-top40charts.png",
    "youTubeUrl": "http://www.youtube.com/results?search_query=Gary%20Crosby%20Friend%20(Bing%20Crosby)%20Sam%27s%20Song",
    "chromeProfileUrl": "http://www.google.com/search?q=(Gary Crosby And Friend (Bing Crosby))",
    "artist": "Gary Crosby And Friend (Bing Crosby)",
    "songTitle": "Sam's Song"
},{
    "rank": "uploads/position/29-pos-top40charts.png",
    "youTubeUrl": "http://www.youtube.com/results?search_query=Perry%20Como%20Betty%20Hutton%20A%20Bushel%20And%20A%20Peck",
    "chromeProfileUrl": "http://www.google.com/search?q=(Perry Como And Betty Hutton)",
    "artist": "Perry Como And Betty Hutton",
    "songTitle": "A Bushel And A Peck"
},{
    "rank": "uploads/position/30-pos-top40charts.png",
    "youTubeUrl": "http://www.youtube.com/results?search_query=Bill%20Snyder%20Orchestra%20Bewitched",
    "chromeProfileUrl": "http://www.google.com/search?q=(Bill Snyder Orchestra)",
    "artist": "Bill Snyder Orchestra",
    "songTitle": "Bewitched"
},{
    "rank": "uploads/position/31-pos-top40charts.png",
    "youTubeUrl": "http://www.youtube.com/results?search_query=Kay%20Starr%20Tennessee%20Ernie%20Ford%20I%27ll%20Never%20Be",
    "chromeProfileUrl": "http://www.google.com/search?q=(Kay Starr And Tennessee Ernie Ford)",
    "artist": "Kay Starr And Tennessee Ernie Ford",
    "songTitle": "I'll Never Be"
},{
    "rank": "uploads/position/32-pos-top40charts.png",
    "youTubeUrl": "http://www.youtube.com/results?search_query=Perry%20Como%20Fontane%20Sisters%20A%20Dreamer%27s%20Holiday",
    "chromeProfileUrl": "http://www.google.com/search?q=(Perry Como And Fontane Sisters)",
    "artist": "Perry Como And Fontane Sisters",
    "songTitle": "A Dreamer's Holiday"
},{
    "rank": "uploads/position/33-pos-top40charts.png",
    "youTubeUrl": "http://www.youtube.com/results?search_query=Mitch%20Miller%20His%20Orchestra%20Tzena,%20Tzena,%20Tzen",
    "chromeProfileUrl": "http://www.google.com/search?q=(Mitch Miller And His Orchestra)",
    "artist": "Mitch Miller And His Orchestra",
    "songTitle": "Tzena, Tzena, Tzen"
},{
    "rank": "uploads/position/34-pos-top40charts.png",
    "youTubeUrl": "http://www.youtube.com/results?search_query=Gene%20Autry%20Rudolph,%20The%20RedNosed%20Reindeer",
    "chromeProfileUrl": "http://www.google.com/search?q=(Gene%20Autry)",
    "artist": "Gene Autry",
    "songTitle": "Rudolph, The RedNosed Reindeer"
},{
    "rank": "uploads/position/35-pos-top40charts.png",
    "youTubeUrl": "http://www.youtube.com/results?search_query=Gordon%20Jenkins%20His%20Orchestra%20My%20Foolish%20Heart",
    "chromeProfileUrl": "http://www.google.com/search?q=(Gordon Jenkins And His Orchestra",
    "artist": "Gordon Jenkins And His Orchestra",
    "songTitle": "My Foolish Heart"
},{
    "rank": "uploads/position/36-pos-top40charts.png",
    "youTubeUrl": "http://www.youtube.com/results?search_query=Tony%20Martin%20And%20Fran%20Warren%20i%20said%20pyjamas",
    "chromeProfileUrl": "http://www.google.com/search?q=(Tony Martin And Fran Warren)",
    "artist": "Tony Martin And Fran Warren",
    "songTitle": "I Said My Pajamas"
},{
    "rank": "uploads/position/37-pos-top40charts.png",
    "youTubeUrl": "http://www.youtube.com/results?search_query=Ralph%20Flanagan%20%20His%20Orchestra%20rag%20mop",
    "chromeProfileUrl": "http://www.google.com/search?q=(Ralph Flanagan And His Orchestra)",
    "artist": "Ralph Flanagan And His Orchestra",
    "songTitle": "Rag Mop"
},{
    "rank": "uploads/position/38-pos-top40charts.png",
    "youTubeUrl": "http://www.youtube.com/results?search_query=Mills%20Brothers%20nevertheless",
    "chromeProfileUrl": "http://www.google.com/search?q=(Mills%20Brothers)",
    "artist": "Mills Brothers",
    "songTitle": "Nevertheless (I'm In Love With You)"
},{
    "rank": "uploads/position/39-pos-top40charts.png",
    "youTubeUrl": "http://www.youtube.com/results?search_query=Gordon%20Jenkins%20%20His%20Orchestra%20bewitched",
    "chromeProfileUrl": "http://www.google.com/search?q=(Gordon Jenkins And His Orchestra)",
    "artist": "Gordon Jenkins And His Orchestra",
    "songTitle": "Bewitched"
},{
    "rank": "uploads/position/40-pos-top40charts.png",
    "youTubeUrl": "http://www.youtube.com/results?search_query=Kay%20Starr%20bonapartes%20retreat",
    "chromeProfileUrl": "http://www.google.com/search?q=(Kay%20Starr)",
    "artist": "Kay Starr",
    "songTitle": "Bonaparte's Retreat"
}