{
    "rank": "uploads/position/1-pos-top40charts.png",
    "youTubeUrl": "http://www.youtube.com/results?search_query=Johnnie%20Ray%20Four%20Lads%20cry",
    "artist": "Johnnie Ray & Four Lads",
    "songTitle": "Cry"
},{
    "rank": "uploads/position/2-pos-top40charts.png",
    "youTubeUrl": "http://www.youtube.com/results?search_query=Because%20Of%20You%20%20tony%20bennett",
    "artist": "Tony Bennett",
    "songTitle": "Because Of You"
},{
    "rank": "uploads/position/3-pos-top40charts.png",
    "youTubeUrl": "http://www.youtube.com/results?search_query=Les%20Paul%20Mary%20Ford%20-%20How%20High%20The%20Moon",
    "artist": "Les Paul & Mary Ford",
    "songTitle": "How High The Moon"
},{
    "rank": "uploads/position/4-pos-top40charts.png",
    "youTubeUrl": "http://www.youtube.com/results?search_query=Eddy%20Howard%20His%20Orchestra%20-%20Sin%20(It%27s%20No%20Sin)",
    "artist": "Eddy Howard & His Orchestra",
    "songTitle": "Sin (It's No Sin)"
},{
    "rank": "uploads/position/5-pos-top40charts.png",
    "youTubeUrl": "http://www.youtube.com/results?search_query=Perry%20Como%20-%20If",
    "artist": "Perry Como",
    "songTitle": "If"
},{
    "rank": "uploads/position/6-pos-top40charts.png",
    "youTubeUrl": "http://www.youtube.com/results?search_query=Rosemary%20Clooney%20-%20Come%20On%20-%20A%20My%20House",
    "artist": "Rosemary Clooney",
    "songTitle": "Come On  A My House"
},{
    "rank": "uploads/position/7-pos-top40charts.png",
    "youTubeUrl": "http://www.youtube.com/results?search_query=Tony%20Bennett%20-%20Cold,%20Cold%20Heart",
    "artist": "Tony Bennett",
    "songTitle": "Cold, Cold Heart"
},{
    "rank": "uploads/position/8-pos-top40charts.png",
    "youTubeUrl": "http://www.youtube.com/results?search_query=Nat%20%27%27king%27%27%20Cole%20(Les%20Baxter%20His%20Orchestra)",
    "artist": "Nat ''king'' Cole",
    "songTitle": "(Les Baxter & His Orchestra)"
},{
    "rank": "uploads/position/9-pos-top40charts.png",
    "youTubeUrl": "http://www.youtube.com/results?search_query=Mario%20Lanza%20-%20Be%20My%20Love",
    "artist": "Mario Lanza",
    "songTitle": "Be My Love"
},{
    "rank": "uploads/position/10-pos-top40charts.png",
    "youTubeUrl": "http://www.youtube.com/results?search_query=Weavers%20-%20On%20Top%20Of%20Old%20Smoky",
    "artist": "Weavers",
    "songTitle": "On Top Of Old Smoky"
},{
    "rank": "uploads/position/11-pos-top40charts.png",
    "youTubeUrl": "http://www.youtube.com/results?search_query=Guy%20Mitchell%20-%20My%20Heart%20Cries%20For%20You",
    "artist": "Guy Mitchell",
    "songTitle": "My Heart Cries For You"
},{
    "rank": "uploads/position/12-pos-top40charts.png",
    "youTubeUrl": "http://www.youtube.com/results?search_query=Les%20Paul%20Mary%20Ford%20-%20Mockin%27%20Bird%20Hill",
    "artist": "Les Paul & Mary Ford",
    "songTitle": "Mockin' Bird Hill"
},{
    "rank": "uploads/position/13-pos-top40charts.png",
    "youTubeUrl": "http://www.youtube.com/results?search_query=Frankie%20Laine%20-%20Jezebel",
    "artist": "Frankie Laine",
    "songTitle": "Jezebel"
},{
    "rank": "uploads/position/14-pos-top40charts.png",
    "youTubeUrl": "http://www.youtube.com/results?search_query=Les%20Paul%20&%20Mary%20Ford%20-%20The%20World%20Is%20Waiting",
    "artist": "Les Paul & Mary Ford",
    "songTitle": "The World Is Waiting"
},{
    "rank": "uploads/position/15-pos-top40charts.png",
    "youTubeUrl": "http://www.youtube.com/results?search_query=Jo%20Stafford%20-%20Shrimp%20Boats",
    "artist": "Jo Stafford",
    "songTitle": "Shrimp Boats"
},{
    "rank": "uploads/position/16-pos-top40charts.png",
    "youTubeUrl": "http://www.youtube.com/results?search_query=Ames%20Brothers%20-%20Undecided",
    "artist": "Ames Brothers",
    "songTitle": "Undecided"
},{
    "rank": "uploads/position/17-pos-top40charts.png",
    "youTubeUrl": "http://www.youtube.com/results?search_query=Patti%20Page%20-%20Mockin%27%20Bird%20Hill",
    "artist": "Patti Page",
    "songTitle": "Mockin' Bird Hill"
},{
    "rank": "uploads/position/18-pos-top40charts.png",
    "youTubeUrl": "http://www.youtube.com/results?search_query=Guy%20Mitchell%20-%20My%20Truly,%20Truly%20Fair",
    "artist": "Guy Mitchell",
    "songTitle": "My Truly, Truly Fair"
},{
    "rank": "uploads/position/19-pos-top40charts.png",
    "youTubeUrl": "http://www.youtube.com/results?search_query=Tony%20Martin%20-%20I%20Get%20Ideas",
    "artist": "Tony Martin",
    "songTitle": "I Get Ideas"
},{
    "rank": "uploads/position/20-pos-top40charts.png",
    "youTubeUrl": "http://www.youtube.com/results?search_query=Dinah%20Shore%20-%20Sweet%20Violets",
    "artist": "Dinah Shore",
    "songTitle": "Sweet Violets"
},{
    "rank": "uploads/position/21-pos-top40charts.png",
    "youTubeUrl": "http://www.youtube.com/results?search_query=Mario%20Lanza%20-%20The%20Loveliest%20Night%20Of%20The%20Year",
    "artist": "Mario Lanza",
    "songTitle": "The Loveliest Night Of The Year"
},{
    "rank": "uploads/position/22-pos-top40charts.png",
    "youTubeUrl": "http://www.youtube.com/results?search_query=Frankie%20Laine%20-%20Jealousy%20(Jalousie)",
    "artist": "Frankie Laine",
    "songTitle": "Jealousy (Jalousie)"
},{
    "rank": "uploads/position/23-pos-top40charts.png",
    "youTubeUrl": "http://www.youtube.com/results?search_query=Vaughn%20Monroe%20His%20Orchestra%20-%20Sound%20Off",
    "artist": "Vaughn Monroe & His Orchestra",
    "songTitle": "Sound Off"
},{
    "rank": "uploads/position/24-pos-top40charts.png",
    "youTubeUrl": "http://www.youtube.com/results?search_query=Debbie%20Reynolds%20Carlton%20Carpenter%20-%20Aba%20Daba%20Ho",
    "artist": "Debbie Reynolds & Carlton Carpenter",
    "songTitle": "Aba Daba Ho"
},{
    "rank": "uploads/position/25-pos-top40charts.png",
    "youTubeUrl": "http://www.youtube.com/results?search_query=Dinah%20Shore%20-%20My%20Heart%20Cries%20For%20You",
    "artist": "Dinah Shore",
    "songTitle": "My Heart Cries For You"
},{
    "rank": "uploads/position/26-pos-top40charts.png",
    "youTubeUrl": "http://www.youtube.com/results?search_query=Frankie%20Laine%20-%20Rose,%20Rose,%20I%20Love%20You",
    "artist": "Frankie Laine",
    "songTitle": "Rose, Rose, I Love You"
},{
    "rank": "uploads/position/27-pos-top40charts.png",
    "youTubeUrl": "http://www.youtube.com/results?search_query=Guy%20Mitchell%20-%20The%20Roving%20Kind",
    "artist": "Guy Mitchell",
    "songTitle": "The Roving Kind"
},{
    "rank": "uploads/position/28-pos-top40charts.png",
    "youTubeUrl": "http://www.youtube.com/results?search_query=Patti%20Page%20-%20Would%20I%20Love%20You%20(Love%20You,%20Love%20You)",
    "artist": "Patti Page",
    "songTitle": "Would I Love You (Love You, Love You)"
},{
    "rank": "uploads/position/29-pos-top40charts.png",
    "youTubeUrl": "http://www.youtube.com/results?search_query=Vic%20Damone%20-%20My%20Truly,%20Truly%20Fair",
    "artist": "Vic Damone",
    "songTitle": "My Truly, Truly Fair"
},{
    "rank": "uploads/position/30-pos-top40charts.png",
    "youTubeUrl": "http://www.youtube.com/results?search_query=Vic%20Damone%20-%20My%20Heart%20Cries%20For%20You",
    "artist": "Vic Damone",
    "songTitle": "My Heart Cries For You"
},{
    "rank": "uploads/position/31-pos-top40charts.png",
    "youTubeUrl": "http://www.youtube.com/results?search_query=Four%20Aces%20-%20Sin",
    "artist": "Four Aces",
    "songTitle": "Sin"
},{
    "rank": "uploads/position/32-pos-top40charts.png",
    "youTubeUrl": "http://www.youtube.com/results?search_query=Del%20Wood%20-%20Down%20Yonder",
    "artist": "Del Wood",
    "songTitle": "Down Yonder"
},{
    "rank": "uploads/position/33-pos-top40charts.png",
    "youTubeUrl": "http://www.youtube.com/results?search_query=Les%20Baxter%20His%20Orchestra%20-%20Because%20Of%20You",
    "artist": "Les Baxter & His Orchestra",
    "songTitle": "Because Of You"
},{
    "rank": "uploads/position/34-pos-top40charts.png",
    "youTubeUrl": "http://www.youtube.com/results?search_query=Weavers%20(Gordon%20Jenkins%20His%20Orchestra)%20-%20So%20Lonley",
    "artist": "Weavers (Gordon Jenkins & His Orchestra)",
    "songTitle": "So Lonley"
},{
    "rank": "uploads/position/35-pos-top40charts.png",
    "youTubeUrl": "http://www.youtube.com/results?search_query=Patti%20Page%20-%20And%20So%20To%20Sleep%20Again",
    "artist": "Patti Page",
    "songTitle": "And So To Sleep Again"
},{
    "rank": "uploads/position/36-pos-top40charts.png",
    "youTubeUrl": "http://www.youtube.com/results?search_query=Perry%20Como%20&%20Fontane%20Sisters%20-%20You%27re%20Just%20In%20Love",
    "artist": "Perry Como & Fontane Sisters",
    "songTitle": "You're Just In Love"
},{
    "rank": "uploads/position/37-pos-top40charts.png",
    "youTubeUrl": "http://www.youtube.com/results?search_query=Patti%20Page%20-%20Detour",
    "artist": "Patti Page",
    "songTitle": "Detour"
},{
    "rank": "uploads/position/38-pos-top40charts.png",
    "youTubeUrl": "http://www.youtube.com/results?search_query=Les%20Paul%20Mary%20Ford%20-%20Just%20One%20More%20Chance",
    "artist": "Les Paul & Mary Ford",
    "songTitle": "Just One More Chance"
},{
    "rank": "uploads/position/39-pos-top40charts.png",
    "youTubeUrl": "http://www.youtube.com/results?search_query=Savannah%20Churchill%20-%20(It%27s%20No)%20Sin",
    "artist": "Savannah Churchill",
    "songTitle": "(It's No) Sin"
},{
    "rank": "uploads/position/40-pos-top40charts.png",
    "youTubeUrl": "http://www.youtube.com/results?search_query=Guy%20Lombardo%20His%20Royal%20Canadians%20-%20Tennessee%20Waltz",
    "artist": "Guy Lombardo & His Royal Canadians",
    "songTitle": "Tennessee Waltz"
}