{
    "rank": "uploads/position/1-pos-top40charts.png",
    "youTubeUrl": "http://www.youtube.com/results?search_query=jo%20stafford%20you%20belong%20to%20me",
    "artist": "Jo Stafford",
    "songTitle": "You Belong To Me"
},{
    "rank": "uploads/position/2-pos-top40charts.png",
    "youTubeUrl": "http://www.youtube.com/results?search_query=Kay%20Starr%20-%20Wheel%20Of%20Fortune",
    "artist": "Kay Starr",
    "songTitle": "Wheel Of Fortune"
},{
    "rank": "uploads/position/3-pos-top40charts.png",
    "youTubeUrl": "http://www.youtube.com/results?search_query=Patti%20Page%20-%20I%20Went%20To%20Your%20Wedding",
    "artist": "Patti Page",
    "songTitle": "I Went To Your Wedding"
},{
    "rank": "uploads/position/4-pos-top40charts.png",
    "youTubeUrl": "http://www.youtube.com/results?search_query=Vera%20Lynn%20-%20Auf%20Wiederseh%27n%20Sweetheart",
    "artist": "Vera Lynn",
    "songTitle": "Auf Wiederseh'n Sweetheart"
},{
    "rank": "uploads/position/5-pos-top40charts.png",
    "youTubeUrl": "http://www.youtube.com/results?search_query=Georgia%20Gibbs%20-%20Kiss%20Of%20Fire",
    "artist": "Georgia Gibbs",
    "songTitle": "Kiss Of Fire"
},{
    "rank": "uploads/position/6-pos-top40charts.png",
    "youTubeUrl": "http://www.youtube.com/results?search_query=Joni%20James%20-%20Why%20Don%27t%20You%20Believe%20Me",
    "artist": "Joni James",
    "songTitle": "Why Don't You Believe Me"
},{
    "rank": "uploads/position/7-pos-top40charts.png",
    "youTubeUrl": "http://www.youtube.com/results?search_query=Leroy%20Anderson%20His%20%27%27pops%27%27%20Concert%20Orchestra",
    "artist": "Leroy Anderson & His ''pops'' Concert Orchestra",
    "songTitle": "Concert Orchestra"
},{
    "rank": "uploads/position/8-pos-top40charts.png",
    "youTubeUrl": "http://www.youtube.com/results?search_query=Mills%20Brothers%20-%20The%20Glow%20-%20Worm",
    "artist": "Mills Brothers",
    "songTitle": "The Glow Worm"
},{
    "rank": "uploads/position/9-pos-top40charts.png",
    "youTubeUrl": "http://www.youtube.com/results?search_query=Rosemary%20Clooney%20-%20Half%20As%20Much",
    "artist": "Rosemary Clooney",
    "songTitle": "Half As Much"
},{
    "rank": "uploads/position/10-pos-top40charts.png",
    "youTubeUrl": "http://www.youtube.com/results?search_query=Al%20Martino%20-%20Here%20In%20My%20Heart",
    "artist": "Al Martino",
    "songTitle": "Here In My Heart"
},{
    "rank": "uploads/position/11-pos-top40charts.png",
    "youTubeUrl": "http://www.youtube.com/results?search_query=Pee%20Wee%20King%20His%20Golden%20West%20Cowboys%20-%20Slow%20Poke",
    "artist": "Pee Wee King & His Golden West Cowboys",
    "songTitle": "Slow Poke"
},{
    "rank": "uploads/position/12-pos-top40charts.png",
    "youTubeUrl": "http://www.youtube.com/results?search_query=Johnny%20Standley%20-%20It%27s%20In%20The%20Book",
    "artist": "Johnny Standley",
    "songTitle": "It's In The Book (Parts 1 And 2)"
},{
    "rank": "uploads/position/13-pos-top40charts.png",
    "youTubeUrl": "http://www.youtube.com/results?search_query=Jimmy%20Boyd%20-%20I%20Saw%20Mommy%20Kissing%20Santa%20Claus",
    "artist": "Jimmy Boyd",
    "songTitle": "I Saw Mommy Kissing Santa Claus"
},{
    "rank": "uploads/position/14-pos-top40charts.png",
    "youTubeUrl": "http://www.youtube.com/results?search_query=Eddie%20Fisher%20-%20Wish%20You%20Were%20Here",
    "artist": "Eddie Fisher",
    "songTitle": "Wish You Were Here"
},{
    "rank": "uploads/position/15-pos-top40charts.png",
    "youTubeUrl": "http://www.youtube.com/results?search_query=Percy%20Faith%20His%20Orchestra%20-%20Delicado",
    "artist": "Percy Faith & His Orchestra",
    "songTitle": "Delicado"
},{
    "rank": "uploads/position/16-pos-top40charts.png",
    "youTubeUrl": "http://www.youtube.com/results?search_query=Doris%20Day%20-%20A%20Guy%20Is%20A%20Guy",
    "artist": "Doris Day",
    "songTitle": "A Guy Is A Guy"
},{
    "rank": "uploads/position/17-pos-top40charts.png",
    "youTubeUrl": "http://www.youtube.com/results?search_query=Four%20Aces%20-%20Tell%20Me%20Why",
    "artist": "Four Aces",
    "songTitle": "Tell Me Why"
},{
    "rank": "uploads/position/18-pos-top40charts.png",
    "youTubeUrl": "http://www.youtube.com/results?search_query=Rosemary%20Clooney%20-%20Botch%20-%20A%20-%20Me",
    "artist": "Rosemary Clooney",
    "songTitle": "Botch A Me"
},{
    "rank": "uploads/position/19-pos-top40charts.png",
    "youTubeUrl": "http://www.youtube.com/results?search_query=Eddie%20Fisher%20-%20Any%20Time",
    "artist": "Eddie Fisher",
    "songTitle": "Any Time"
},{
    "rank": "uploads/position/20-pos-top40charts.png",
    "youTubeUrl": "http://www.youtube.com/results?search_query=Johnnie%20Ray%20Four%20Lads%20-%20The%20Little%20White%20Cloud",
    "artist": "Johnnie Ray & Four Lads",
    "songTitle": "The Little White Cloud"
},{
    "rank": "uploads/position/21-pos-top40charts.png",
    "youTubeUrl": "http://www.youtube.com/results?search_query=Ray%20Anthony%20-%20At%20Last",
    "artist": "Ray Anthony",
    "songTitle": "At Last"
},{
    "rank": "uploads/position/22-pos-top40charts.png",
    "youTubeUrl": "http://www.youtube.com/results?search_query=Les%20Paul%20Mary%20Ford%20-%20Tiger%20Rag",
    "artist": "Les Paul & Mary Ford",
    "songTitle": "Tiger Rag"
},{
    "rank": "uploads/position/23-pos-top40charts.png",
    "youTubeUrl": "http://www.youtube.com/results?search_query=Ella%20Mae%20Morse%20-%20The%20Blacksmith%20Blues",
    "artist": "Ella Mae Morse",
    "songTitle": "The Blacksmith Blues"
},{
    "rank": "uploads/position/24-pos-top40charts.png",
    "youTubeUrl": "http://www.youtube.com/results?search_query=Jo%20Stafford%20-%20Jambalaya",
    "artist": "Jo Stafford",
    "songTitle": "Jambalaya"
},{
    "rank": "uploads/position/25-pos-top40charts.png",
    "youTubeUrl": "http://www.youtube.com/results?search_query=Eddie%20Fisher%20-%20I%27m%20Yours",
    "artist": "Eddie Fisher",
    "songTitle": "I'm Yours"
},{
    "rank": "uploads/position/26-pos-top40charts.png",
    "youTubeUrl": "http://www.youtube.com/results?search_query=Perry%20Como%20Eddie%20Fisher%20-%20Maybe",
    "artist": "Perry Como & Eddie Fisher",
    "songTitle": "Maybe"
},{
    "rank": "uploads/position/27-pos-top40charts.png",
    "youTubeUrl": "http://www.youtube.com/results?search_query=Don%20Cornell%20-%20I%27m%20Yours",
    "artist": "Don Cornell",
    "songTitle": "I'm Yours"
},{
    "rank": "uploads/position/28-pos-top40charts.png",
    "youTubeUrl": "http://www.youtube.com/results?search_query=Peggy%20Lee%20(Gordon%20Jenkins%20Orchestra)%20-%20Lover",
    "artist": "Peggy Lee (Gordon Jenkins Orchestra)",
    "songTitle": "Lover"
},{
    "rank": "uploads/position/29-pos-top40charts.png",
    "youTubeUrl": "http://www.youtube.com/results?search_query=Johnnie%20Ray%20-%20Walkin%27%20My%20Baby%20Back%20Home",
    "artist": "Johnnie Ray",
    "songTitle": "Walkin' My Baby Back Home"
},{
    "rank": "uploads/position/30-pos-top40charts.png",
    "youTubeUrl": "http://www.youtube.com/results?search_query=Patti%20Page%20-%20You%20Belong%20To%20Me",
    "artist": "Patti Page",
    "songTitle": "You Belong To Me"
},{
    "rank": "uploads/position/31-pos-top40charts.png",
    "youTubeUrl": "http://www.youtube.com/results?search_query=Guy%20Mitchell%20-%20Pittsburgh,%20Pennsylvania",
    "artist": "Guy Mitchell",
    "songTitle": "Pittsburgh, Pennsylvania"
},{
    "rank": "uploads/position/32-pos-top40charts.png",
    "youTubeUrl": "http://www.youtube.com/results?search_query=Eddy%20Howard%20His%20Orchestra%20-%20Auf%20Weiderseh%27n",
    "artist": "Eddy Howard & His Orchestra",
    "songTitle": "Auf Weiderseh'n"
},{
    "rank": "uploads/position/33-pos-top40charts.png",
    "youTubeUrl": "http://www.youtube.com/results?search_query=Ralph%20Flanagan%20His%20Orchestra%20-%20I%20Should%20Care",
    "artist": "Ralph Flanagan & His Orchestra",
    "songTitle": "I Should Care"
},{
    "rank": "uploads/position/34-pos-top40charts.png",
    "youTubeUrl": "http://www.youtube.com/results?search_query=Spike%20Jones%20His%20City%20Slickers%20-%20I%20Saw%20Mommy%20Kissing",
    "artist": "Spike Jones & His City Slickers",
    "songTitle": "I Saw Mommy Kissing"
},{
    "rank": "uploads/position/35-pos-top40charts.png",
    "youTubeUrl": "http://www.youtube.com/results?search_query=Eddie%20Fisher%20-%20Tell%20Me%20Why",
    "artist": "Eddie Fisher",
    "songTitle": "Tell Me Why"
},{
    "rank": "uploads/position/36-pos-top40charts.png",
    "youTubeUrl": "http://www.youtube.com/results?search_query=Frankie%20Laine%20-%20High%20Noon%20(Do%20Not%20Forsake%20Me)",
    "artist": "Frankie Laine",
    "songTitle": "High Noon (Do Not Forsake Me)"
},{
    "rank": "uploads/position/37-pos-top40charts.png",
    "youTubeUrl": "http://www.youtube.com/results?search_query=Les%20Paul%20-%20Meet%20Mister%20Callaghan",
    "artist": "Les Paul",
    "songTitle": "Meet Mister Callaghan"
},{
    "rank": "uploads/position/38-pos-top40charts.png",
    "youTubeUrl": "http://www.youtube.com/results?search_query=Don%20Cornell%20-%20I%27ll%20Walk%20Alone",
    "artist": "Don Cornell",
    "songTitle": "I'll Walk Alone"
},{
    "rank": "uploads/position/39-pos-top40charts.png",
    "youTubeUrl": "http://www.youtube.com/results?search_query=Johnnie%20Ray%20Four%20Lads%20-%20Please,%20Mr.%20Sun",
    "artist": "Johnnie Ray & Four Lads",
    "songTitle": "Please, Mr. Sun"
},{
    "rank": "uploads/position/40-pos-top40charts.png",
    "youTubeUrl": "http://www.youtube.com/results?search_query=Hugo%20Winterhalter%20His%20Orchestra%20-%20Blue%20Tango",
    "artist": "Hugo Winterhalter & His Orchestra",
    "songTitle": "Blue Tango"
}