{
    "rank": "uploads/position/1-pos-top40charts.png",
    "youTubeUrl": "http://www.youtube.com/results?search_query=Frankie%20Laine%20-%20I%20Believe",
    "artist": "Frankie Laine",
    "songTitle": "I Believe"
},{
    "rank": "uploads/position/2-pos-top40charts.png",
    "youTubeUrl": "http://www.youtube.com/results?search_query=Frankie%20Laine%20-%20Answer%20Me",
    "artist": "Frankie Laine",
    "songTitle": "Answer Me"
},{
    "rank": "uploads/position/3-pos-top40charts.png",
    "youTubeUrl": "http://www.youtube.com/results?search_query=Guy%20Mitchell%20-%20Look%20At%20That%20Girl",
    "artist": "Guy Mitchell",
    "songTitle": "Look At That Girl"
},{
    "rank": "uploads/position/4-pos-top40charts.png",
    "youTubeUrl": "http://www.youtube.com/results?search_query=Perry%20Como%20-%20Don%27t%20Let%20The%20Stars%20Get%20In%20Your%20Eyes",
    "artist": "Perry Como",
    "songTitle": "Don't Let The Stars Get In Your Eyes"
},{
    "rank": "uploads/position/5-pos-top40charts.png",
    "youTubeUrl": "http://www.youtube.com/results?search_query=Guy%20Mitchell%20-%20She%20Wears%20Red%20Feathers",
    "artist": "Guy Mitchell",
    "songTitle": "She Wears Red Feathers"
},{
    "rank": "uploads/position/6-pos-top40charts.png",
    "youTubeUrl": "http://www.youtube.com/results?search_query=David%20Whitfield%20-%20Answer%20Me",
    "artist": "David Whitfield",
    "songTitle": "Answer Me"
},{
    "rank": "uploads/position/7-pos-top40charts.png",
    "youTubeUrl": "http://www.youtube.com/results?search_query=Frankie%20Laine%20-%20Hey%20Joe",
    "artist": "Frankie Laine",
    "songTitle": "Hey Joe"
},{
    "rank": "uploads/position/8-pos-top40charts.png",
    "youTubeUrl": "http://www.youtube.com/results?search_query=Mantovani%20-%20The%20Song%20From%20The%20Moulin%20Rouge",
    "artist": "Mantovani",
    "songTitle": "The Song From The Moulin Rouge"
},{
    "rank": "uploads/position/9-pos-top40charts.png",
    "youTubeUrl": "http://www.youtube.com/results?search_query=Eddie%20Fisher%20-%20I%27m%20Walking%20Behind%20You",
    "artist": "Eddie Fisher",
    "songTitle": "I'm Walking Behind You"
},{
    "rank": "uploads/position/10-pos-top40charts.png",
    "youTubeUrl": "http://www.youtube.com/results?search_query=Jo%20Stafford%20-%20You%20Belong%20To%20Me",
    "artist": "Jo Stafford",
    "songTitle": "You Belong To Me"
},{
    "rank": "uploads/position/11-pos-top40charts.png",
    "youTubeUrl": "http://www.youtube.com/results?search_query=Eddie%20Fisher%20-%20Outside%20Of%20Heaven",
    "artist": "Eddie Fisher",
    "songTitle": "Outside Of Heaven"
},{
    "rank": "uploads/position/12-pos-top40charts.png",
    "youTubeUrl": "http://www.youtube.com/results?search_query=Kay%20Starr%20-%20Comes%20A%20-%20Long%20A%20-%20Love",
    "artist": "Kay Starr",
    "songTitle": "Comes A Long A Love"
},{
    "rank": "uploads/position/13-pos-top40charts.png",
    "youTubeUrl": "http://www.youtube.com/results?search_query=Lita%20Roza%20-%20(How%20Much%20Is)%20That%20Doggie%20In%20The%20Window",
    "artist": "Lita Roza",
    "songTitle": "(How Much Is) That Doggie In The Window"
},{
    "rank": "uploads/position/14-pos-top40charts.png",
    "youTubeUrl": "http://www.youtube.com/results?search_query=The%20Stargazers%20-%20Broken%20Wings",
    "artist": "The Stargazers",
    "songTitle": "Broken Wings"
},{
    "rank": "uploads/position/15-pos-top40charts.png",
    "youTubeUrl": "http://www.youtube.com/results?search_query=Frank%20Chacksfield%20-%20Terry%27s%20Theme%20From%20%27limelight%27",
    "artist": "Frank Chacksfield",
    "songTitle": "Terry's Theme From 'limelight'"
},{
    "rank": "uploads/position/16-pos-top40charts.png",
    "youTubeUrl": "http://www.youtube.com/results?search_query=Nat%20%27king%27%20Cole%20-%20Pretend",
    "artist": "Nat 'king' Cole",
    "songTitle": "Pretend"
},{
    "rank": "uploads/position/17-pos-top40charts.png",
    "youTubeUrl": "http://www.youtube.com/results?search_query=Mantovani%20-%20Swedish%20Rhapsody",
    "artist": "Mantovani",
    "songTitle": "Swedish Rhapsody"
},{
    "rank": "uploads/position/18-pos-top40charts.png",
    "youTubeUrl": "http://www.youtube.com/results?search_query=Frankie%20Laine%20-%20Where%20The%20Winds%20Blow",
    "artist": "Frankie Laine",
    "songTitle": "Where The Winds Blow"
},{
    "rank": "uploads/position/19-pos-top40charts.png",
    "youTubeUrl": "http://www.youtube.com/results?search_query=Guy%20Mitchell%20-%20Pretty%20Little%20Black%20Eyed%20Susie",
    "artist": "Guy Mitchell",
    "songTitle": "Pretty Little Black Eyed Susie"
},{
    "rank": "uploads/position/20-pos-top40charts.png",
    "youTubeUrl": "http://www.youtube.com/results?search_query=Diana%20Decker%20-%20Poppa%20Piccolino",
    "artist": "Diana Decker",
    "songTitle": "Poppa Piccolino"
},{
    "rank": "uploads/position/21-pos-top40charts.png",
    "youTubeUrl": "http://www.youtube.com/results?search_query=Muriel%20Smith%20-%20Hold%20Me,%20Thrill%20Me,%20Kiss%20Me",
    "artist": "Muriel Smith",
    "songTitle": "Hold Me, Thrill Me, Kiss Me"
},{
    "rank": "uploads/position/22-pos-top40charts.png",
    "youTubeUrl": "http://www.youtube.com/results?search_query=Ron%20Goodwin%20-%20Terry%27s%20Theme%20From%20%27limelight%27",
    "artist": "Ron Goodwin",
    "songTitle": "Terry's Theme From 'limelight'"
},{
    "rank": "uploads/position/23-pos-top40charts.png",
    "youTubeUrl": "http://www.youtube.com/results?search_query=Eddie%20Fisher%20-%20Downhearted",
    "artist": "Eddie Fisher",
    "songTitle": "Downhearted"
},{
    "rank": "uploads/position/24-pos-top40charts.png",
    "youTubeUrl": "http://www.youtube.com/results?search_query=Al%20Martino%20-%20Now",
    "artist": "Al Martino",
    "songTitle": "Now"
},{
    "rank": "uploads/position/25-pos-top40charts.png",
    "youTubeUrl": "http://www.youtube.com/results?search_query=Billy%20Cotton%20His%20Band%20-%20In%20A%20Golden%20Coach",
    "artist": "Billy Cotton & His Band",
    "songTitle": "In A Golden Coach"
},{
    "rank": "uploads/position/26-pos-top40charts.png",
    "youTubeUrl": "http://www.youtube.com/results?search_query=Jimmy%20Boyd%20-%20I%20Saw%20Mommy%20Kissing%20Santa%20Claus",
    "artist": "Jimmy Boyd",
    "songTitle": "I Saw Mommy Kissing Santa Claus"
},{
    "rank": "uploads/position/27-pos-top40charts.png",
    "youTubeUrl": "http://www.youtube.com/results?search_query=Doris%20Day%20Johnnie%20Ray%20-%20Let%27s%20Walk%20That%20-%20A%20-%20Way",
    "artist": "Doris Day & Johnnie Ray",
    "songTitle": "Let's Walk That A Way"
},{
    "rank": "uploads/position/28-pos-top40charts.png",
    "youTubeUrl": "http://www.youtube.com/results?search_query=Ray%20Martin%20-%20Swedish%20Rhapsody",
    "artist": "Ray Martin",
    "songTitle": "Swedish Rhapsody"
},{
    "rank": "uploads/position/29-pos-top40charts.png",
    "youTubeUrl": "http://www.youtube.com/results?search_query=The%20Johnston%20Brothers%20-%20Oh%20Happy%20Day",
    "artist": "The Johnston Brothers",
    "songTitle": "Oh Happy Day"
},{
    "rank": "uploads/position/30-pos-top40charts.png",
    "youTubeUrl": "http://www.youtube.com/results?search_query=Frankie%20Laine%20Jimmy%20Boyd%20-%20Tell%20Me%20A%20Story",
    "artist": "Frankie Laine & Jimmy Boyd",
    "songTitle": "Tell Me A Story"
},{
    "rank": "uploads/position/31-pos-top40charts.png",
    "youTubeUrl": "http://www.youtube.com/results?search_query=Danny%20Kaye%20-%20Wonderful%20Copenhagen",
    "artist": "Danny Kaye",
    "songTitle": "Wonderful Copenhagen"
},{
    "rank": "uploads/position/32-pos-top40charts.png",
    "youTubeUrl": "http://www.youtube.com/results?search_query=Dean%20Martin%20-%20Kiss",
    "artist": "Dean Martin",
    "songTitle": "Kiss"
},{
    "rank": "uploads/position/33-pos-top40charts.png",
    "youTubeUrl": "http://www.youtube.com/results?search_query=Winifred%20Atwell%20-%20Britannia%20Rag",
    "artist": "Winifred Atwell",
    "songTitle": "Britannia Rag"
},{
    "rank": "uploads/position/34-pos-top40charts.png",
    "youTubeUrl": "http://www.youtube.com/results?search_query=Winifred%20Atwell%20-%20Coronation%20Rag",
    "artist": "Winifred Atwell",
    "songTitle": "Coronation Rag"
},{
    "rank": "uploads/position/35-pos-top40charts.png",
    "youTubeUrl": "http://www.youtube.com/results?search_query=Ted%20Heath%20-%20Hot%20Toddy",
    "artist": "Ted Heath",
    "songTitle": "Hot Toddy"
},{
    "rank": "uploads/position/36-pos-top40charts.png",
    "youTubeUrl": "http://www.youtube.com/results?search_query=Nat%20%27king%27%20Cole%20-%20Can%27t%20I",
    "artist": "Nat 'king' Cole",
    "songTitle": "Can't I"
},{
    "rank": "uploads/position/37-pos-top40charts.png",
    "youTubeUrl": "http://www.youtube.com/results?search_query=Art%20Dotty%20Todd%20-%20Broken%20Wings",
    "artist": "Art & Dotty Todd",
    "songTitle": "Broken Wings"
},{
    "rank": "uploads/position/38-pos-top40charts.png",
    "youTubeUrl": "http://www.youtube.com/results?search_query=Johnnie%20Ray%20-%20Somebody%20Stole%20My%20Gal",
    "artist": "Johnnie Ray",
    "songTitle": "Somebody Stole My Gal"
},{
    "rank": "uploads/position/39-pos-top40charts.png",
    "youTubeUrl": "http://www.youtube.com/results?search_query=Louis%20Armstrong%20-%20Takes%20Two%20To%20Tango",
    "artist": "Louis Armstrong",
    "songTitle": "Takes Two To Tango"
},{
    "rank": "uploads/position/40-pos-top40charts.png",
    "youTubeUrl": "http://www.youtube.com/results?search_query=Max%20Bygraves%20-%20Cowpuncher%27s%20Cantata",
    "artist": "Max Bygraves",
    "songTitle": "Cowpuncher's Cantata"
}