{
    "rank": "uploads/position/1-pos-top40charts.png",
    "youTubeUrl": "http://www.youtube.com/results?search_query=David%20Whitfield%20-%20Cara%20Mia",
    "artist": "David Whitfield",
    "songTitle": "Cara Mia"
},{
    "rank": "uploads/position/2-pos-top40charts.png",
    "youTubeUrl": "http://www.youtube.com/results?search_query=Doris%20Day%20-%20Secret%20Love",
    "artist": "Doris Day",
    "songTitle": "Secret Love"
},{
    "rank": "uploads/position/3-pos-top40charts.png",
    "youTubeUrl": "http://www.youtube.com/results?search_query=Eddie%20Calvert%20-%20Oh%20Mein%20Papa",
    "artist": "Eddie Calvert",
    "songTitle": "Oh Mein Papa"
},{
    "rank": "uploads/position/4-pos-top40charts.png",
    "youTubeUrl": "http://www.youtube.com/results?search_query=The%20Stargazers%20-%20I%20See%20The%20Moon",
    "artist": "The Stargazers",
    "songTitle": "I See The Moon"
},{
    "rank": "uploads/position/5-pos-top40charts.png",
    "youTubeUrl": "http://www.youtube.com/results?search_query=Don%20Cornell%20-%20Hold%20My%20Hand",
    "artist": "Don Cornell",
    "songTitle": "Hold My Hand"
},{
    "rank": "uploads/position/6-pos-top40charts.png",
    "youTubeUrl": "http://www.youtube.com/results?search_query=Winifred%20Atwell%20-%20Let%27s%20Have%20Another%20Party",
    "artist": "Winifred Atwell",
    "songTitle": "Let's Have Another Party"
},{
    "rank": "uploads/position/7-pos-top40charts.png",
    "youTubeUrl": "http://www.youtube.com/results?search_query=Frank%20Sinatra%20-%20Three%20Coins%20In%20The%20Fountain",
    "artist": "Frank Sinatra",
    "songTitle": "Three Coins In The Fountain"
},{
    "rank": "uploads/position/8-pos-top40charts.png",
    "youTubeUrl": "http://www.youtube.com/results?search_query=Vera%20Lynn%20-%20My%20Son%20My%20Son",
    "artist": "Vera Lynn",
    "songTitle": "My Son My Son"
},{
    "rank": "uploads/position/9-pos-top40charts.png",
    "youTubeUrl": "http://www.youtube.com/results?search_query=Kitty%20Kallen%20-%20Little%20Things%20Mean%20A%20Lot",
    "artist": "Kitty Kallen",
    "songTitle": "Little Things Mean A Lot"
},{
    "rank": "uploads/position/10-pos-top40charts.png",
    "youTubeUrl": "http://www.youtube.com/results?search_query=Johnnie%20Ray%20-%20Such%20A%20Night",
    "artist": "Johnnie Ray",
    "songTitle": "Such A Night"
},{
    "rank": "uploads/position/11-pos-top40charts.png",
    "youTubeUrl": "http://www.youtube.com/results?search_query=Rosemary%20Clooney%20-%20This%20Ole%20House",
    "artist": "Rosemary Clooney",
    "songTitle": "This Ole House"
},{
    "rank": "uploads/position/12-pos-top40charts.png",
    "youTubeUrl": "http://www.youtube.com/results?search_query=Obernkirchen%20Children%27s%20Choir%20-%20The%20Happy%20Wanderer",
    "artist": "Obernkirchen Children's Choir",
    "songTitle": "The Happy Wanderer"
},{
    "rank": "uploads/position/13-pos-top40charts.png",
    "youTubeUrl": "http://www.youtube.com/results?search_query=Frankie%20Laine%20-%20Blowing%20Wild",
    "artist": "Frankie Laine",
    "songTitle": "Blowing Wild"
},{
    "rank": "uploads/position/14-pos-top40charts.png",
    "youTubeUrl": "http://www.youtube.com/results?search_query=David%20Whitfield%20-%20Santo%20Natale",
    "artist": "David Whitfield",
    "songTitle": "Santo Natale"
},{
    "rank": "uploads/position/15-pos-top40charts.png",
    "youTubeUrl": "http://www.youtube.com/results?search_query=Nat%20%27king%27%20Cole%20-%20Smile",
    "artist": "Nat 'king' Cole",
    "songTitle": "Smile"
},{
    "rank": "uploads/position/16-pos-top40charts.png",
    "youTubeUrl": "http://www.youtube.com/results?search_query=Guy%20Mitchell%20-%20Cloud%20Lucky%20Seven",
    "artist": "Guy Mitchell",
    "songTitle": "Cloud Lucky Seven"
},{
    "rank": "uploads/position/17-pos-top40charts.png",
    "youTubeUrl": "http://www.youtube.com/results?search_query=Winifred%20Atwell%20-%20Let%27s%20Have%20A%20Party",
    "artist": "Winifred Atwell",
    "songTitle": "Let's Have A Party"
},{
    "rank": "uploads/position/18-pos-top40charts.png",
    "youTubeUrl": "http://www.youtube.com/results?search_query=Dean%20Martin%20-%20That%27s%20Amore",
    "artist": "Dean Martin",
    "songTitle": "That's Amore"
},{
    "rank": "uploads/position/19-pos-top40charts.png",
    "youTubeUrl": "http://www.youtube.com/results?search_query=Billy%20Cotton%20His%20Band%20-%20Friends%20And%20Neighbours",
    "artist": "Billy Cotton & His Band",
    "songTitle": "Friends And Neighbours"
},{
    "rank": "uploads/position/20-pos-top40charts.png",
    "youTubeUrl": "http://www.youtube.com/results?search_query=Ronnie%20Hilton%20-%20I%20Still%20Believe",
    "artist": "Ronnie Hilton",
    "songTitle": "I Still Believe"
},{
    "rank": "uploads/position/21-pos-top40charts.png",
    "youTubeUrl": "http://www.youtube.com/results?search_query=David%20Whitfield%20-%20Rags%20To%20Riches",
    "artist": "David Whitfield",
    "songTitle": "Rags To Riches"
},{
    "rank": "uploads/position/22-pos-top40charts.png",
    "youTubeUrl": "http://www.youtube.com/results?search_query=Frankie%20Laine%20-%20My%20Friend",
    "artist": "Frankie Laine",
    "songTitle": "My Friend"
},{
    "rank": "uploads/position/23-pos-top40charts.png",
    "youTubeUrl": "http://www.youtube.com/results?search_query=Frankie%20Laine%20-%20The%20Kid%27s%20Last%20Fight",
    "artist": "Frankie Laine",
    "songTitle": "The Kid's Last Fight"
},{
    "rank": "uploads/position/24-pos-top40charts.png",
    "youTubeUrl": "http://www.youtube.com/results?search_query=Norman%20Wisdom%20-%20Don%27t%20Laugh%20At%20Me",
    "artist": "Norman Wisdom",
    "songTitle": "Don't Laugh At Me"
},{
    "rank": "uploads/position/25-pos-top40charts.png",
    "youTubeUrl": "http://www.youtube.com/results?search_query=Perry%20Como%20-%20Idle%20Gossip",
    "artist": "Perry Como",
    "songTitle": "Idle Gossip"
},{
    "rank": "uploads/position/26-pos-top40charts.png",
    "youTubeUrl": "http://www.youtube.com/results?search_query=Joan%20Regan%20-%20If%20I%20Give%20My%20Heart%20To%20You",
    "artist": "Joan Regan",
    "songTitle": "If I Give My Heart To You"
},{
    "rank": "uploads/position/27-pos-top40charts.png",
    "youTubeUrl": "http://www.youtube.com/results?search_query=Bonnie%20Lou%20-%20Tennessee%20Wig%20Walk",
    "artist": "Bonnie Lou",
    "songTitle": "Tennessee Wig Walk"
},{
    "rank": "uploads/position/28-pos-top40charts.png",
    "youTubeUrl": "http://www.youtube.com/results?search_query=Kay%20Starr%20-%20Changing%20Partners",
    "artist": "Kay Starr",
    "songTitle": "Changing Partners"
},{
    "rank": "uploads/position/29-pos-top40charts.png",
    "youTubeUrl": "http://www.youtube.com/results?search_query=Al%20Martino%20-%20Wanted",
    "artist": "Al Martino",
    "songTitle": "Wanted"
},{
    "rank": "uploads/position/30-pos-top40charts.png",
    "youTubeUrl": "http://www.youtube.com/results?search_query=Perry%20Como%20-%20Wanted",
    "artist": "Perry Como",
    "songTitle": "Wanted"
},{
    "rank": "uploads/position/31-pos-top40charts.png",
    "youTubeUrl": "http://www.youtube.com/results?search_query=Guy%20Mitchell%20-%20Chicka%20Boom",
    "artist": "Guy Mitchell",
    "songTitle": "Chicka Boom"
},{
    "rank": "uploads/position/32-pos-top40charts.png",
    "youTubeUrl": "http://www.youtube.com/results?search_query=Billie%20Anthony%20-%20This%20Ole%20House",
    "artist": "Billie Anthony",
    "songTitle": "This Ole House"
},{
    "rank": "uploads/position/33-pos-top40charts.png",
    "youTubeUrl": "http://www.youtube.com/results?search_query=Doris%20Day%20-%20If%20I%20Give%20My%20Heart%20To%20You",
    "artist": "Doris Day",
    "songTitle": "If I Give My Heart To You"
},{
    "rank": "uploads/position/34-pos-top40charts.png",
    "youTubeUrl": "http://www.youtube.com/results?search_query=Alma%20Cogan%20-%20Bell%20Bottom%20Blues",
    "artist": "Alma Cogan",
    "songTitle": "Bell Bottom Blues"
},{
    "rank": "uploads/position/35-pos-top40charts.png",
    "youTubeUrl": "http://www.youtube.com/results?search_query=David%20Whitfield%20-%20The%20Book",
    "artist": "David Whitfield",
    "songTitle": "The Book"
},{
    "rank": "uploads/position/36-pos-top40charts.png",
    "youTubeUrl": "http://www.youtube.com/results?search_query=Joan%20Regan%20-%20Someone%20Else%27s%20Roses",
    "artist": "Joan Regan",
    "songTitle": "Someone Else's Roses"
},{
    "rank": "uploads/position/37-pos-top40charts.png",
    "youTubeUrl": "http://www.youtube.com/results?search_query=Four%20Knights%20-%20(Oh%20Baby%20Mine)%20I%20Get%20So%20Lonely",
    "artist": "Four Knights",
    "songTitle": "(Oh Baby Mine) I Get So Lonely"
},{
    "rank": "uploads/position/38-pos-top40charts.png",
    "youTubeUrl": "http://www.youtube.com/results?search_query=Four%20Aces%20-%20Three%20Coins%20In%20The%20Fountain",
    "artist": "Four Aces",
    "songTitle": "Three Coins In The Fountain"
},{
    "rank": "uploads/position/39-pos-top40charts.png",
    "youTubeUrl": "http://www.youtube.com/results?search_query=The%20Big%20Ben%20Banjo%20Band%20-%20Lets%20Get%20Together",
    "artist": "The Big Ben Banjo Band",
    "songTitle": "Lets Get Together"
},{
    "rank": "uploads/position/40-pos-top40charts.png",
    "youTubeUrl": "http://www.youtube.com/results?search_query=Dean%20Martin%20-%20Sway",
    "artist": "Dean Martin",
    "songTitle": "Sway"
}