{
    "rank": "uploads/position/1-pos-top40charts.png",
    "youTubeUrl": "http://www.youtube.com/results?search_query=Slim%20Whitman%20-%20Rose%20Marie",
    "artist": "Slim Whitman",
    "songTitle": "Rose Marie"
},{
    "rank": "uploads/position/2-pos-top40charts.png",
    "youTubeUrl": "http://www.youtube.com/results?search_query=Tennessee%20Ernie%20Ford%20-%20Give%20Me%20Your%20Word",
    "artist": "Tennessee Ernie Ford",
    "songTitle": "Give Me Your Word"
},{
    "rank": "uploads/position/3-pos-top40charts.png",
    "youTubeUrl": "http://www.youtube.com/results?search_query=Bill%20Haley%20His%20Comets%20-%20Rock%20Around%20The%20Clock",
    "artist": "Bill Haley & His Comets",
    "songTitle": "Rock Around The Clock"
},{
    "rank": "uploads/position/4-pos-top40charts.png",
    "youTubeUrl": "http://www.youtube.com/results?search_query=Eddie%20Calvert%20-%20Cherry%20Pink%20And%20Apple%20Blossom%20White",
    "artist": "Eddie Calvert",
    "songTitle": "Cherry Pink And Apple Blossom White"
},{
    "rank": "uploads/position/5-pos-top40charts.png",
    "youTubeUrl": "http://www.youtube.com/results?search_query=Jimmy%20Young%20-%20The%20Man%20From%20Laramie",
    "artist": "Jimmy Young",
    "songTitle": "The Man From Laramie"
},{
    "rank": "uploads/position/6-pos-top40charts.png",
    "youTubeUrl": "http://www.youtube.com/results?search_query=Ruby%20Murray%20-%20Softly%20Softly",
    "artist": "Ruby Murray",
    "songTitle": "Softly Softly"
},{
    "rank": "uploads/position/7-pos-top40charts.png",
    "youTubeUrl": "http://www.youtube.com/results?search_query=Dickie%20Valentine%20-%20Finger%20Of%20Suspicion",
    "artist": "Dickie Valentine",
    "songTitle": "Finger Of Suspicion"
},{
    "rank": "uploads/position/8-pos-top40charts.png",
    "youTubeUrl": "http://www.youtube.com/results?search_query=Jimmy%20Young%20-%20Unchained%20Melody",
    "artist": "Jimmy Young",
    "songTitle": "Unchained Melody"
},{
    "rank": "uploads/position/9-pos-top40charts.png",
    "youTubeUrl": "http://www.youtube.com/results?search_query=Rosemary%20Clooney%20-%20Mambo%20Italiano",
    "artist": "Rosemary Clooney",
    "songTitle": "Mambo Italiano"
},{
    "rank": "uploads/position/10-pos-top40charts.png",
    "youTubeUrl": "http://www.youtube.com/results?search_query=Dickie%20Valentine%20-%20Christmas%20Alphabet",
    "artist": "Dickie Valentine",
    "songTitle": "Christmas Alphabet"
},{
    "rank": "uploads/position/11-pos-top40charts.png",
    "youTubeUrl": "http://www.youtube.com/results?search_query=Perez%20Prado%20His%20Orchestra%20-%20Cherry%20Pink%20And%20Apple",
    "artist": "Perez Prado & His Orchestra",
    "songTitle": "Cherry Pink And Apple"
},{
    "rank": "uploads/position/12-pos-top40charts.png",
    "youTubeUrl": "http://www.youtube.com/results?search_query=Tony%20Bennett%20-%20Stranger%20In%20Paradise",
    "artist": "Tony Bennett",
    "songTitle": "Stranger In Paradise"
},{
    "rank": "uploads/position/13-pos-top40charts.png",
    "youTubeUrl": "http://www.youtube.com/results?search_query=Alma%20Cogan%20-%20Dreamboat",
    "artist": "Alma Cogan",
    "songTitle": "Dreamboat"
},{
    "rank": "uploads/position/14-pos-top40charts.png",
    "youTubeUrl": "http://www.youtube.com/results?search_query=Johnston%20Brothers%20-%20Hernando%27s%20Hideaway",
    "artist": "Johnston Brothers",
    "songTitle": "Hernando's Hideaway"
},{
    "rank": "uploads/position/15-pos-top40charts.png",
    "youTubeUrl": "http://www.youtube.com/results?search_query=Frankie%20Laine%20-%20Cool%20Water",
    "artist": "Frankie Laine",
    "songTitle": "Cool Water"
},{
    "rank": "uploads/position/16-pos-top40charts.png",
    "youTubeUrl": "http://www.youtube.com/results?search_query=Frank%20Sinatra%20-%20Learnin%27%20The%20Blues",
    "artist": "Frank Sinatra",
    "songTitle": "Learnin' The Blues"
},{
    "rank": "uploads/position/17-pos-top40charts.png",
    "youTubeUrl": "http://www.youtube.com/results?search_query=Al%20Hibbler%20-%20Unchained%20Melody",
    "artist": "Al Hibbler",
    "songTitle": "Unchained Melody"
},{
    "rank": "uploads/position/18-pos-top40charts.png",
    "youTubeUrl": "http://www.youtube.com/results?search_query=The%20Four%20Aces%20-%20Love%20Is%20A%20Many%20Splendoured%20Thing",
    "artist": "The Four Aces",
    "songTitle": "Love Is A Many Splendoured Thing"
},{
    "rank": "uploads/position/19-pos-top40charts.png",
    "youTubeUrl": "http://www.youtube.com/results?search_query=Cyril%20Stapleton%20-%20Blue%20Star%20(The%20%27medic%27%20Theme)",
    "artist": "Cyril Stapleton",
    "songTitle": "Blue Star (The 'medic' Theme)"
},{
    "rank": "uploads/position/20-pos-top40charts.png",
    "youTubeUrl": "http://www.youtube.com/results?search_query=Mitch%20Miller%20-%20Yellow%20Rose%20Of%20Texas",
    "artist": "Mitch Miller",
    "songTitle": "Yellow Rose Of Texas"
},{
    "rank": "uploads/position/21-pos-top40charts.png",
    "youTubeUrl": "http://www.youtube.com/results?search_query=Ruby%20Murray%20-%20Evermore",
    "artist": "Ruby Murray",
    "songTitle": "Evermore"
},{
    "rank": "uploads/position/22-pos-top40charts.png",
    "youTubeUrl": "http://www.youtube.com/results?search_query=Billy%20Eckstine%20-%20No%20One%20But%20You",
    "artist": "Billy Eckstine",
    "songTitle": "No One But You"
},{
    "rank": "uploads/position/23-pos-top40charts.png",
    "youTubeUrl": "http://www.youtube.com/results?search_query=David%20Whitfield%20-%20Everywhere",
    "artist": "David Whitfield",
    "songTitle": "Everywhere"
},{
    "rank": "uploads/position/24-pos-top40charts.png",
    "youTubeUrl": "http://www.youtube.com/results?search_query=Ruby%20Murray%20-%20Heartbeat",
    "artist": "Ruby Murray",
    "songTitle": "Heartbeat"
},{
    "rank": "uploads/position/25-pos-top40charts.png",
    "youTubeUrl": "http://www.youtube.com/results?search_query=Winifred%20Atwell%20-%20Let%27s%20Have%20A%20Ding%20Dong",
    "artist": "Winifred Atwell",
    "songTitle": "Let's Have A Ding Dong"
},{
    "rank": "uploads/position/26-pos-top40charts.png",
    "youTubeUrl": "http://www.youtube.com/results?search_query=Nat%20%27king%27%20Cole%20-%20A%20Blossom%20Fell",
    "artist": "Nat 'king' Cole",
    "songTitle": "A Blossom Fell"
},{
    "rank": "uploads/position/27-pos-top40charts.png",
    "youTubeUrl": "http://www.youtube.com/results?search_query=Dean%20Martin%20-%20Let%20Me%20Go%20Lover",
    "artist": "Dean Martin",
    "songTitle": "Let Me Go Lover"
},{
    "rank": "uploads/position/28-pos-top40charts.png",
    "youTubeUrl": "http://www.youtube.com/results?search_query=Crew%20Cuts%20-%20Earth%20Angel",
    "artist": "Crew Cuts",
    "songTitle": "Earth Angel"
},{
    "rank": "uploads/position/29-pos-top40charts.png",
    "youTubeUrl": "http://www.youtube.com/results?search_query=Bill%20Haley%20His%20Comets%20-%20Shake%20Rattle%20And%20Roll",
    "artist": "Bill Haley & His Comets",
    "songTitle": "Shake Rattle And Roll"
},{
    "rank": "uploads/position/30-pos-top40charts.png",
    "youTubeUrl": "http://www.youtube.com/results?search_query=Ruby%20Murray%20-%20If%20Anyone%20Finds%20This%20I%20Love%20You",
    "artist": "Ruby Murray",
    "songTitle": "If Anyone Finds This I Love You"
},{
    "rank": "uploads/position/31-pos-top40charts.png",
    "youTubeUrl": "http://www.youtube.com/results?search_query=Dickie%20Valentine%20-%20I%20Wonder",
    "artist": "Dickie Valentine",
    "songTitle": "I Wonder"
},{
    "rank": "uploads/position/32-pos-top40charts.png",
    "youTubeUrl": "http://www.youtube.com/results?search_query=Rosemary%20Clooney%20-%20Hey%20There",
    "artist": "Rosemary Clooney",
    "songTitle": "Hey There"
},{
    "rank": "uploads/position/33-pos-top40charts.png",
    "youTubeUrl": "http://www.youtube.com/results?search_query=Ray%20Burns%20-%20Mobile",
    "artist": "Ray Burns",
    "songTitle": "Mobile"
},{
    "rank": "uploads/position/34-pos-top40charts.png",
    "youTubeUrl": "http://www.youtube.com/results?search_query=Caterina%20Valente%20-%20The%20Breeze%20And%20I",
    "artist": "Caterina Valente",
    "songTitle": "The Breeze And I"
},{
    "rank": "uploads/position/35-pos-top40charts.png",
    "youTubeUrl": "http://www.youtube.com/results?search_query=Johnnie%20Ray%20-%20Hey%20There",
    "artist": "Johnnie Ray",
    "songTitle": "Hey There"
},{
    "rank": "uploads/position/36-pos-top40charts.png",
    "youTubeUrl": "http://www.youtube.com/results?search_query=Malcolm%20Vaughan%20-%20Every%20Day%20Of%20My%20Life",
    "artist": "Malcolm Vaughan",
    "songTitle": "Every Day Of My Life"
},{
    "rank": "uploads/position/37-pos-top40charts.png",
    "youTubeUrl": "http://www.youtube.com/results?search_query=Eddie%20Fisher%20-%20Wedding%20Bells",
    "artist": "Eddie Fisher",
    "songTitle": "Wedding Bells"
},{
    "rank": "uploads/position/38-pos-top40charts.png",
    "youTubeUrl": "http://www.youtube.com/results?search_query=Dickie%20Valentine%20-%20Mr.%20Sandman",
    "artist": "Dickie Valentine",
    "songTitle": "Mr. Sandman"
},{
    "rank": "uploads/position/39-pos-top40charts.png",
    "youTubeUrl": "http://www.youtube.com/results?search_query=Dean%20Martin%20-%20The%20Naughty%20Lady%20Of%20Shady%20Lane",
    "artist": "Dean Martin",
    "songTitle": "The Naughty Lady Of Shady Lane"
},{
    "rank": "uploads/position/40-pos-top40charts.png",
    "youTubeUrl": "http://www.youtube.com/results?search_query=Ruby%20Murray%20-%20Let%20Me%20Go%20Lover",
    "artist": "Ruby Murray",
    "songTitle": "Let Me Go Lover"
}