{
    "rank": "uploads/position/1-pos-top40charts.png",
    "youTubeUrl": "http://www.youtube.com/results?search_query=Johnnie%20Ray%20-%20Just%20Walkin%27%20In%20The%20Rain",
    "artist": "Johnnie Ray",
    "songTitle": "Just Walkin' In The Rain"
},{
    "rank": "uploads/position/2-pos-top40charts.png",
    "youTubeUrl": "http://www.youtube.com/results?search_query=Doris%20Day%20-%20Whatever%20Will%20Be%20Will%20Be",
    "artist": "Doris Day",
    "songTitle": "Whatever Will Be Will Be"
},{
    "rank": "uploads/position/3-pos-top40charts.png",
    "youTubeUrl": "http://www.youtube.com/results?search_query=Ronnie%20Hilton%20-%20No%20Other%20Love",
    "artist": "Ronnie Hilton",
    "songTitle": "No Other Love"
},{
    "rank": "uploads/position/4-pos-top40charts.png",
    "youTubeUrl": "http://www.youtube.com/results?search_query=Pat%20Boone%20-%20I%27ll%20Be%20Home",
    "artist": "Pat Boone",
    "songTitle": "I'll Be Home"
},{
    "rank": "uploads/position/5-pos-top40charts.png",
    "youTubeUrl": "http://www.youtube.com/results?search_query=Frankie%20Laine%20-%20A%20Woman%20In%20Love",
    "artist": "Frankie Laine",
    "songTitle": "A Woman In Love"
},{
    "rank": "uploads/position/6-pos-top40charts.png",
    "youTubeUrl": "http://www.youtube.com/results?search_query=Dean%20Martin%20-%20Memories%20Are%20Made%20Of%20This",
    "artist": "Dean Martin",
    "songTitle": "Memories Are Made Of This"
},{
    "rank": "uploads/position/7-pos-top40charts.png",
    "youTubeUrl": "http://www.youtube.com/results?search_query=Anne%20Shelton%20-%20Lay%20Down%20Your%20Arms",
    "artist": "Anne Shelton",
    "songTitle": "Lay Down Your Arms"
},{
    "rank": "uploads/position/8-pos-top40charts.png",
    "youTubeUrl": "http://www.youtube.com/results?search_query=Tennessee%20Ernie%20Ford%20-%20Sixteen%20Tons",
    "artist": "Tennessee Ernie Ford",
    "songTitle": "Sixteen Tons"
},{
    "rank": "uploads/position/9-pos-top40charts.png",
    "youTubeUrl": "http://www.youtube.com/results?search_query=Dream%20Weavers%20-%20It%27s%20Almost%20Tomorrow",
    "artist": "Dream Weavers",
    "songTitle": "It's Almost Tomorrow"
},{
    "rank": "uploads/position/10-pos-top40charts.png",
    "youTubeUrl": "http://www.youtube.com/results?search_query=Winifred%20Atwell%20-%20Poor%20People%20Of%20Paris",
    "artist": "Winifred Atwell",
    "songTitle": "Poor People Of Paris"
},{
    "rank": "uploads/position/11-pos-top40charts.png",
    "youTubeUrl": "http://www.youtube.com/results?search_query=Kay%20Starr%20-%20Rock%20And%20Roll%20Waltz",
    "artist": "Kay Starr",
    "songTitle": "Rock And Roll Waltz"
},{
    "rank": "uploads/position/12-pos-top40charts.png",
    "youTubeUrl": "http://www.youtube.com/results?search_query=Lou%20Busch%20-%20Zambesi",
    "artist": "Lou Busch",
    "songTitle": "Zambesi"
},{
    "rank": "uploads/position/13-pos-top40charts.png",
    "youTubeUrl": "http://www.youtube.com/results?search_query=Elvis%20Presley%20-%20Hound%20Dog",
    "artist": "Elvis Presley",
    "songTitle": "Hound Dog"
},{
    "rank": "uploads/position/14-pos-top40charts.png",
    "youTubeUrl": "http://www.youtube.com/results?search_query=Frankie%20Vaughan%20-%20The%20Green%20Door",
    "artist": "Frankie Vaughan",
    "songTitle": "The Green Door"
},{
    "rank": "uploads/position/15-pos-top40charts.png",
    "youTubeUrl": "http://www.youtube.com/results?search_query=Lonnie%20Donegan%20-%20Lost%20John",
    "artist": "Lonnie Donegan",
    "songTitle": "Lost John"
},{
    "rank": "uploads/position/16-pos-top40charts.png",
    "youTubeUrl": "http://www.youtube.com/results?search_query=Bill%20Hayes%20-%20Ballad%20Of%20Davy%20Crockett",
    "artist": "Bill Hayes",
    "songTitle": "Ballad Of Davy Crockett"
},{
    "rank": "uploads/position/17-pos-top40charts.png",
    "youTubeUrl": "http://www.youtube.com/results?search_query=Elvis%20Presley%20-%20Heartbreak%20Hotel",
    "artist": "Elvis Presley",
    "songTitle": "Heartbreak Hotel"
},{
    "rank": "uploads/position/18-pos-top40charts.png",
    "youTubeUrl": "http://www.youtube.com/results?search_query=Tony%20Martin%20-%20Walk%20Hand%20In%20Hand",
    "artist": "Tony Martin",
    "songTitle": "Walk Hand In Hand"
},{
    "rank": "uploads/position/19-pos-top40charts.png",
    "youTubeUrl": "http://www.youtube.com/results?search_query=Teresa%20Brewer%20-%20A%20Tear%20Fell",
    "artist": "Teresa Brewer",
    "songTitle": "A Tear Fell"
},{
    "rank": "uploads/position/20-pos-top40charts.png",
    "youTubeUrl": "http://www.youtube.com/results?search_query=Max%20Bygraves%20-%20Meet%20Me%20On%20The%20Corner",
    "artist": "Max Bygraves",
    "songTitle": "Meet Me On The Corner"
},{
    "rank": "uploads/position/21-pos-top40charts.png",
    "youTubeUrl": "http://www.youtube.com/results?search_query=Frank%20Sinatra%20-%20(Love%20Is)%20The%20Tender%20Trap",
    "artist": "Frank Sinatra",
    "songTitle": "(Love Is) The Tender Trap"
},{
    "rank": "uploads/position/22-pos-top40charts.png",
    "youTubeUrl": "http://www.youtube.com/results?search_query=Various%20Artists%20-%20All%20-%20Star%20Hit%20Parade",
    "artist": "Various Artists",
    "songTitle": "All Star Hit Parade"
},{
    "rank": "uploads/position/23-pos-top40charts.png",
    "youTubeUrl": "http://www.youtube.com/results?search_query=Malcolm%20Vaughan%20-%20St%20Theresa%20Of%20The%20Roses",
    "artist": "Malcolm Vaughan",
    "songTitle": "St Theresa Of The Roses"
},{
    "rank": "uploads/position/24-pos-top40charts.png",
    "youTubeUrl": "http://www.youtube.com/results?search_query=Teresa%20Brewer%20-%20A%20Sweet%20Old%20Fashioned%20Girl",
    "artist": "Teresa Brewer",
    "songTitle": "A Sweet Old Fashioned Girl"
},{
    "rank": "uploads/position/25-pos-top40charts.png",
    "youTubeUrl": "http://www.youtube.com/results?search_query=Hilltoppers%20-%20Only%20You",
    "artist": "Hilltoppers",
    "songTitle": "Only You"
},{
    "rank": "uploads/position/26-pos-top40charts.png",
    "youTubeUrl": "http://www.youtube.com/results?search_query=Bill%20Haley%20His%20Comets%20-%20Rockin%27%20Through%20The%20Rye",
    "artist": "Bill Haley & His Comets",
    "songTitle": "Rockin' Through The Rye"
},{
    "rank": "uploads/position/27-pos-top40charts.png",
    "youTubeUrl": "http://www.youtube.com/results?search_query=David%20Whitfield%20-%20My%20September%20Love",
    "artist": "David Whitfield",
    "songTitle": "My September Love"
},{
    "rank": "uploads/position/28-pos-top40charts.png",
    "youTubeUrl": "http://www.youtube.com/results?search_query=The%20Goons%20-%20Bloodnok%27s%20Rock%20%27n%27%20Roll%20Call",
    "artist": "The Goons",
    "songTitle": "Bloodnok's Rock 'n' Roll Call"
},{
    "rank": "uploads/position/29-pos-top40charts.png",
    "youTubeUrl": "http://www.youtube.com/results?search_query=The%20Goons%20-%20The%20Ying%20Tong%20Song",
    "artist": "The Goons",
    "songTitle": "The Ying Tong Song"
},{
    "rank": "uploads/position/30-pos-top40charts.png",
    "youTubeUrl": "http://www.youtube.com/results?search_query=Frank%20Sinatra%20-%20Love%20And%20Marriage",
    "artist": "Frank Sinatra",
    "songTitle": "Love And Marriage"
},{
    "rank": "uploads/position/31-pos-top40charts.png",
    "youTubeUrl": "http://www.youtube.com/results?search_query=Tennessee%20Ernie%20Ford%20-%20The%20Ballad%20Of%20Davy%20Crockett",
    "artist": "Tennessee Ernie Ford",
    "songTitle": "The Ballad Of Davy Crockett"
},{
    "rank": "uploads/position/32-pos-top40charts.png",
    "youTubeUrl": "http://www.youtube.com/results?search_query=Platters%20-%20My%20Prayer",
    "artist": "Platters",
    "songTitle": "My Prayer"
},{
    "rank": "uploads/position/33-pos-top40charts.png",
    "youTubeUrl": "http://www.youtube.com/results?search_query=Bill%20Haley%20His%20Comets%20-%20Rip%20It%20Up",
    "artist": "Bill Haley & His Comets",
    "songTitle": "Rip It Up"
},{
    "rank": "uploads/position/34-pos-top40charts.png",
    "youTubeUrl": "http://www.youtube.com/results?search_query=Jimmy%20Young%20-%20More",
    "artist": "Jimmy Young",
    "songTitle": "More"
},{
    "rank": "uploads/position/35-pos-top40charts.png",
    "youTubeUrl": "http://www.youtube.com/results?search_query=Freddie%20Bell%20The%20Bellboys%20-%20Giddy%20Up%20A%20Ding",
    "artist": "Freddie Bell & The Bellboys",
    "songTitle": "Giddy Up A Ding"
},{
    "rank": "uploads/position/36-pos-top40charts.png",
    "youTubeUrl": "http://www.youtube.com/results?search_query=Bill%20Haley%20His%20Comets%20-%20Rock%20A%20Beatin%27%20Boogie",
    "artist": "Bill Haley & His Comets",
    "songTitle": "Rock A Beatin' Boogie"
},{
    "rank": "uploads/position/37-pos-top40charts.png",
    "youTubeUrl": "http://www.youtube.com/results?search_query=Perry%20Como%20-%20Hot%20Diggity%20(Dog%20Ziggity%20Boom)",
    "artist": "Perry Como",
    "songTitle": "Hot Diggity (Dog Ziggity Boom)"
},{
    "rank": "uploads/position/38-pos-top40charts.png",
    "youTubeUrl": "http://www.youtube.com/results?search_query=Mel%20Torme%20-%20Mountain%20Greenery",
    "artist": "Mel Torme",
    "songTitle": "Mountain Greenery"
},{
    "rank": "uploads/position/39-pos-top40charts.png",
    "youTubeUrl": "http://www.youtube.com/results?search_query=Stargazers%20-%20Twenty%20Tiny%20Fingers",
    "artist": "Stargazers",
    "songTitle": "Twenty Tiny Fingers"
}