{
    "rank": "uploads/position/1-pos-top40charts.png",
    "youTubeUrl": "http://www.youtube.com/results?search_query=Paul%20Anka%20-%20Diana",
    "artist": "Paul Anka",
    "songTitle": "Diana"
},{
    "rank": "uploads/position/2-pos-top40charts.png",
    "youTubeUrl": "http://www.youtube.com/results?search_query=Elvis%20Presley%20-%20All%20Shook%20Up",
    "artist": "Elvis Presley",
    "songTitle": "All Shook Up"
},{
    "rank": "uploads/position/3-pos-top40charts.png",
    "youTubeUrl": "http://www.youtube.com/results?search_query=Tab%20Hunter%20-%20Young%20Love",
    "artist": "Tab Hunter",
    "songTitle": "Young Love"
},{
    "rank": "uploads/position/4-pos-top40charts.png",
    "youTubeUrl": "http://www.youtube.com/results?search_query=Harry%20Belafonte%20-%20Mary%27s%20Boy%20Child",
    "artist": "Harry Belafonte",
    "songTitle": "Mary's Boy Child"
},{
    "rank": "uploads/position/5-pos-top40charts.png",
    "youTubeUrl": "http://www.youtube.com/results?search_query=Lonnie%20Donegan%20-%20Cumberland%20Gap",
    "artist": "Lonnie Donegan",
    "songTitle": "Cumberland Gap"
},{
    "rank": "uploads/position/6-pos-top40charts.png",
    "youTubeUrl": "http://www.youtube.com/results?search_query=Frankie%20Vaughan%20-%20Garden%20Of%20Eden",
    "artist": "Frankie Vaughan",
    "songTitle": "Garden Of Eden"
},{
    "rank": "uploads/position/7-pos-top40charts.png",
    "youTubeUrl": "http://www.youtube.com/results?search_query=Guy%20Mitchell%20-%20Singing%20The%20Blues",
    "artist": "Guy Mitchell",
    "songTitle": "Singing The Blues"
},{
    "rank": "uploads/position/8-pos-top40charts.png",
    "youTubeUrl": "http://www.youtube.com/results?search_query=Johnnie%20Ray%20-%20Yes%20Tonight%20Josephine",
    "artist": "Johnnie Ray",
    "songTitle": "Yes Tonight Josephine"
},{
    "rank": "uploads/position/9-pos-top40charts.png",
    "youTubeUrl": "http://www.youtube.com/results?search_query=The%20Crickets%20-%20That%27ll%20Be%20The%20Day",
    "artist": "The Crickets",
    "songTitle": "That'll Be The Day"
},{
    "rank": "uploads/position/10-pos-top40charts.png",
    "youTubeUrl": "http://www.youtube.com/results?search_query=Lonnie%20Donegan%20-%20Gamblin%27%20Man",
    "artist": "Lonnie Donegan",
    "songTitle": "Gamblin' Man"
},{
    "rank": "uploads/position/11-pos-top40charts.png",
    "youTubeUrl": "http://www.youtube.com/results?search_query=Lonnie%20Donegan%20-%20Puttin%27%20On%20The%20Style",
    "artist": "Lonnie Donegan",
    "songTitle": "Puttin' On The Style"
},{
    "rank": "uploads/position/12-pos-top40charts.png",
    "youTubeUrl": "http://www.youtube.com/results?search_query=Andy%20Williams%20-%20Butterfly",
    "artist": "Andy Williams",
    "songTitle": "Butterfly"
},{
    "rank": "uploads/position/13-pos-top40charts.png",
    "youTubeUrl": "http://www.youtube.com/results?search_query=Guy%20Mitchell%20-%20Rock%20-%20A%20-%20Billy",
    "artist": "Guy Mitchell",
    "songTitle": "Rock A Billy"
},{
    "rank": "uploads/position/14-pos-top40charts.png",
    "youTubeUrl": "http://www.youtube.com/results?search_query=Tommy%20Steele%20-%20Singing%20The%20Blues",
    "artist": "Tommy Steele",
    "songTitle": "Singing The Blues"
},{
    "rank": "uploads/position/15-pos-top40charts.png",
    "youTubeUrl": "http://www.youtube.com/results?search_query=Pat%20Boone%20-%20Love%20Letters%20In%20The%20Sand",
    "artist": "Pat Boone",
    "songTitle": "Love Letters In The Sand"
},{
    "rank": "uploads/position/16-pos-top40charts.png",
    "youTubeUrl": "http://www.youtube.com/results?search_query=Pat%20Boone%20-%20Don%27t%20Forbid%20Me",
    "artist": "Pat Boone",
    "songTitle": "Don't Forbid Me"
},{
    "rank": "uploads/position/17-pos-top40charts.png",
    "youTubeUrl": "http://www.youtube.com/results?search_query=Johnny%20Otis%20Show%20-%20Ma,%20He%27s%20Making%20Eyes%20At%20Me",
    "artist": "Johnny Otis Show",
    "songTitle": "Ma, He's Making Eyes At Me"
},{
    "rank": "uploads/position/18-pos-top40charts.png",
    "youTubeUrl": "http://www.youtube.com/results?search_query=Elvis%20Presley%20-%20Party",
    "artist": "Elvis Presley",
    "songTitle": "Party"
},{
    "rank": "uploads/position/19-pos-top40charts.png",
    "youTubeUrl": "http://www.youtube.com/results?search_query=Harry%20Belafonte%20-%20Banana%20Boat%20Song",
    "artist": "Harry Belafonte",
    "songTitle": "Banana Boat Song"
},{
    "rank": "uploads/position/20-pos-top40charts.png",
    "youTubeUrl": "http://www.youtube.com/results?search_query=Johnny%20Duncan%20The%20Blue%20Grass%20Boys%20-%20Last%20Train%20To",
    "artist": "Johnny Duncan & The Blue Grass Boys",
    "songTitle": "Last Train To"
},{
    "rank": "uploads/position/21-pos-top40charts.png",
    "youTubeUrl": "http://www.youtube.com/results?search_query=Jim%20Dale%20-%20Be%20My%20Girl",
    "artist": "Jim Dale",
    "songTitle": "Be My Girl"
},{
    "rank": "uploads/position/22-pos-top40charts.png",
    "youTubeUrl": "http://www.youtube.com/results?search_query=Everly%20Brothers%20-%20Wake%20Up%20Little%20Susie",
    "artist": "Everly Brothers",
    "songTitle": "Wake Up Little Susie"
},{
    "rank": "uploads/position/23-pos-top40charts.png",
    "youTubeUrl": "http://www.youtube.com/results?search_query=Nat%20%27king%27%20Cole%20-%20When%20I%20Fall%20In%20Love",
    "artist": "Nat 'king' Cole",
    "songTitle": "When I Fall In Love"
},{
    "rank": "uploads/position/24-pos-top40charts.png",
    "youTubeUrl": "http://www.youtube.com/results?search_query=Debbie%20Reynolds%20-%20Tammy",
    "artist": "Debbie Reynolds",
    "songTitle": "Tammy"
},{
    "rank": "uploads/position/25-pos-top40charts.png",
    "youTubeUrl": "http://www.youtube.com/results?search_query=Russ%20Hamilton%20-%20We%20Will%20Make%20Love",
    "artist": "Russ Hamilton",
    "songTitle": "We Will Make Love"
},{
    "rank": "uploads/position/26-pos-top40charts.png",
    "youTubeUrl": "http://www.youtube.com/results?search_query=Guy%20Mitchell%20-%20Knee%20Deep%20In%20The%20Blues",
    "artist": "Guy Mitchell",
    "songTitle": "Knee Deep In The Blues"
},{
    "rank": "uploads/position/27-pos-top40charts.png",
    "youTubeUrl": "http://www.youtube.com/results?search_query=Pat%20Boone%20-%20Friendly%20Persuasion",
    "artist": "Pat Boone",
    "songTitle": "Friendly Persuasion"
},{
    "rank": "uploads/position/28-pos-top40charts.png",
    "youTubeUrl": "http://www.youtube.com/results?search_query=Diamonds%20-%20Little%20Darlin%27",
    "artist": "Diamonds",
    "songTitle": "Little Darlin'"
},{
    "rank": "uploads/position/29-pos-top40charts.png",
    "youTubeUrl": "http://www.youtube.com/results?search_query=Elvis%20Presley%20-%20(Let%20Me%20Be%20Your)%20Teddy%20Bear",
    "artist": "Elvis Presley",
    "songTitle": "(Let Me Be Your) Teddy Bear"
},{
    "rank": "uploads/position/30-pos-top40charts.png",
    "youTubeUrl": "http://www.youtube.com/results?search_query=Malcolm%20Vaughan%20-%20My%20Special%20Angel",
    "artist": "Malcolm Vaughan",
    "songTitle": "My Special Angel"
},{
    "rank": "uploads/position/31-pos-top40charts.png",
    "youTubeUrl": "http://www.youtube.com/results?search_query=Harry%20Belafonte%20-%20Island%20In%20The%20Sun",
    "artist": "Harry Belafonte",
    "songTitle": "Island In The Sun"
},{
    "rank": "uploads/position/32-pos-top40charts.png",
    "youTubeUrl": "http://www.youtube.com/results?search_query=Paul%20Anka%20-%20I%20Love%20You%20Baby",
    "artist": "Paul Anka",
    "songTitle": "I Love You Baby"
},{
    "rank": "uploads/position/33-pos-top40charts.png",
    "youTubeUrl": "http://www.youtube.com/results?search_query=Little%20Richard%20-%20Long%20Tall%20Sally",
    "artist": "Little Richard",
    "songTitle": "Long Tall Sally"
},{
    "rank": "uploads/position/34-pos-top40charts.png",
    "youTubeUrl": "http://www.youtube.com/results?search_query=Ronnie%20Hilton%20-%20Around%20The%20World",
    "artist": "Ronnie Hilton",
    "songTitle": "Around The World"
},{
    "rank": "uploads/position/35-pos-top40charts.png",
    "youTubeUrl": "http://www.youtube.com/results?search_query=Bing%20Crosby%20Grace%20Kelly%20-%20True%20Love",
    "artist": "Bing Crosby & Grace Kelly",
    "songTitle": "True Love"
},{
    "rank": "uploads/position/36-pos-top40charts.png",
    "youTubeUrl": "http://www.youtube.com/results?search_query=Lonnie%20Donegan%20-%20Don%27t%20You%20Rock%20Me%20Daddy%20O",
    "artist": "Lonnie Donegan",
    "songTitle": "Don't You Rock Me Daddy O"
},{
    "rank": "uploads/position/37-pos-top40charts.png",
    "youTubeUrl": "http://www.youtube.com/results?search_query=Petula%20Clark%20-%20With%20All%20My%20Heart",
    "artist": "Petula Clark",
    "songTitle": "With All My Heart"
},{
    "rank": "uploads/position/38-pos-top40charts.png",
    "youTubeUrl": "http://www.youtube.com/results?search_query=Teenagers%20Featuring%20Frankie%20Lymon%20-%20Baby,%20Baby",
    "artist": "Teenagers Featuring Frankie Lymon",
    "songTitle": "Baby, Baby"
},{
    "rank": "uploads/position/39-pos-top40charts.png",
    "youTubeUrl": "http://www.youtube.com/results?search_query=Winifred%20Atwell%20-%20Let%27s%20Have%20A%20Ball",
    "artist": "Winifred Atwell",
    "songTitle": "Let's Have A Ball"
},{
    "rank": "uploads/position/40-pos-top40charts.png",
    "youTubeUrl": "http://www.youtube.com/results?search_query=Pat%20Boone%20-%20Remember%20You%27re%20Mine",
    "artist": "Pat Boone",
    "songTitle": "Remember You're Mine"
}