{
    "rank": "uploads/position/1-pos-top40charts.png",
    "youTubeUrl": "http://www.youtube.com/results?search_query=Perry%20Como%20-%20Magic%20Moments",
    "artist": "Perry Como",
    "songTitle": "Magic Moments"
},{
    "rank": "uploads/position/2-pos-top40charts.png",
    "youTubeUrl": "http://www.youtube.com/results?search_query=The%20Everly%20Brothers%20-%20All%20I%20Have%20To%20Do%20Is%20Dream",
    "artist": "The Everly Brothers",
    "songTitle": "All I Have To Do Is Dream"
},{
    "rank": "uploads/position/3-pos-top40charts.png",
    "youTubeUrl": "http://www.youtube.com/results?search_query=The%20Everly%20Brothers%20-%20Claudette",
    "artist": "The Everly Brothers",
    "songTitle": "Claudette"
},{
    "rank": "uploads/position/4-pos-top40charts.png",
    "youTubeUrl": "http://www.youtube.com/results?search_query=Connie%20Francis%20-%20Who%27s%20Sorry%20Now",
    "artist": "Connie Francis",
    "songTitle": "Who's Sorry Now"
},{
    "rank": "uploads/position/5-pos-top40charts.png",
    "youTubeUrl": "http://www.youtube.com/results?search_query=Connie%20Francis%20-%20Carolina%20Moon",
    "artist": "Connie Francis",
    "songTitle": "Carolina Moon"
},{
    "rank": "uploads/position/6-pos-top40charts.png",
    "youTubeUrl": "http://www.youtube.com/results?search_query=Connie%20Francis%20-%20Stupid%20Cupid",
    "artist": "Connie Francis",
    "songTitle": "Stupid Cupid"
},{
    "rank": "uploads/position/7-pos-top40charts.png",
    "youTubeUrl": "http://www.youtube.com/results?search_query=Kalin%20Twins%20-%20When",
    "artist": "Kalin Twins",
    "songTitle": "When"
},{
    "rank": "uploads/position/8-pos-top40charts.png",
    "youTubeUrl": "http://www.youtube.com/results?search_query=Conway%20Twitty%20-%20It%27s%20Only%20Make%20Believe",
    "artist": "Conway Twitty",
    "songTitle": "It's Only Make Believe"
},{
    "rank": "uploads/position/9-pos-top40charts.png",
    "youTubeUrl": "http://www.youtube.com/results?search_query=Lord%20Rockingham%27s%20Xi%20-%20Hoots%20Mon",
    "artist": "Lord Rockingham's Xi",
    "songTitle": "Hoots Mon"
},{
    "rank": "uploads/position/10-pos-top40charts.png",
    "youTubeUrl": "http://www.youtube.com/results?search_query=Tommy%20Edwards%20-%20It%27s%20All%20In%20The%20Game",
    "artist": "Tommy Edwards",
    "songTitle": "It's All In The Game"
},{
    "rank": "uploads/position/11-pos-top40charts.png",
    "youTubeUrl": "http://www.youtube.com/results?search_query=Marvin%20Rainwater%20-%20Whole%20Lotta%20Woman",
    "artist": "Marvin Rainwater",
    "songTitle": "Whole Lotta Woman"
},{
    "rank": "uploads/position/12-pos-top40charts.png",
    "youTubeUrl": "http://www.youtube.com/results?search_query=Elvis%20Presley%20-%20Jailhouse%20Rock",
    "artist": "Elvis Presley",
    "songTitle": "Jailhouse Rock"
},{
    "rank": "uploads/position/13-pos-top40charts.png",
    "youTubeUrl": "http://www.youtube.com/results?search_query=Michael%20Holliday%20-%20The%20Story%20Of%20My%20Life",
    "artist": "Michael Holliday",
    "songTitle": "The Story Of My Life"
},{
    "rank": "uploads/position/14-pos-top40charts.png",
    "youTubeUrl": "http://www.youtube.com/results?search_query=Vic%20Damone%20-%20On%20The%20Street%20Where%20You%20Live",
    "artist": "Vic Damone",
    "songTitle": "On The Street Where You Live"
},{
    "rank": "uploads/position/15-pos-top40charts.png",
    "youTubeUrl": "http://www.youtube.com/results?search_query=Jerry%20Lee%20Lewis%20-%20Great%20Balls%20Of%20Fire",
    "artist": "Jerry Lee Lewis",
    "songTitle": "Great Balls Of Fire"
},{
    "rank": "uploads/position/16-pos-top40charts.png",
    "youTubeUrl": "http://www.youtube.com/results?search_query=Elias%20His%20Zig%20Zag%20Jive%20Flutes%20-%20Tom%20Hark",
    "artist": "Elias & His Zig Zag Jive Flutes",
    "songTitle": "Tom Hark"
},{
    "rank": "uploads/position/17-pos-top40charts.png",
    "youTubeUrl": "http://www.youtube.com/results?search_query=Dean%20Martin%20-%20Volare%20(Nel%20Blu%20Dipinto%20Di%20Blu)",
    "artist": "Dean Martin",
    "songTitle": "Volare (Nel Blu Dipinto Di Blu)"
},{
    "rank": "uploads/position/18-pos-top40charts.png",
    "youTubeUrl": "http://www.youtube.com/results?search_query=Marino%20Marini%20Quartet%20-%20Come%20Prima",
    "artist": "Marino Marini Quartet",
    "songTitle": "Come Prima"
},{
    "rank": "uploads/position/19-pos-top40charts.png",
    "youTubeUrl": "http://www.youtube.com/results?search_query=The%20Four%20Preps%20-%20Big%20Man",
    "artist": "The Four Preps",
    "songTitle": "Big Man"
},{
    "rank": "uploads/position/20-pos-top40charts.png",
    "youTubeUrl": "http://www.youtube.com/results?search_query=Elvis%20Presley%20-%20Hard%20Headed%20Woman",
    "artist": "Elvis Presley",
    "songTitle": "Hard Headed Woman"
},{
    "rank": "uploads/position/21-pos-top40charts.png",
    "youTubeUrl": "http://www.youtube.com/results?search_query=Dean%20Martin%20-%20Return%20To%20Me",
    "artist": "Dean Martin",
    "songTitle": "Return To Me"
},{
    "rank": "uploads/position/22-pos-top40charts.png",
    "youTubeUrl": "http://www.youtube.com/results?search_query=Pat%20Boone%20-%20A%20Wonderful%20Time%20Up%20There",
    "artist": "Pat Boone",
    "songTitle": "A Wonderful Time Up There"
},{
    "rank": "uploads/position/23-pos-top40charts.png",
    "youTubeUrl": "http://www.youtube.com/results?search_query=The%20Everly%20Brothers%20-%20Bird%20Dog",
    "artist": "The Everly Brothers",
    "songTitle": "Bird Dog"
},{
    "rank": "uploads/position/24-pos-top40charts.png",
    "youTubeUrl": "http://www.youtube.com/results?search_query=Cliff%20Richard%20-%20Move%20It",
    "artist": "Cliff Richard",
    "songTitle": "Move It"
},{
    "rank": "uploads/position/25-pos-top40charts.png",
    "youTubeUrl": "http://www.youtube.com/results?search_query=Elvis%20Presley%20-%20King%20Creole",
    "artist": "Elvis Presley",
    "songTitle": "King Creole"
},{
    "rank": "uploads/position/26-pos-top40charts.png",
    "youTubeUrl": "http://www.youtube.com/results?search_query=Elvis%20Presley%20-%20Don%27t",
    "artist": "Elvis Presley",
    "songTitle": "Don't"
},{
    "rank": "uploads/position/27-pos-top40charts.png",
    "youTubeUrl": "http://www.youtube.com/results?search_query=The%20Mudlarks%20-%20Lollipop",
    "artist": "The Mudlarks",
    "songTitle": "Lollipop"
},{
    "rank": "uploads/position/28-pos-top40charts.png",
    "youTubeUrl": "http://www.youtube.com/results?search_query=Lonnie%20Donegan%20-%20Tom%20Dooley",
    "artist": "Lonnie Donegan",
    "songTitle": "Tom Dooley"
},{
    "rank": "uploads/position/29-pos-top40charts.png",
    "youTubeUrl": "http://www.youtube.com/results?search_query=Max%20Bygraves%20-%20You%20Need%20Hands",
    "artist": "Max Bygraves",
    "songTitle": "You Need Hands"
},{
    "rank": "uploads/position/30-pos-top40charts.png",
    "youTubeUrl": "http://www.youtube.com/results?search_query=Max%20Bygraves%20-%20Tulips%20From%20Amsterdam",
    "artist": "Max Bygraves",
    "songTitle": "Tulips From Amsterdam"
},{
    "rank": "uploads/position/31-pos-top40charts.png",
    "youTubeUrl": "http://www.youtube.com/results?search_query=Ted%20Heath%20His%20Music%20-%20Swingin%27%20Shepherd%20Blues",
    "artist": "Ted Heath & His Music",
    "songTitle": "Swingin' Shepherd Blues"
},{
    "rank": "uploads/position/32-pos-top40charts.png",
    "youTubeUrl": "http://www.youtube.com/results?search_query=Frank%20Sinatra%20-%20All%20The%20Way",
    "artist": "Frank Sinatra",
    "songTitle": "All The Way"
},{
    "rank": "uploads/position/33-pos-top40charts.png",
    "youTubeUrl": "http://www.youtube.com/results?search_query=The%20Crickets%20-%20Oh%20Boy!",
    "artist": "The Crickets",
    "songTitle": "Oh Boy!"
},{
    "rank": "uploads/position/34-pos-top40charts.png",
    "youTubeUrl": "http://www.youtube.com/results?search_query=Tommy%20Steele%20-%20Nairobi",
    "artist": "Tommy Steele",
    "songTitle": "Nairobi"
},{
    "rank": "uploads/position/35-pos-top40charts.png",
    "youTubeUrl": "http://www.youtube.com/results?search_query=Danny%20The%20Juniors%20-%20At%20The%20Hop",
    "artist": "Danny & The Juniors",
    "songTitle": "At The Hop"
},{
    "rank": "uploads/position/36-pos-top40charts.png",
    "youTubeUrl": "http://www.youtube.com/results?search_query=The%20Platters%20-%20Twilight%20Time",
    "artist": "The Platters",
    "songTitle": "Twilight Time"
},{
    "rank": "uploads/position/37-pos-top40charts.png",
    "youTubeUrl": "http://www.youtube.com/results?search_query=Michael%20Holliday%20-%20Stairway%20Of%20Love",
    "artist": "Michael Holliday",
    "songTitle": "Stairway Of Love"
},{
    "rank": "uploads/position/38-pos-top40charts.png",
    "youTubeUrl": "http://www.youtube.com/results?search_query=Elvis%20Presley%20-%20Wear%20My%20Ring%20Around%20Your%20Neck",
    "artist": "Elvis Presley",
    "songTitle": "Wear My Ring Around Your Neck"
},{
    "rank": "uploads/position/39-pos-top40charts.png",
    "youTubeUrl": "http://www.youtube.com/results?search_query=Johnny%20Mathis%20-%20A%20Certain%20Smile",
    "artist": "Johnny Mathis",
    "songTitle": "A Certain Smile"
},{
    "rank": "uploads/position/40-pos-top40charts.png",
    "youTubeUrl": "http://www.youtube.com/results?search_query=Marty%20Wilde%20-%20Endless%20Sleep",
    "artist": "Marty Wilde",
    "songTitle": "Endless Sleep"
}