{
    "rank": "uploads/position/1-pos-top40charts.png",
    "youTubeUrl": "http://www.youtube.com/results?search_query=Emile%20Ford%20The%20Checkmates%20-%20What%20Do%20You%20Want",
    "artist": "Emile Ford & The Checkmates",
    "songTitle": "What Do You Want"
},{
    "rank": "uploads/position/2-pos-top40charts.png",
    "youTubeUrl": "http://www.youtube.com/results?search_query=Cliff%20Richard%20-%20Living%20Doll",
    "artist": "Cliff Richard",
    "songTitle": "Living Doll"
},{
    "rank": "uploads/position/3-pos-top40charts.png",
    "youTubeUrl": "http://www.youtube.com/results?search_query=Cliff%20Richard%20-%20Travellin%27%20Light",
    "artist": "Cliff Richard",
    "songTitle": "Travellin' Light"
},{
    "rank": "uploads/position/4-pos-top40charts.png",
    "youTubeUrl": "http://www.youtube.com/results?search_query=Elvis%20Presley%20-%20A%20Fool%20Such%20As%20I",
    "artist": "Elvis Presley",
    "songTitle": "A Fool Such As I"
},{
    "rank": "uploads/position/5-pos-top40charts.png",
    "youTubeUrl": "http://www.youtube.com/results?search_query=Elvis%20Presley%20-%20I%20Need%20Your%20Love%20Tonight",
    "artist": "Elvis Presley",
    "songTitle": "I Need Your Love Tonight"
},{
    "rank": "uploads/position/6-pos-top40charts.png",
    "youTubeUrl": "http://www.youtube.com/results?search_query=Russ%20Conway%20-%20Side%20Saddle",
    "artist": "Russ Conway",
    "songTitle": "Side Saddle"
},{
    "rank": "uploads/position/7-pos-top40charts.png",
    "youTubeUrl": "http://www.youtube.com/results?search_query=Bobby%20Darin%20-%20Dream%20Lover",
    "artist": "Bobby Darin",
    "songTitle": "Dream Lover"
},{
    "rank": "uploads/position/8-pos-top40charts.png",
    "youTubeUrl": "http://www.youtube.com/results?search_query=Shirley%20Bassey%20-%20As%20I%20Love%20You",
    "artist": "Shirley Bassey",
    "songTitle": "As I Love You"
},{
    "rank": "uploads/position/9-pos-top40charts.png",
    "youTubeUrl": "http://www.youtube.com/results?search_query=Craig%20Douglas%20-%20Only%20Sixteen",
    "artist": "Craig Douglas",
    "songTitle": "Only Sixteen"
},{
    "rank": "uploads/position/10-pos-top40charts.png",
    "youTubeUrl": "http://www.youtube.com/results?search_query=Buddy%20Holly%20-%20It%20Doesn%27t%20Matter%20Anymore",
    "artist": "Buddy Holly",
    "songTitle": "It Doesn't Matter Anymore"
},{
    "rank": "uploads/position/11-pos-top40charts.png",
    "youTubeUrl": "http://www.youtube.com/results?search_query=Adam%20Faith%20-%20What%20Do%20You%20Want",
    "artist": "Adam Faith",
    "songTitle": "What Do You Want"
},{
    "rank": "uploads/position/12-pos-top40charts.png",
    "youTubeUrl": "http://www.youtube.com/results?search_query=Elvis%20Presley%20-%20I%20Got%20Stung",
    "artist": "Elvis Presley",
    "songTitle": "I Got Stung"
},{
    "rank": "uploads/position/13-pos-top40charts.png",
    "youTubeUrl": "http://www.youtube.com/results?search_query=Elvis%20Presley%20-%20One%20Night",
    "artist": "Elvis Presley",
    "songTitle": "One Night"
},{
    "rank": "uploads/position/14-pos-top40charts.png",
    "youTubeUrl": "http://www.youtube.com/results?search_query=Russ%20Conway%20-%20Roulette",
    "artist": "Russ Conway",
    "songTitle": "Roulette"
},{
    "rank": "uploads/position/15-pos-top40charts.png",
    "youTubeUrl": "http://www.youtube.com/results?search_query=Bobby%20Darin%20-%20Mack%20The%20Knife",
    "artist": "Bobby Darin",
    "songTitle": "Mack The Knife"
},{
    "rank": "uploads/position/16-pos-top40charts.png",
    "youTubeUrl": "http://www.youtube.com/results?search_query=The%20Platters%20-%20Smoke%20Gets%20In%20Your%20Eyes",
    "artist": "The Platters",
    "songTitle": "Smoke Gets In Your Eyes"
},{
    "rank": "uploads/position/17-pos-top40charts.png",
    "youTubeUrl": "http://www.youtube.com/results?search_query=Jane%20Morgan%20-%20The%20Day%20The%20Rains%20Came",
    "artist": "Jane Morgan",
    "songTitle": "The Day The Rains Came"
},{
    "rank": "uploads/position/18-pos-top40charts.png",
    "youTubeUrl": "http://www.youtube.com/results?search_query=Jerry%20Keller%20-%20Here%20Comes%20Summer",
    "artist": "Jerry Keller",
    "songTitle": "Here Comes Summer"
},{
    "rank": "uploads/position/19-pos-top40charts.png",
    "youTubeUrl": "http://www.youtube.com/results?search_query=Lonnie%20Donegan%20-%20The%20Battle%20Of%20New%20Orleans",
    "artist": "Lonnie Donegan",
    "songTitle": "The Battle Of New Orleans"
},{
    "rank": "uploads/position/20-pos-top40charts.png",
    "youTubeUrl": "http://www.youtube.com/results?search_query=Marty%20Wilde%20-%20A%20Teenager%20In%20Love",
    "artist": "Marty Wilde",
    "songTitle": "A Teenager In Love"
},{
    "rank": "uploads/position/21-pos-top40charts.png",
    "youTubeUrl": "http://www.youtube.com/results?search_query=Teddy%20Bears%20-%20To%20Know%20Him%20Is%20To%20Love%20Him",
    "artist": "Teddy Bears",
    "songTitle": "To Know Him Is To Love Him"
},{
    "rank": "uploads/position/22-pos-top40charts.png",
    "youTubeUrl": "http://www.youtube.com/results?search_query=Everly%20Brothers%20-%20(%27til)%20I%20Kissed%20You",
    "artist": "Everly Brothers",
    "songTitle": "('til) I Kissed You"
},{
    "rank": "uploads/position/23-pos-top40charts.png",
    "youTubeUrl": "http://www.youtube.com/results?search_query=Little%20Richard%20-%20Baby%20Face",
    "artist": "Little Richard",
    "songTitle": "Baby Face"
},{
    "rank": "uploads/position/24-pos-top40charts.png",
    "youTubeUrl": "http://www.youtube.com/results?search_query=Neil%20Sedaka%20-%20Oh%20Carol",
    "artist": "Neil Sedaka",
    "songTitle": "Oh Carol"
},{
    "rank": "uploads/position/25-pos-top40charts.png",
    "youTubeUrl": "http://www.youtube.com/results?search_query=Chris%20Barber%20-%20Petite%20Fleur",
    "artist": "Chris Barber",
    "songTitle": "Petite Fleur"
},{
    "rank": "uploads/position/26-pos-top40charts.png",
    "youTubeUrl": "http://www.youtube.com/results?search_query=Paul%20Anka%20-%20Lonely%20Boy",
    "artist": "Paul Anka",
    "songTitle": "Lonely Boy"
},{
    "rank": "uploads/position/27-pos-top40charts.png",
    "youTubeUrl": "http://www.youtube.com/results?search_query=Ricky%20Nelson%20-%20It%27s%20Late",
    "artist": "Ricky Nelson",
    "songTitle": "It's Late"
},{
    "rank": "uploads/position/28-pos-top40charts.png",
    "youTubeUrl": "http://www.youtube.com/results?search_query=Shirley%20Bassey%20-%20Kiss%20Me%20Honey%20Honey%20Kiss%20Me",
    "artist": "Shirley Bassey",
    "songTitle": "Kiss Me Honey Honey Kiss Me"
},{
    "rank": "uploads/position/29-pos-top40charts.png",
    "youTubeUrl": "http://www.youtube.com/results?search_query=Slim%20Dusty%20-%20A%20Pub%20With%20No%20Beer",
    "artist": "Slim Dusty",
    "songTitle": "A Pub With No Beer"
},{
    "rank": "uploads/position/30-pos-top40charts.png",
    "youTubeUrl": "http://www.youtube.com/results?search_query=Marty%20Wilde%20-%20Sea%20Of%20Love",
    "artist": "Marty Wilde",
    "songTitle": "Sea Of Love"
},{
    "rank": "uploads/position/31-pos-top40charts.png",
    "youTubeUrl": "http://www.youtube.com/results?search_query=Connie%20Francis%20-%20Lipstick%20On%20Your%20Collar",
    "artist": "Connie Francis",
    "songTitle": "Lipstick On Your Collar"
},{
    "rank": "uploads/position/32-pos-top40charts.png",
    "youTubeUrl": "http://www.youtube.com/results?search_query=Anthony%20Newley%20-%20I%27ve%20Waited%20So%20Long",
    "artist": "Anthony Newley",
    "songTitle": "I've Waited So Long"
},{
    "rank": "uploads/position/33-pos-top40charts.png",
    "youTubeUrl": "http://www.youtube.com/results?search_query=Johnny%20The%20Hurricanes%20-%20Red%20River%20Rock",
    "artist": "Johnny & The Hurricanes",
    "songTitle": "Red River Rock"
},{
    "rank": "uploads/position/34-pos-top40charts.png",
    "youTubeUrl": "http://www.youtube.com/results?search_query=Tommy%20Dorsey%20Orchestra%20-%20Tea%20For%20Two%20Cha%20Cha",
    "artist": "Tommy Dorsey Orchestra",
    "songTitle": "Tea For Two Cha Cha"
},{
    "rank": "uploads/position/35-pos-top40charts.png",
    "youTubeUrl": "http://www.youtube.com/results?search_query=Marty%20Wilde%20-%20Donna",
    "artist": "Marty Wilde",
    "songTitle": "Donna"
},{
    "rank": "uploads/position/36-pos-top40charts.png",
    "youTubeUrl": "http://www.youtube.com/results?search_query=Lonnie%20Donegan%20-%20Does%20Your%20Chewing%20Gum%20Lose%20It%27s%20Flavour",
    "artist": "Lonnie Donegan",
    "songTitle": "Does Your Chewing Gum Lose It's Flavour"
},{
    "rank": "uploads/position/37-pos-top40charts.png",
    "youTubeUrl": "http://www.youtube.com/results?search_query=Connie%20Francis%20-%20My%20Happiness",
    "artist": "Connie Francis",
    "songTitle": "My Happiness"
},{
    "rank": "uploads/position/38-pos-top40charts.png",
    "youTubeUrl": "http://www.youtube.com/results?search_query=Elvis%20Presley%20-%20A%20Big%20Hunk%20O%27%20Love",
    "artist": "Elvis Presley",
    "songTitle": "A Big Hunk O' Love"
},{
    "rank": "uploads/position/39-pos-top40charts.png",
    "youTubeUrl": "http://www.youtube.com/results?search_query=Russ%20Conway%20-%20China%20Tea",
    "artist": "Russ Conway",
    "songTitle": "China Tea"
},{
    "rank": "uploads/position/40-pos-top40charts.png",
    "youTubeUrl": "http://www.youtube.com/results?search_query=Kingston%20Trio%20-%20Tom%20Dooley",
    "artist": "Kingston Trio",
    "songTitle": "Tom Dooley"
}